{"time":"2026-06-01T15:00:01.764Z","level":"DEBUG","tag":"service-server:WebSocketHandler","msg":"클라이언트 연결됨 [object Object]"}
{"time":"2026-06-01T15:00:01.769Z","level":"DEBUG","tag":"service-server:WebSocketHandler","msg":"요청 수신됨 [object Object]"}
{"time":"2026-06-01T15:00:01.769Z","level":"DEBUG","tag":"service-server:WebSocketHandler","msg":"응답 전송됨 (크기: 40)"}
{"time":"2026-06-01T15:00:01.773Z","level":"DEBUG","tag":"service-server:WebSocketHandler","msg":"요청 수신됨 [object Object]"}
{"time":"2026-06-01T15:00:01.773Z","level":"DEBUG","tag":"service-server:WebSocketHandler","msg":"응답 전송됨 (크기: 40)"}
{"time":"2026-06-01T15:02:01.765Z","level":"DEBUG","tag":"service-server:WebSocketHandler","msg":"클라이언트 연결 해제됨: (code: 1005)"}
{"time":"2026-06-01T15:03:01.774Z","level":"DEBUG","tag":"service-server:WebSocketHandler","msg":"클라이언트 연결됨 [object Object]"}
{"time":"2026-06-01T15:03:01.779Z","level":"DEBUG","tag":"service-server:WebSocketHandler","msg":"요청 수신됨 [object Object]"}
{"time":"2026-06-01T15:03:01.781Z","level":"DEBUG","tag":"service-server:WebSocketHandler","msg":"응답 전송됨 (크기: 40)"}
{"time":"2026-06-01T15:03:01.785Z","level":"DEBUG","tag":"service-server:WebSocketHandler","msg":"요청 수신됨 [object Object]"}
{"time":"2026-06-01T15:03:01.785Z","level":"DEBUG","tag":"service-server:WebSocketHandler","msg":"응답 전송됨 (크기: 40)"}
{"time":"2026-06-01T15:05:01.763Z","level":"DEBUG","tag":"service-server:WebSocketHandler","msg":"클라이언트 연결 해제됨: (code: 1005)"}
{"time":"2026-06-01T15:06:01.779Z","level":"DEBUG","tag":"service-server:WebSocketHandler","msg":"클라이언트 연결됨 [object Object]"}
{"time":"2026-06-01T15:06:01.784Z","level":"DEBUG","tag":"service-server:WebSocketHandler","msg":"요청 수신됨 [object Object]"}
{"time":"2026-06-01T15:06:01.786Z","level":"DEBUG","tag":"service-server:WebSocketHandler","msg":"응답 전송됨 (크기: 40)"}
{"time":"2026-06-01T15:06:01.791Z","level":"DEBUG","tag":"service-server:WebSocketHandler","msg":"요청 수신됨 [object Object]"}
{"time":"2026-06-01T15:06:01.791Z","level":"DEBUG","tag":"service-server:WebSocketHandler","msg":"응답 전송됨 (크기: 40)"}
{"time":"2026-06-01T15:08:01.768Z","level":"DEBUG","tag":"service-server:WebSocketHandler","msg":"클라이언트 연결 해제됨: (code: 1005)"}
{"time":"2026-06-01T15:09:01.780Z","level":"DEBUG","tag":"service-server:WebSocketHandler","msg":"클라이언트 연결됨 [object Object]"}
{"time":"2026-06-01T15:09:01.786Z","level":"DEBUG","tag":"service-server:WebSocketHandler","msg":"요청 수신됨 [object Object]"}
{"time":"2026-06-01T15:09:01.788Z","level":"DEBUG","tag":"service-server:WebSocketHandler","msg":"응답 전송됨 (크기: 40)"}
{"time":"2026-06-01T15:09:01.794Z","level":"DEBUG","tag":"service-server:WebSocketHandler","msg":"요청 수신됨 [object Object]"}
{"time":"2026-06-01T15:09:01.794Z","level":"DEBUG","tag":"service-server:WebSocketHandler","msg":"응답 전송됨 (크기: 40)"}
{"time":"2026-06-01T15:11:01.781Z","level":"DEBUG","tag":"service-server:WebSocketHandler","msg":"클라이언트 연결 해제됨: (code: 1005)"}
{"time":"2026-06-01T15:12:01.789Z","level":"DEBUG","tag":"service-server:WebSocketHandler","msg":"클라이언트 연결됨 [object Object]"}
{"time":"2026-06-01T15:12:01.794Z","level":"DEBUG","tag":"service-server:WebSocketHandler","msg":"요청 수신됨 [object Object]"}
{"time":"2026-06-01T15:12:01.795Z","level":"DEBUG","tag":"service-server:WebSocketHandler","msg":"응답 전송됨 (크기: 40)"}
{"time":"2026-06-01T15:12:01.799Z","level":"DEBUG","tag":"service-server:WebSocketHandler","msg":"요청 수신됨 [object Object]"}
{"time":"2026-06-01T15:12:01.800Z","level":"DEBUG","tag":"service-server:WebSocketHandler","msg":"응답 전송됨 (크기: 40)"}
{"time":"2026-06-01T15:14:01.786Z","level":"DEBUG","tag":"service-server:WebSocketHandler","msg":"클라이언트 연결 해제됨: (code: 1005)"}
{"time":"2026-06-01T15:15:01.785Z","level":"DEBUG","tag":"service-server:WebSocketHandler","msg":"클라이언트 연결됨 [object Object]"}
{"time":"2026-06-01T15:15:01.790Z","level":"DEBUG","tag":"service-server:WebSocketHandler","msg":"요청 수신됨 [object Object]"}
{"time":"2026-06-01T15:15:01.791Z","level":"DEBUG","tag":"service-server:WebSocketHandler","msg":"응답 전송됨 (크기: 40)"}
{"time":"2026-06-01T15:15:01.795Z","level":"DEBUG","tag":"service-server:WebSocketHandler","msg":"요청 수신됨 [object Object]"}
{"time":"2026-06-01T15:15:01.795Z","level":"DEBUG","tag":"service-server:WebSocketHandler","msg":"응답 전송됨 (크기: 40)"}
{"time":"2026-06-01T15:17:01.789Z","level":"DEBUG","tag":"service-server:WebSocketHandler","msg":"클라이언트 연결 해제됨: (code: 1005)"}
{"time":"2026-06-01T15:18:01.787Z","level":"DEBUG","tag":"service-server:WebSocketHandler","msg":"클라이언트 연결됨 [object Object]"}
{"time":"2026-06-01T15:18:01.792Z","level":"DEBUG","tag":"service-server:WebSocketHandler","msg":"요청 수신됨 [object Object]"}
{"time":"2026-06-01T15:18:01.794Z","level":"DEBUG","tag":"service-server:WebSocketHandler","msg":"응답 전송됨 (크기: 40)"}
{"time":"2026-06-01T15:18:01.798Z","level":"DEBUG","tag":"service-server:WebSocketHandler","msg":"요청 수신됨 [object Object]"}
{"time":"2026-06-01T15:18:01.798Z","level":"DEBUG","tag":"service-server:WebSocketHandler","msg":"응답 전송됨 (크기: 40)"}
{"time":"2026-06-01T15:20:01.787Z","level":"DEBUG","tag":"service-server:WebSocketHandler","msg":"클라이언트 연결 해제됨: (code: 1005)"}
{"time":"2026-06-01T15:21:01.794Z","level":"DEBUG","tag":"service-server:WebSocketHandler","msg":"클라이언트 연결됨 [object Object]"}
{"time":"2026-06-01T15:21:01.799Z","level":"DEBUG","tag":"service-server:WebSocketHandler","msg":"요청 수신됨 [object Object]"}
{"time":"2026-06-01T15:21:01.801Z","level":"DEBUG","tag":"service-server:WebSocketHandler","msg":"응답 전송됨 (크기: 40)"}
{"time":"2026-06-01T15:21:01.805Z","level":"DEBUG","tag":"service-server:WebSocketHandler","msg":"요청 수신됨 [object Object]"}
{"time":"2026-06-01T15:21:01.805Z","level":"DEBUG","tag":"service-server:WebSocketHandler","msg":"응답 전송됨 (크기: 40)"}
{"time":"2026-06-01T15:23:01.793Z","level":"DEBUG","tag":"service-server:WebSocketHandler","msg":"클라이언트 연결 해제됨: (code: 1005)"}
{"time":"2026-06-01T15:24:01.804Z","level":"DEBUG","tag":"service-server:WebSocketHandler","msg":"클라이언트 연결됨 [object Object]"}
{"time":"2026-06-01T15:24:01.810Z","level":"DEBUG","tag":"service-server:WebSocketHandler","msg":"요청 수신됨 [object Object]"}
{"time":"2026-06-01T15:24:01.811Z","level":"DEBUG","tag":"service-server:WebSocketHandler","msg":"응답 전송됨 (크기: 40)"}
{"time":"2026-06-01T15:24:01.817Z","level":"DEBUG","tag":"service-server:WebSocketHandler","msg":"요청 수신됨 [object Object]"}
{"time":"2026-06-01T15:24:01.817Z","level":"DEBUG","tag":"service-server:WebSocketHandler","msg":"응답 전송됨 (크기: 40)"}
{"time":"2026-06-01T15:26:01.789Z","level":"DEBUG","tag":"service-server:WebSocketHandler","msg":"클라이언트 연결 해제됨: (code: 1005)"}
{"time":"2026-06-01T15:27:01.798Z","level":"DEBUG","tag":"service-server:WebSocketHandler","msg":"클라이언트 연결됨 [object Object]"}
{"time":"2026-06-01T15:27:01.803Z","level":"DEBUG","tag":"service-server:WebSocketHandler","msg":"요청 수신됨 [object Object]"}
{"time":"2026-06-01T15:27:01.804Z","level":"DEBUG","tag":"service-server:WebSocketHandler","msg":"응답 전송됨 (크기: 40)"}
{"time":"2026-06-01T15:27:01.808Z","level":"DEBUG","tag":"service-server:WebSocketHandler","msg":"요청 수신됨 [object Object]"}
{"time":"2026-06-01T15:27:01.809Z","level":"DEBUG","tag":"service-server:WebSocketHandler","msg":"응답 전송됨 (크기: 40)"}
{"time":"2026-06-01T15:29:01.804Z","level":"DEBUG","tag":"service-server:WebSocketHandler","msg":"클라이언트 연결 해제됨: (code: 1005)"}
{"time":"2026-06-01T15:30:01.811Z","level":"DEBUG","tag":"service-server:WebSocketHandler","msg":"클라이언트 연결됨 [object Object]"}
{"time":"2026-06-01T15:30:01.816Z","level":"DEBUG","tag":"service-server:WebSocketHandler","msg":"요청 수신됨 [object Object]"}
{"time":"2026-06-01T15:30:01.817Z","level":"DEBUG","tag":"service-server:WebSocketHandler","msg":"응답 전송됨 (크기: 40)"}
{"time":"2026-06-01T15:30:01.821Z","level":"DEBUG","tag":"service-server:WebSocketHandler","msg":"요청 수신됨 [object Object]"}
{"time":"2026-06-01T15:30:01.821Z","level":"DEBUG","tag":"service-server:WebSocketHandler","msg":"응답 전송됨 (크기: 40)"}
{"time":"2026-06-01T15:32:01.810Z","level":"DEBUG","tag":"service-server:WebSocketHandler","msg":"클라이언트 연결 해제됨: (code: 1005)"}
{"time":"2026-06-01T15:33:01.800Z","level":"DEBUG","tag":"service-server:WebSocketHandler","msg":"클라이언트 연결됨 [object Object]"}
{"time":"2026-06-01T15:33:01.805Z","level":"DEBUG","tag":"service-server:WebSocketHandler","msg":"요청 수신됨 [object Object]"}
{"time":"2026-06-01T15:33:01.807Z","level":"DEBUG","tag":"service-server:WebSocketHandler","msg":"응답 전송됨 (크기: 40)"}
{"time":"2026-06-01T15:33:01.811Z","level":"DEBUG","tag":"service-server:WebSocketHandler","msg":"요청 수신됨 [object Object]"}
{"time":"2026-06-01T15:33:01.811Z","level":"DEBUG","tag":"service-server:WebSocketHandler","msg":"응답 전송됨 (크기: 40)"}
{"time":"2026-06-01T15:35:01.813Z","level":"DEBUG","tag":"service-server:WebSocketHandler","msg":"클라이언트 연결 해제됨: (code: 1005)"}
{"time":"2026-06-01T15:36:01.827Z","level":"DEBUG","tag":"service-server:WebSocketHandler","msg":"클라이언트 연결됨 [object Object]"}
{"time":"2026-06-01T15:36:02.078Z","level":"DEBUG","tag":"service-server:WebSocketHandler","msg":"요청 수신됨 [object Object]"}
{"time":"2026-06-01T15:36:02.079Z","level":"DEBUG","tag":"service-server:WebSocketHandler","msg":"응답 전송됨 (크기: 40)"}
{"time":"2026-06-01T15:36:02.083Z","level":"DEBUG","tag":"service-server:WebSocketHandler","msg":"요청 수신됨 [object Object]"}
{"time":"2026-06-01T15:36:02.083Z","level":"DEBUG","tag":"service-server:WebSocketHandler","msg":"응답 전송됨 (크기: 40)"}
{"time":"2026-06-01T15:38:01.807Z","level":"DEBUG","tag":"service-server:WebSocketHandler","msg":"클라이언트 연결 해제됨: (code: 1005)"}
{"time":"2026-06-01T15:39:01.812Z","level":"DEBUG","tag":"service-server:WebSocketHandler","msg":"클라이언트 연결됨 [object Object]"}
{"time":"2026-06-01T15:39:01.817Z","level":"DEBUG","tag":"service-server:WebSocketHandler","msg":"요청 수신됨 [object Object]"}
{"time":"2026-06-01T15:39:01.819Z","level":"DEBUG","tag":"service-server:WebSocketHandler","msg":"응답 전송됨 (크기: 40)"}
{"time":"2026-06-01T15:39:01.824Z","level":"DEBUG","tag":"service-server:WebSocketHandler","msg":"요청 수신됨 [object Object]"}
{"time":"2026-06-01T15:39:01.824Z","level":"DEBUG","tag":"service-server:WebSocketHandler","msg":"응답 전송됨 (크기: 40)"}
{"time":"2026-06-01T15:41:01.820Z","level":"DEBUG","tag":"service-server:WebSocketHandler","msg":"클라이언트 연결 해제됨: (code: 1005)"}
{"time":"2026-06-01T15:42:01.814Z","level":"DEBUG","tag":"service-server:WebSocketHandler","msg":"클라이언트 연결됨 [object Object]"}
{"time":"2026-06-01T15:42:01.819Z","level":"DEBUG","tag":"service-server:WebSocketHandler","msg":"요청 수신됨 [object Object]"}
{"time":"2026-06-01T15:42:01.820Z","level":"DEBUG","tag":"service-server:WebSocketHandler","msg":"응답 전송됨 (크기: 40)"}
{"time":"2026-06-01T15:42:01.824Z","level":"DEBUG","tag":"service-server:WebSocketHandler","msg":"요청 수신됨 [object Object]"}
{"time":"2026-06-01T15:42:01.824Z","level":"DEBUG","tag":"service-server:WebSocketHandler","msg":"응답 전송됨 (크기: 40)"}
{"time":"2026-06-01T15:44:01.812Z","level":"DEBUG","tag":"service-server:WebSocketHandler","msg":"클라이언트 연결 해제됨: (code: 1005)"}
{"time":"2026-06-01T15:45:01.815Z","level":"DEBUG","tag":"service-server:WebSocketHandler","msg":"클라이언트 연결됨 [object Object]"}
{"time":"2026-06-01T15:45:01.820Z","level":"DEBUG","tag":"service-server:WebSocketHandler","msg":"요청 수신됨 [object Object]"}
{"time":"2026-06-01T15:45:01.821Z","level":"DEBUG","tag":"service-server:WebSocketHandler","msg":"응답 전송됨 (크기: 40)"}
{"time":"2026-06-01T15:45:01.825Z","level":"DEBUG","tag":"service-server:WebSocketHandler","msg":"요청 수신됨 [object Object]"}
{"time":"2026-06-01T15:45:01.826Z","level":"DEBUG","tag":"service-server:WebSocketHandler","msg":"응답 전송됨 (크기: 40)"}
{"time":"2026-06-01T15:47:01.819Z","level":"DEBUG","tag":"service-server:WebSocketHandler","msg":"클라이언트 연결 해제됨: (code: 1005)"}
{"time":"2026-06-01T15:48:01.828Z","level":"DEBUG","tag":"service-server:WebSocketHandler","msg":"클라이언트 연결됨 [object Object]"}
{"time":"2026-06-01T15:48:01.832Z","level":"DEBUG","tag":"service-server:WebSocketHandler","msg":"요청 수신됨 [object Object]"}
{"time":"2026-06-01T15:48:01.834Z","level":"DEBUG","tag":"service-server:WebSocketHandler","msg":"응답 전송됨 (크기: 40)"}
{"time":"2026-06-01T15:48:01.838Z","level":"DEBUG","tag":"service-server:WebSocketHandler","msg":"요청 수신됨 [object Object]"}
{"time":"2026-06-01T15:48:01.838Z","level":"DEBUG","tag":"service-server:WebSocketHandler","msg":"응답 전송됨 (크기: 40)"}
{"time":"2026-06-01T15:50:01.827Z","level":"DEBUG","tag":"service-server:WebSocketHandler","msg":"클라이언트 연결 해제됨: (code: 1005)"}
{"time":"2026-06-01T15:51:01.827Z","level":"DEBUG","tag":"service-server:WebSocketHandler","msg":"클라이언트 연결됨 [object Object]"}
{"time":"2026-06-01T15:51:01.832Z","level":"DEBUG","tag":"service-server:WebSocketHandler","msg":"요청 수신됨 [object Object]"}
{"time":"2026-06-01T15:51:01.833Z","level":"DEBUG","tag":"service-server:WebSocketHandler","msg":"응답 전송됨 (크기: 40)"}
{"time":"2026-06-01T15:51:01.837Z","level":"DEBUG","tag":"service-server:WebSocketHandler","msg":"요청 수신됨 [object Object]"}
{"time":"2026-06-01T15:51:01.837Z","level":"DEBUG","tag":"service-server:WebSocketHandler","msg":"응답 전송됨 (크기: 40)"}
{"time":"2026-06-01T15:53:01.834Z","level":"DEBUG","tag":"service-server:WebSocketHandler","msg":"클라이언트 연결 해제됨: (code: 1005)"}
{"time":"2026-06-01T15:54:01.838Z","level":"DEBUG","tag":"service-server:WebSocketHandler","msg":"클라이언트 연결됨 [object Object]"}
{"time":"2026-06-01T15:54:01.843Z","level":"DEBUG","tag":"service-server:WebSocketHandler","msg":"요청 수신됨 [object Object]"}
{"time":"2026-06-01T15:54:01.845Z","level":"DEBUG","tag":"service-server:WebSocketHandler","msg":"응답 전송됨 (크기: 40)"}
{"time":"2026-06-01T15:54:01.849Z","level":"DEBUG","tag":"service-server:WebSocketHandler","msg":"요청 수신됨 [object Object]"}
{"time":"2026-06-01T15:54:01.849Z","level":"DEBUG","tag":"service-server:WebSocketHandler","msg":"응답 전송됨 (크기: 40)"}
{"time":"2026-06-01T15:56:01.830Z","level":"DEBUG","tag":"service-server:WebSocketHandler","msg":"클라이언트 연결 해제됨: (code: 1005)"}
{"time":"2026-06-01T15:57:01.832Z","level":"DEBUG","tag":"service-server:WebSocketHandler","msg":"클라이언트 연결됨 [object Object]"}
{"time":"2026-06-01T15:57:01.837Z","level":"DEBUG","tag":"service-server:WebSocketHandler","msg":"요청 수신됨 [object Object]"}
{"time":"2026-06-01T15:57:01.838Z","level":"DEBUG","tag":"service-server:WebSocketHandler","msg":"응답 전송됨 (크기: 40)"}
{"time":"2026-06-01T15:57:01.843Z","level":"DEBUG","tag":"service-server:WebSocketHandler","msg":"요청 수신됨 [object Object]"}
{"time":"2026-06-01T15:57:01.843Z","level":"DEBUG","tag":"service-server:WebSocketHandler","msg":"응답 전송됨 (크기: 40)"}
{"time":"2026-06-01T15:59:01.831Z","level":"DEBUG","tag":"service-server:WebSocketHandler","msg":"클라이언트 연결 해제됨: (code: 1005)"}
{"time":"2026-06-01T16:00:01.830Z","level":"DEBUG","tag":"service-server:WebSocketHandler","msg":"클라이언트 연결됨 [object Object]"}
{"time":"2026-06-01T16:00:01.835Z","level":"DEBUG","tag":"service-server:WebSocketHandler","msg":"요청 수신됨 [object Object]"}
{"time":"2026-06-01T16:00:01.837Z","level":"DEBUG","tag":"service-server:WebSocketHandler","msg":"응답 전송됨 (크기: 40)"}
{"time":"2026-06-01T16:00:01.841Z","level":"DEBUG","tag":"service-server:WebSocketHandler","msg":"요청 수신됨 [object Object]"}
{"time":"2026-06-01T16:00:01.841Z","level":"DEBUG","tag":"service-server:WebSocketHandler","msg":"응답 전송됨 (크기: 40)"}
{"time":"2026-06-01T16:02:01.840Z","level":"DEBUG","tag":"service-server:WebSocketHandler","msg":"클라이언트 연결 해제됨: (code: 1005)"}
{"time":"2026-06-01T16:03:01.839Z","level":"DEBUG","tag":"service-server:WebSocketHandler","msg":"클라이언트 연결됨 [object Object]"}
{"time":"2026-06-01T16:03:01.844Z","level":"DEBUG","tag":"service-server:WebSocketHandler","msg":"요청 수신됨 [object Object]"}
{"time":"2026-06-01T16:03:01.845Z","level":"DEBUG","tag":"service-server:WebSocketHandler","msg":"응답 전송됨 (크기: 40)"}
{"time":"2026-06-01T16:03:01.850Z","level":"DEBUG","tag":"service-server:WebSocketHandler","msg":"요청 수신됨 [object Object]"}
{"time":"2026-06-01T16:03:01.850Z","level":"DEBUG","tag":"service-server:WebSocketHandler","msg":"응답 전송됨 (크기: 40)"}
{"time":"2026-06-01T16:05:01.845Z","level":"DEBUG","tag":"service-server:WebSocketHandler","msg":"클라이언트 연결 해제됨: (code: 1005)"}
{"time":"2026-06-01T16:06:01.848Z","level":"DEBUG","tag":"service-server:WebSocketHandler","msg":"클라이언트 연결됨 [object Object]"}
{"time":"2026-06-01T16:06:01.853Z","level":"DEBUG","tag":"service-server:WebSocketHandler","msg":"요청 수신됨 [object Object]"}
{"time":"2026-06-01T16:06:01.854Z","level":"DEBUG","tag":"service-server:WebSocketHandler","msg":"응답 전송됨 (크기: 40)"}
{"time":"2026-06-01T16:06:01.860Z","level":"DEBUG","tag":"service-server:WebSocketHandler","msg":"요청 수신됨 [object Object]"}
{"time":"2026-06-01T16:06:01.861Z","level":"DEBUG","tag":"service-server:WebSocketHandler","msg":"응답 전송됨 (크기: 40)"}
{"time":"2026-06-01T16:08:01.852Z","level":"DEBUG","tag":"service-server:WebSocketHandler","msg":"클라이언트 연결 해제됨: (code: 1005)"}
{"time":"2026-06-01T16:09:01.852Z","level":"DEBUG","tag":"service-server:WebSocketHandler","msg":"클라이언트 연결됨 [object Object]"}
{"time":"2026-06-01T16:09:01.857Z","level":"DEBUG","tag":"service-server:WebSocketHandler","msg":"요청 수신됨 [object Object]"}
{"time":"2026-06-01T16:09:01.858Z","level":"DEBUG","tag":"service-server:WebSocketHandler","msg":"응답 전송됨 (크기: 40)"}
{"time":"2026-06-01T16:09:01.863Z","level":"DEBUG","tag":"service-server:WebSocketHandler","msg":"요청 수신됨 [object Object]"}
{"time":"2026-06-01T16:09:01.863Z","level":"DEBUG","tag":"service-server:WebSocketHandler","msg":"응답 전송됨 (크기: 40)"}
{"time":"2026-06-01T16:11:01.843Z","level":"DEBUG","tag":"service-server:WebSocketHandler","msg":"클라이언트 연결 해제됨: (code: 1005)"}
{"time":"2026-06-01T16:12:01.848Z","level":"DEBUG","tag":"service-server:WebSocketHandler","msg":"클라이언트 연결됨 [object Object]"}
{"time":"2026-06-01T16:12:01.854Z","level":"DEBUG","tag":"service-server:WebSocketHandler","msg":"요청 수신됨 [object Object]"}
{"time":"2026-06-01T16:12:01.855Z","level":"DEBUG","tag":"service-server:WebSocketHandler","msg":"응답 전송됨 (크기: 40)"}
{"time":"2026-06-01T16:12:01.859Z","level":"DEBUG","tag":"service-server:WebSocketHandler","msg":"요청 수신됨 [object Object]"}
{"time":"2026-06-01T16:12:01.859Z","level":"DEBUG","tag":"service-server:WebSocketHandler","msg":"응답 전송됨 (크기: 40)"}
{"time":"2026-06-01T16:14:01.856Z","level":"DEBUG","tag":"service-server:WebSocketHandler","msg":"클라이언트 연결 해제됨: (code: 1005)"}
{"time":"2026-06-01T16:15:01.860Z","level":"DEBUG","tag":"service-server:WebSocketHandler","msg":"클라이언트 연결됨 [object Object]"}
{"time":"2026-06-01T16:15:01.864Z","level":"DEBUG","tag":"service-server:WebSocketHandler","msg":"요청 수신됨 [object Object]"}
{"time":"2026-06-01T16:15:01.866Z","level":"DEBUG","tag":"service-server:WebSocketHandler","msg":"응답 전송됨 (크기: 40)"}
{"time":"2026-06-01T16:15:01.870Z","level":"DEBUG","tag":"service-server:WebSocketHandler","msg":"요청 수신됨 [object Object]"}
{"time":"2026-06-01T16:15:01.870Z","level":"DEBUG","tag":"service-server:WebSocketHandler","msg":"응답 전송됨 (크기: 40)"}
{"time":"2026-06-01T16:17:01.864Z","level":"DEBUG","tag":"service-server:WebSocketHandler","msg":"클라이언트 연결 해제됨: (code: 1005)"}
{"time":"2026-06-01T16:18:01.863Z","level":"DEBUG","tag":"service-server:WebSocketHandler","msg":"클라이언트 연결됨 [object Object]"}
{"time":"2026-06-01T16:18:01.868Z","level":"DEBUG","tag":"service-server:WebSocketHandler","msg":"요청 수신됨 [object Object]"}
{"time":"2026-06-01T16:18:01.869Z","level":"DEBUG","tag":"service-server:WebSocketHandler","msg":"응답 전송됨 (크기: 40)"}
{"time":"2026-06-01T16:18:01.874Z","level":"DEBUG","tag":"service-server:WebSocketHandler","msg":"요청 수신됨 [object Object]"}
{"time":"2026-06-01T16:18:01.874Z","level":"DEBUG","tag":"service-server:WebSocketHandler","msg":"응답 전송됨 (크기: 40)"}
{"time":"2026-06-01T16:20:01.861Z","level":"DEBUG","tag":"service-server:WebSocketHandler","msg":"클라이언트 연결 해제됨: (code: 1005)"}
{"time":"2026-06-01T16:21:01.862Z","level":"DEBUG","tag":"service-server:WebSocketHandler","msg":"클라이언트 연결됨 [object Object]"}
{"time":"2026-06-01T16:21:01.867Z","level":"DEBUG","tag":"service-server:WebSocketHandler","msg":"요청 수신됨 [object Object]"}
{"time":"2026-06-01T16:21:01.868Z","level":"DEBUG","tag":"service-server:WebSocketHandler","msg":"응답 전송됨 (크기: 40)"}
{"time":"2026-06-01T16:21:01.872Z","level":"DEBUG","tag":"service-server:WebSocketHandler","msg":"요청 수신됨 [object Object]"}
{"time":"2026-06-01T16:21:01.873Z","level":"DEBUG","tag":"service-server:WebSocketHandler","msg":"응답 전송됨 (크기: 40)"}
{"time":"2026-06-01T16:23:01.871Z","level":"DEBUG","tag":"service-server:WebSocketHandler","msg":"클라이언트 연결 해제됨: (code: 1005)"}
{"time":"2026-06-01T16:24:01.870Z","level":"DEBUG","tag":"service-server:WebSocketHandler","msg":"클라이언트 연결됨 [object Object]"}
{"time":"2026-06-01T16:24:01.875Z","level":"DEBUG","tag":"service-server:WebSocketHandler","msg":"요청 수신됨 [object Object]"}
{"time":"2026-06-01T16:24:01.877Z","level":"DEBUG","tag":"service-server:WebSocketHandler","msg":"응답 전송됨 (크기: 40)"}
{"time":"2026-06-01T16:24:01.881Z","level":"DEBUG","tag":"service-server:WebSocketHandler","msg":"요청 수신됨 [object Object]"}
{"time":"2026-06-01T16:24:01.881Z","level":"DEBUG","tag":"service-server:WebSocketHandler","msg":"응답 전송됨 (크기: 40)"}
{"time":"2026-06-01T16:26:01.861Z","level":"DEBUG","tag":"service-server:WebSocketHandler","msg":"클라이언트 연결 해제됨: (code: 1005)"}
{"time":"2026-06-01T16:27:01.875Z","level":"DEBUG","tag":"service-server:WebSocketHandler","msg":"클라이언트 연결됨 [object Object]"}
{"time":"2026-06-01T16:27:01.881Z","level":"DEBUG","tag":"service-server:WebSocketHandler","msg":"요청 수신됨 [object Object]"}
{"time":"2026-06-01T16:27:01.883Z","level":"DEBUG","tag":"service-server:WebSocketHandler","msg":"응답 전송됨 (크기: 40)"}
{"time":"2026-06-01T16:27:01.887Z","level":"DEBUG","tag":"service-server:WebSocketHandler","msg":"요청 수신됨 [object Object]"}
{"time":"2026-06-01T16:27:01.887Z","level":"DEBUG","tag":"service-server:WebSocketHandler","msg":"응답 전송됨 (크기: 40)"}
{"time":"2026-06-01T16:29:01.866Z","level":"DEBUG","tag":"service-server:WebSocketHandler","msg":"클라이언트 연결 해제됨: (code: 1005)"}
{"time":"2026-06-01T16:30:01.877Z","level":"DEBUG","tag":"service-server:WebSocketHandler","msg":"클라이언트 연결됨 [object Object]"}
{"time":"2026-06-01T16:30:01.883Z","level":"DEBUG","tag":"service-server:WebSocketHandler","msg":"요청 수신됨 [object Object]"}
{"time":"2026-06-01T16:30:01.885Z","level":"DEBUG","tag":"service-server:WebSocketHandler","msg":"응답 전송됨 (크기: 40)"}
{"time":"2026-06-01T16:30:01.888Z","level":"DEBUG","tag":"service-server:WebSocketHandler","msg":"요청 수신됨 [object Object]"}
{"time":"2026-06-01T16:30:01.889Z","level":"DEBUG","tag":"service-server:WebSocketHandler","msg":"응답 전송됨 (크기: 40)"}
{"time":"2026-06-01T16:32:01.875Z","level":"DEBUG","tag":"service-server:WebSocketHandler","msg":"클라이언트 연결 해제됨: (code: 1005)"}
{"time":"2026-06-01T16:33:01.885Z","level":"DEBUG","tag":"service-server:WebSocketHandler","msg":"클라이언트 연결됨 [object Object]"}
{"time":"2026-06-01T16:33:01.890Z","level":"DEBUG","tag":"service-server:WebSocketHandler","msg":"요청 수신됨 [object Object]"}
{"time":"2026-06-01T16:33:01.891Z","level":"DEBUG","tag":"service-server:WebSocketHandler","msg":"응답 전송됨 (크기: 40)"}
{"time":"2026-06-01T16:33:01.895Z","level":"DEBUG","tag":"service-server:WebSocketHandler","msg":"요청 수신됨 [object Object]"}
{"time":"2026-06-01T16:33:01.895Z","level":"DEBUG","tag":"service-server:WebSocketHandler","msg":"응답 전송됨 (크기: 40)"}
{"time":"2026-06-01T16:35:01.876Z","level":"DEBUG","tag":"service-server:WebSocketHandler","msg":"클라이언트 연결 해제됨: (code: 1005)"}
{"time":"2026-06-01T16:36:01.881Z","level":"DEBUG","tag":"service-server:WebSocketHandler","msg":"클라이언트 연결됨 [object Object]"}
{"time":"2026-06-01T16:36:01.886Z","level":"DEBUG","tag":"service-server:WebSocketHandler","msg":"요청 수신됨 [object Object]"}
{"time":"2026-06-01T16:36:01.887Z","level":"DEBUG","tag":"service-server:WebSocketHandler","msg":"응답 전송됨 (크기: 40)"}
{"time":"2026-06-01T16:36:01.891Z","level":"DEBUG","tag":"service-server:WebSocketHandler","msg":"요청 수신됨 [object Object]"}
{"time":"2026-06-01T16:36:01.891Z","level":"DEBUG","tag":"service-server:WebSocketHandler","msg":"응답 전송됨 (크기: 40)"}
{"time":"2026-06-01T16:38:01.886Z","level":"DEBUG","tag":"service-server:WebSocketHandler","msg":"클라이언트 연결 해제됨: (code: 1005)"}
{"time":"2026-06-01T16:39:01.884Z","level":"DEBUG","tag":"service-server:WebSocketHandler","msg":"클라이언트 연결됨 [object Object]"}
{"time":"2026-06-01T16:39:01.889Z","level":"DEBUG","tag":"service-server:WebSocketHandler","msg":"요청 수신됨 [object Object]"}
{"time":"2026-06-01T16:39:01.890Z","level":"DEBUG","tag":"service-server:WebSocketHandler","msg":"응답 전송됨 (크기: 40)"}
{"time":"2026-06-01T16:39:01.895Z","level":"DEBUG","tag":"service-server:WebSocketHandler","msg":"요청 수신됨 [object Object]"}
{"time":"2026-06-01T16:39:01.895Z","level":"DEBUG","tag":"service-server:WebSocketHandler","msg":"응답 전송됨 (크기: 40)"}
{"time":"2026-06-01T16:41:01.882Z","level":"DEBUG","tag":"service-server:WebSocketHandler","msg":"클라이언트 연결 해제됨: (code: 1005)"}
{"time":"2026-06-01T16:42:01.892Z","level":"DEBUG","tag":"service-server:WebSocketHandler","msg":"클라이언트 연결됨 [object Object]"}
{"time":"2026-06-01T16:42:01.897Z","level":"DEBUG","tag":"service-server:WebSocketHandler","msg":"요청 수신됨 [object Object]"}
{"time":"2026-06-01T16:42:01.898Z","level":"DEBUG","tag":"service-server:WebSocketHandler","msg":"응답 전송됨 (크기: 40)"}
{"time":"2026-06-01T16:42:01.902Z","level":"DEBUG","tag":"service-server:WebSocketHandler","msg":"요청 수신됨 [object Object]"}
{"time":"2026-06-01T16:42:01.902Z","level":"DEBUG","tag":"service-server:WebSocketHandler","msg":"응답 전송됨 (크기: 40)"}
{"time":"2026-06-01T16:44:01.892Z","level":"DEBUG","tag":"service-server:WebSocketHandler","msg":"클라이언트 연결 해제됨: (code: 1005)"}
{"time":"2026-06-01T16:45:01.899Z","level":"DEBUG","tag":"service-server:WebSocketHandler","msg":"클라이언트 연결됨 [object Object]"}
{"time":"2026-06-01T16:45:01.915Z","level":"DEBUG","tag":"service-server:WebSocketHandler","msg":"요청 수신됨 [object Object]"}
{"time":"2026-06-01T16:45:01.917Z","level":"DEBUG","tag":"service-server:WebSocketHandler","msg":"응답 전송됨 (크기: 40)"}
{"time":"2026-06-01T16:45:01.924Z","level":"DEBUG","tag":"service-server:WebSocketHandler","msg":"요청 수신됨 [object Object]"}
{"time":"2026-06-01T16:45:01.925Z","level":"DEBUG","tag":"service-server:WebSocketHandler","msg":"응답 전송됨 (크기: 40)"}
{"time":"2026-06-01T16:47:01.920Z","level":"DEBUG","tag":"service-server:WebSocketHandler","msg":"클라이언트 연결 해제됨: (code: 1005)"}
{"time":"2026-06-01T16:48:01.901Z","level":"DEBUG","tag":"service-server:WebSocketHandler","msg":"클라이언트 연결됨 [object Object]"}
{"time":"2026-06-01T16:48:01.906Z","level":"DEBUG","tag":"service-server:WebSocketHandler","msg":"요청 수신됨 [object Object]"}
{"time":"2026-06-01T16:48:01.907Z","level":"DEBUG","tag":"service-server:WebSocketHandler","msg":"응답 전송됨 (크기: 40)"}
{"time":"2026-06-01T16:48:01.911Z","level":"DEBUG","tag":"service-server:WebSocketHandler","msg":"요청 수신됨 [object Object]"}
{"time":"2026-06-01T16:48:01.911Z","level":"DEBUG","tag":"service-server:WebSocketHandler","msg":"응답 전송됨 (크기: 40)"}
{"time":"2026-06-01T16:50:01.900Z","level":"DEBUG","tag":"service-server:WebSocketHandler","msg":"클라이언트 연결 해제됨: (code: 1005)"}
{"time":"2026-06-01T16:51:01.898Z","level":"DEBUG","tag":"service-server:WebSocketHandler","msg":"클라이언트 연결됨 [object Object]"}
{"time":"2026-06-01T16:51:01.905Z","level":"DEBUG","tag":"service-server:WebSocketHandler","msg":"요청 수신됨 [object Object]"}
{"time":"2026-06-01T16:51:01.906Z","level":"DEBUG","tag":"service-server:WebSocketHandler","msg":"응답 전송됨 (크기: 40)"}
{"time":"2026-06-01T16:51:01.910Z","level":"DEBUG","tag":"service-server:WebSocketHandler","msg":"요청 수신됨 [object Object]"}
{"time":"2026-06-01T16:51:01.910Z","level":"DEBUG","tag":"service-server:WebSocketHandler","msg":"응답 전송됨 (크기: 40)"}
{"time":"2026-06-01T16:53:01.892Z","level":"DEBUG","tag":"service-server:WebSocketHandler","msg":"클라이언트 연결 해제됨: (code: 1005)"}
{"time":"2026-06-01T16:54:01.901Z","level":"DEBUG","tag":"service-server:WebSocketHandler","msg":"클라이언트 연결됨 [object Object]"}
{"time":"2026-06-01T16:54:01.906Z","level":"DEBUG","tag":"service-server:WebSocketHandler","msg":"요청 수신됨 [object Object]"}
{"time":"2026-06-01T16:54:01.908Z","level":"DEBUG","tag":"service-server:WebSocketHandler","msg":"응답 전송됨 (크기: 40)"}
{"time":"2026-06-01T16:54:01.911Z","level":"DEBUG","tag":"service-server:WebSocketHandler","msg":"요청 수신됨 [object Object]"}
{"time":"2026-06-01T16:54:01.912Z","level":"DEBUG","tag":"service-server:WebSocketHandler","msg":"응답 전송됨 (크기: 40)"}
{"time":"2026-06-01T16:56:01.897Z","level":"DEBUG","tag":"service-server:WebSocketHandler","msg":"클라이언트 연결 해제됨: (code: 1005)"}
{"time":"2026-06-01T16:57:01.915Z","level":"DEBUG","tag":"service-server:WebSocketHandler","msg":"클라이언트 연결됨 [object Object]"}
{"time":"2026-06-01T16:57:01.920Z","level":"DEBUG","tag":"service-server:WebSocketHandler","msg":"요청 수신됨 [object Object]"}
{"time":"2026-06-01T16:57:01.921Z","level":"DEBUG","tag":"service-server:WebSocketHandler","msg":"응답 전송됨 (크기: 40)"}
{"time":"2026-06-01T16:57:01.925Z","level":"DEBUG","tag":"service-server:WebSocketHandler","msg":"요청 수신됨 [object Object]"}
{"time":"2026-06-01T16:57:01.925Z","level":"DEBUG","tag":"service-server:WebSocketHandler","msg":"응답 전송됨 (크기: 40)"}
{"time":"2026-06-01T16:59:01.909Z","level":"DEBUG","tag":"service-server:WebSocketHandler","msg":"클라이언트 연결 해제됨: (code: 1005)"}
{"time":"2026-06-01T17:00:01.904Z","level":"DEBUG","tag":"service-server:WebSocketHandler","msg":"클라이언트 연결됨 [object Object]"}
{"time":"2026-06-01T17:00:01.909Z","level":"DEBUG","tag":"service-server:WebSocketHandler","msg":"요청 수신됨 [object Object]"}
{"time":"2026-06-01T17:00:01.911Z","level":"DEBUG","tag":"service-server:WebSocketHandler","msg":"응답 전송됨 (크기: 40)"}
{"time":"2026-06-01T17:00:01.915Z","level":"DEBUG","tag":"service-server:WebSocketHandler","msg":"요청 수신됨 [object Object]"}
{"time":"2026-06-01T17:00:01.915Z","level":"DEBUG","tag":"service-server:WebSocketHandler","msg":"응답 전송됨 (크기: 40)"}
{"time":"2026-06-01T17:02:01.909Z","level":"DEBUG","tag":"service-server:WebSocketHandler","msg":"클라이언트 연결 해제됨: (code: 1005)"}
{"time":"2026-06-01T17:03:01.916Z","level":"DEBUG","tag":"service-server:WebSocketHandler","msg":"클라이언트 연결됨 [object Object]"}
{"time":"2026-06-01T17:03:01.921Z","level":"DEBUG","tag":"service-server:WebSocketHandler","msg":"요청 수신됨 [object Object]"}
{"time":"2026-06-01T17:03:01.922Z","level":"DEBUG","tag":"service-server:WebSocketHandler","msg":"응답 전송됨 (크기: 40)"}
{"time":"2026-06-01T17:03:01.926Z","level":"DEBUG","tag":"service-server:WebSocketHandler","msg":"요청 수신됨 [object Object]"}
{"time":"2026-06-01T17:03:01.926Z","level":"DEBUG","tag":"service-server:WebSocketHandler","msg":"응답 전송됨 (크기: 40)"}
{"time":"2026-06-01T17:05:01.916Z","level":"DEBUG","tag":"service-server:WebSocketHandler","msg":"클라이언트 연결 해제됨: (code: 1005)"}
{"time":"2026-06-01T17:06:01.918Z","level":"DEBUG","tag":"service-server:WebSocketHandler","msg":"클라이언트 연결됨 [object Object]"}
{"time":"2026-06-01T17:06:01.923Z","level":"DEBUG","tag":"service-server:WebSocketHandler","msg":"요청 수신됨 [object Object]"}
{"time":"2026-06-01T17:06:01.924Z","level":"DEBUG","tag":"service-server:WebSocketHandler","msg":"응답 전송됨 (크기: 40)"}
{"time":"2026-06-01T17:06:01.928Z","level":"DEBUG","tag":"service-server:WebSocketHandler","msg":"요청 수신됨 [object Object]"}
{"time":"2026-06-01T17:06:01.928Z","level":"DEBUG","tag":"service-server:WebSocketHandler","msg":"응답 전송됨 (크기: 40)"}
{"time":"2026-06-01T17:08:01.911Z","level":"DEBUG","tag":"service-server:WebSocketHandler","msg":"클라이언트 연결 해제됨: (code: 1005)"}
{"time":"2026-06-01T17:09:01.916Z","level":"DEBUG","tag":"service-server:WebSocketHandler","msg":"클라이언트 연결됨 [object Object]"}
{"time":"2026-06-01T17:09:01.921Z","level":"DEBUG","tag":"service-server:WebSocketHandler","msg":"요청 수신됨 [object Object]"}
{"time":"2026-06-01T17:09:01.922Z","level":"DEBUG","tag":"service-server:WebSocketHandler","msg":"응답 전송됨 (크기: 40)"}
{"time":"2026-06-01T17:09:01.926Z","level":"DEBUG","tag":"service-server:WebSocketHandler","msg":"요청 수신됨 [object Object]"}
{"time":"2026-06-01T17:09:01.927Z","level":"DEBUG","tag":"service-server:WebSocketHandler","msg":"응답 전송됨 (크기: 40)"}
{"time":"2026-06-01T17:11:01.920Z","level":"DEBUG","tag":"service-server:WebSocketHandler","msg":"클라이언트 연결 해제됨: (code: 1005)"}
{"time":"2026-06-01T17:12:01.922Z","level":"DEBUG","tag":"service-server:WebSocketHandler","msg":"클라이언트 연결됨 [object Object]"}
{"time":"2026-06-01T17:12:01.927Z","level":"DEBUG","tag":"service-server:WebSocketHandler","msg":"요청 수신됨 [object Object]"}
{"time":"2026-06-01T17:12:01.928Z","level":"DEBUG","tag":"service-server:WebSocketHandler","msg":"응답 전송됨 (크기: 40)"}
{"time":"2026-06-01T17:12:01.932Z","level":"DEBUG","tag":"service-server:WebSocketHandler","msg":"요청 수신됨 [object Object]"}
{"time":"2026-06-01T17:12:01.932Z","level":"DEBUG","tag":"service-server:WebSocketHandler","msg":"응답 전송됨 (크기: 40)"}
{"time":"2026-06-01T17:14:01.924Z","level":"DEBUG","tag":"service-server:WebSocketHandler","msg":"클라이언트 연결 해제됨: (code: 1005)"}
{"time":"2026-06-01T17:15:01.934Z","level":"DEBUG","tag":"service-server:WebSocketHandler","msg":"클라이언트 연결됨 [object Object]"}
{"time":"2026-06-01T17:15:01.939Z","level":"DEBUG","tag":"service-server:WebSocketHandler","msg":"요청 수신됨 [object Object]"}
{"time":"2026-06-01T17:15:01.940Z","level":"DEBUG","tag":"service-server:WebSocketHandler","msg":"응답 전송됨 (크기: 40)"}
{"time":"2026-06-01T17:15:01.944Z","level":"DEBUG","tag":"service-server:WebSocketHandler","msg":"요청 수신됨 [object Object]"}
{"time":"2026-06-01T17:15:01.945Z","level":"DEBUG","tag":"service-server:WebSocketHandler","msg":"응답 전송됨 (크기: 40)"}
{"time":"2026-06-01T17:17:01.932Z","level":"DEBUG","tag":"service-server:WebSocketHandler","msg":"클라이언트 연결 해제됨: (code: 1005)"}
{"time":"2026-06-01T17:18:01.938Z","level":"DEBUG","tag":"service-server:WebSocketHandler","msg":"클라이언트 연결됨 [object Object]"}
{"time":"2026-06-01T17:18:01.943Z","level":"DEBUG","tag":"service-server:WebSocketHandler","msg":"요청 수신됨 [object Object]"}
{"time":"2026-06-01T17:18:01.944Z","level":"DEBUG","tag":"service-server:WebSocketHandler","msg":"응답 전송됨 (크기: 40)"}
{"time":"2026-06-01T17:18:01.948Z","level":"DEBUG","tag":"service-server:WebSocketHandler","msg":"요청 수신됨 [object Object]"}
{"time":"2026-06-01T17:18:01.948Z","level":"DEBUG","tag":"service-server:WebSocketHandler","msg":"응답 전송됨 (크기: 40)"}
{"time":"2026-06-01T17:20:01.933Z","level":"DEBUG","tag":"service-server:WebSocketHandler","msg":"클라이언트 연결 해제됨: (code: 1005)"}
{"time":"2026-06-01T17:21:01.957Z","level":"DEBUG","tag":"service-server:WebSocketHandler","msg":"클라이언트 연결됨 [object Object]"}
{"time":"2026-06-01T17:21:01.962Z","level":"DEBUG","tag":"service-server:WebSocketHandler","msg":"요청 수신됨 [object Object]"}
{"time":"2026-06-01T17:21:01.963Z","level":"DEBUG","tag":"service-server:WebSocketHandler","msg":"응답 전송됨 (크기: 40)"}
{"time":"2026-06-01T17:21:01.968Z","level":"DEBUG","tag":"service-server:WebSocketHandler","msg":"요청 수신됨 [object Object]"}
{"time":"2026-06-01T17:21:01.968Z","level":"DEBUG","tag":"service-server:WebSocketHandler","msg":"응답 전송됨 (크기: 40)"}
{"time":"2026-06-01T17:23:01.939Z","level":"DEBUG","tag":"service-server:WebSocketHandler","msg":"클라이언트 연결 해제됨: (code: 1005)"}
{"time":"2026-06-01T17:24:01.944Z","level":"DEBUG","tag":"service-server:WebSocketHandler","msg":"클라이언트 연결됨 [object Object]"}
{"time":"2026-06-01T17:24:01.950Z","level":"DEBUG","tag":"service-server:WebSocketHandler","msg":"요청 수신됨 [object Object]"}
{"time":"2026-06-01T17:24:01.950Z","level":"DEBUG","tag":"service-server:WebSocketHandler","msg":"응답 전송됨 (크기: 40)"}
{"time":"2026-06-01T17:24:01.954Z","level":"DEBUG","tag":"service-server:WebSocketHandler","msg":"요청 수신됨 [object Object]"}
{"time":"2026-06-01T17:24:01.954Z","level":"DEBUG","tag":"service-server:WebSocketHandler","msg":"응답 전송됨 (크기: 40)"}
{"time":"2026-06-01T17:26:01.946Z","level":"DEBUG","tag":"service-server:WebSocketHandler","msg":"클라이언트 연결 해제됨: (code: 1005)"}
{"time":"2026-06-01T17:27:01.950Z","level":"DEBUG","tag":"service-server:WebSocketHandler","msg":"클라이언트 연결됨 [object Object]"}
{"time":"2026-06-01T17:27:01.955Z","level":"DEBUG","tag":"service-server:WebSocketHandler","msg":"요청 수신됨 [object Object]"}
{"time":"2026-06-01T17:27:01.956Z","level":"DEBUG","tag":"service-server:WebSocketHandler","msg":"응답 전송됨 (크기: 40)"}
{"time":"2026-06-01T17:27:01.960Z","level":"DEBUG","tag":"service-server:WebSocketHandler","msg":"요청 수신됨 [object Object]"}
{"time":"2026-06-01T17:27:01.960Z","level":"DEBUG","tag":"service-server:WebSocketHandler","msg":"응답 전송됨 (크기: 40)"}
{"time":"2026-06-01T17:29:01.949Z","level":"DEBUG","tag":"service-server:WebSocketHandler","msg":"클라이언트 연결 해제됨: (code: 1005)"}
{"time":"2026-06-01T17:30:01.942Z","level":"DEBUG","tag":"service-server:WebSocketHandler","msg":"클라이언트 연결됨 [object Object]"}
{"time":"2026-06-01T17:30:01.947Z","level":"DEBUG","tag":"service-server:WebSocketHandler","msg":"요청 수신됨 [object Object]"}
{"time":"2026-06-01T17:30:01.948Z","level":"DEBUG","tag":"service-server:WebSocketHandler","msg":"응답 전송됨 (크기: 40)"}
{"time":"2026-06-01T17:30:01.953Z","level":"DEBUG","tag":"service-server:WebSocketHandler","msg":"요청 수신됨 [object Object]"}
{"time":"2026-06-01T17:30:01.953Z","level":"DEBUG","tag":"service-server:WebSocketHandler","msg":"응답 전송됨 (크기: 40)"}
{"time":"2026-06-01T17:32:01.943Z","level":"DEBUG","tag":"service-server:WebSocketHandler","msg":"클라이언트 연결 해제됨: (code: 1005)"}
{"time":"2026-06-01T17:33:01.946Z","level":"DEBUG","tag":"service-server:WebSocketHandler","msg":"클라이언트 연결됨 [object Object]"}
{"time":"2026-06-01T17:33:01.951Z","level":"DEBUG","tag":"service-server:WebSocketHandler","msg":"요청 수신됨 [object Object]"}
{"time":"2026-06-01T17:33:01.952Z","level":"DEBUG","tag":"service-server:WebSocketHandler","msg":"응답 전송됨 (크기: 40)"}
{"time":"2026-06-01T17:33:01.956Z","level":"DEBUG","tag":"service-server:WebSocketHandler","msg":"요청 수신됨 [object Object]"}
{"time":"2026-06-01T17:33:01.956Z","level":"DEBUG","tag":"service-server:WebSocketHandler","msg":"응답 전송됨 (크기: 40)"}
{"time":"2026-06-01T17:35:01.948Z","level":"DEBUG","tag":"service-server:WebSocketHandler","msg":"클라이언트 연결 해제됨: (code: 1005)"}
{"time":"2026-06-01T17:36:01.957Z","level":"DEBUG","tag":"service-server:WebSocketHandler","msg":"클라이언트 연결됨 [object Object]"}
{"time":"2026-06-01T17:36:01.963Z","level":"DEBUG","tag":"service-server:WebSocketHandler","msg":"요청 수신됨 [object Object]"}
{"time":"2026-06-01T17:36:01.964Z","level":"DEBUG","tag":"service-server:WebSocketHandler","msg":"응답 전송됨 (크기: 40)"}
{"time":"2026-06-01T17:36:01.969Z","level":"DEBUG","tag":"service-server:WebSocketHandler","msg":"요청 수신됨 [object Object]"}
{"time":"2026-06-01T17:36:01.969Z","level":"DEBUG","tag":"service-server:WebSocketHandler","msg":"응답 전송됨 (크기: 40)"}
{"time":"2026-06-01T17:38:01.957Z","level":"DEBUG","tag":"service-server:WebSocketHandler","msg":"클라이언트 연결 해제됨: (code: 1005)"}
{"time":"2026-06-01T17:39:01.959Z","level":"DEBUG","tag":"service-server:WebSocketHandler","msg":"클라이언트 연결됨 [object Object]"}
{"time":"2026-06-01T17:39:01.964Z","level":"DEBUG","tag":"service-server:WebSocketHandler","msg":"요청 수신됨 [object Object]"}
{"time":"2026-06-01T17:39:01.965Z","level":"DEBUG","tag":"service-server:WebSocketHandler","msg":"응답 전송됨 (크기: 40)"}
{"time":"2026-06-01T17:39:01.969Z","level":"DEBUG","tag":"service-server:WebSocketHandler","msg":"요청 수신됨 [object Object]"}
{"time":"2026-06-01T17:39:01.969Z","level":"DEBUG","tag":"service-server:WebSocketHandler","msg":"응답 전송됨 (크기: 40)"}
{"time":"2026-06-01T17:41:01.953Z","level":"DEBUG","tag":"service-server:WebSocketHandler","msg":"클라이언트 연결 해제됨: (code: 1005)"}
{"time":"2026-06-01T17:42:01.962Z","level":"DEBUG","tag":"service-server:WebSocketHandler","msg":"클라이언트 연결됨 [object Object]"}
{"time":"2026-06-01T17:42:01.967Z","level":"DEBUG","tag":"service-server:WebSocketHandler","msg":"요청 수신됨 [object Object]"}
{"time":"2026-06-01T17:42:01.969Z","level":"DEBUG","tag":"service-server:WebSocketHandler","msg":"응답 전송됨 (크기: 40)"}
{"time":"2026-06-01T17:42:01.972Z","level":"DEBUG","tag":"service-server:WebSocketHandler","msg":"요청 수신됨 [object Object]"}
{"time":"2026-06-01T17:42:01.973Z","level":"DEBUG","tag":"service-server:WebSocketHandler","msg":"응답 전송됨 (크기: 40)"}
{"time":"2026-06-01T17:44:01.965Z","level":"DEBUG","tag":"service-server:WebSocketHandler","msg":"클라이언트 연결 해제됨: (code: 1005)"}
{"time":"2026-06-01T17:45:01.961Z","level":"DEBUG","tag":"service-server:WebSocketHandler","msg":"클라이언트 연결됨 [object Object]"}
{"time":"2026-06-01T17:45:01.966Z","level":"DEBUG","tag":"service-server:WebSocketHandler","msg":"요청 수신됨 [object Object]"}
{"time":"2026-06-01T17:45:01.967Z","level":"DEBUG","tag":"service-server:WebSocketHandler","msg":"응답 전송됨 (크기: 40)"}
{"time":"2026-06-01T17:45:01.971Z","level":"DEBUG","tag":"service-server:WebSocketHandler","msg":"요청 수신됨 [object Object]"}
{"time":"2026-06-01T17:45:01.971Z","level":"DEBUG","tag":"service-server:WebSocketHandler","msg":"응답 전송됨 (크기: 40)"}
{"time":"2026-06-01T17:47:01.967Z","level":"DEBUG","tag":"service-server:WebSocketHandler","msg":"클라이언트 연결 해제됨: (code: 1005)"}
{"time":"2026-06-01T17:48:01.976Z","level":"DEBUG","tag":"service-server:WebSocketHandler","msg":"클라이언트 연결됨 [object Object]"}
{"time":"2026-06-01T17:48:01.981Z","level":"DEBUG","tag":"service-server:WebSocketHandler","msg":"요청 수신됨 [object Object]"}
{"time":"2026-06-01T17:48:01.982Z","level":"DEBUG","tag":"service-server:WebSocketHandler","msg":"응답 전송됨 (크기: 40)"}
{"time":"2026-06-01T17:48:01.986Z","level":"DEBUG","tag":"service-server:WebSocketHandler","msg":"요청 수신됨 [object Object]"}
{"time":"2026-06-01T17:48:01.986Z","level":"DEBUG","tag":"service-server:WebSocketHandler","msg":"응답 전송됨 (크기: 40)"}
{"time":"2026-06-01T17:50:01.966Z","level":"DEBUG","tag":"service-server:WebSocketHandler","msg":"클라이언트 연결 해제됨: (code: 1005)"}
{"time":"2026-06-01T17:51:01.978Z","level":"DEBUG","tag":"service-server:WebSocketHandler","msg":"클라이언트 연결됨 [object Object]"}
{"time":"2026-06-01T17:51:01.983Z","level":"DEBUG","tag":"service-server:WebSocketHandler","msg":"요청 수신됨 [object Object]"}
{"time":"2026-06-01T17:51:01.984Z","level":"DEBUG","tag":"service-server:WebSocketHandler","msg":"응답 전송됨 (크기: 40)"}
{"time":"2026-06-01T17:51:01.988Z","level":"DEBUG","tag":"service-server:WebSocketHandler","msg":"요청 수신됨 [object Object]"}
{"time":"2026-06-01T17:51:01.988Z","level":"DEBUG","tag":"service-server:WebSocketHandler","msg":"응답 전송됨 (크기: 40)"}
{"time":"2026-06-01T17:53:01.973Z","level":"DEBUG","tag":"service-server:WebSocketHandler","msg":"클라이언트 연결 해제됨: (code: 1005)"}
{"time":"2026-06-01T17:54:01.973Z","level":"DEBUG","tag":"service-server:WebSocketHandler","msg":"클라이언트 연결됨 [object Object]"}
{"time":"2026-06-01T17:54:01.978Z","level":"DEBUG","tag":"service-server:WebSocketHandler","msg":"요청 수신됨 [object Object]"}
{"time":"2026-06-01T17:54:01.978Z","level":"DEBUG","tag":"service-server:WebSocketHandler","msg":"응답 전송됨 (크기: 40)"}
{"time":"2026-06-01T17:54:01.982Z","level":"DEBUG","tag":"service-server:WebSocketHandler","msg":"요청 수신됨 [object Object]"}
{"time":"2026-06-01T17:54:01.982Z","level":"DEBUG","tag":"service-server:WebSocketHandler","msg":"응답 전송됨 (크기: 40)"}
{"time":"2026-06-01T17:56:01.969Z","level":"DEBUG","tag":"service-server:WebSocketHandler","msg":"클라이언트 연결 해제됨: (code: 1005)"}
{"time":"2026-06-01T17:57:01.981Z","level":"DEBUG","tag":"service-server:WebSocketHandler","msg":"클라이언트 연결됨 [object Object]"}
{"time":"2026-06-01T17:57:01.986Z","level":"DEBUG","tag":"service-server:WebSocketHandler","msg":"요청 수신됨 [object Object]"}
{"time":"2026-06-01T17:57:01.987Z","level":"DEBUG","tag":"service-server:WebSocketHandler","msg":"응답 전송됨 (크기: 40)"}
{"time":"2026-06-01T17:57:01.991Z","level":"DEBUG","tag":"service-server:WebSocketHandler","msg":"요청 수신됨 [object Object]"}
{"time":"2026-06-01T17:57:01.991Z","level":"DEBUG","tag":"service-server:WebSocketHandler","msg":"응답 전송됨 (크기: 40)"}
{"time":"2026-06-01T17:59:01.974Z","level":"DEBUG","tag":"service-server:WebSocketHandler","msg":"클라이언트 연결 해제됨: (code: 1005)"}
{"time":"2026-06-01T18:00:01.982Z","level":"DEBUG","tag":"service-server:WebSocketHandler","msg":"클라이언트 연결됨 [object Object]"}
{"time":"2026-06-01T18:00:01.987Z","level":"DEBUG","tag":"service-server:WebSocketHandler","msg":"요청 수신됨 [object Object]"}
{"time":"2026-06-01T18:00:01.989Z","level":"DEBUG","tag":"service-server:WebSocketHandler","msg":"응답 전송됨 (크기: 40)"}
{"time":"2026-06-01T18:00:01.992Z","level":"DEBUG","tag":"service-server:WebSocketHandler","msg":"요청 수신됨 [object Object]"}
{"time":"2026-06-01T18:00:01.993Z","level":"DEBUG","tag":"service-server:WebSocketHandler","msg":"응답 전송됨 (크기: 40)"}
{"time":"2026-06-01T18:02:01.981Z","level":"DEBUG","tag":"service-server:WebSocketHandler","msg":"클라이언트 연결 해제됨: (code: 1005)"}
{"time":"2026-06-01T18:02:09.016Z","level":"DEBUG","tag":"service-server:WebSocketHandler","msg":"클라이언트 연결됨 [object Object]"}
{"time":"2026-06-01T18:02:11.569Z","level":"DEBUG","tag":"service-server:WebSocketHandler","msg":"클라이언트 연결 해제됨: (code: 1006)"}
{"time":"2026-06-01T18:03:01.980Z","level":"DEBUG","tag":"service-server:WebSocketHandler","msg":"클라이언트 연결됨 [object Object]"}
{"time":"2026-06-01T18:03:01.984Z","level":"DEBUG","tag":"service-server:WebSocketHandler","msg":"요청 수신됨 [object Object]"}
{"time":"2026-06-01T18:03:01.986Z","level":"DEBUG","tag":"service-server:WebSocketHandler","msg":"응답 전송됨 (크기: 40)"}
{"time":"2026-06-01T18:03:01.990Z","level":"DEBUG","tag":"service-server:WebSocketHandler","msg":"요청 수신됨 [object Object]"}
{"time":"2026-06-01T18:03:01.991Z","level":"DEBUG","tag":"service-server:WebSocketHandler","msg":"응답 전송됨 (크기: 40)"}
{"time":"2026-06-01T18:05:01.987Z","level":"DEBUG","tag":"service-server:WebSocketHandler","msg":"클라이언트 연결 해제됨: (code: 1005)"}
{"time":"2026-06-01T18:06:01.995Z","level":"DEBUG","tag":"service-server:WebSocketHandler","msg":"클라이언트 연결됨 [object Object]"}
{"time":"2026-06-01T18:06:02.000Z","level":"DEBUG","tag":"service-server:WebSocketHandler","msg":"요청 수신됨 [object Object]"}
{"time":"2026-06-01T18:06:02.002Z","level":"DEBUG","tag":"service-server:WebSocketHandler","msg":"응답 전송됨 (크기: 40)"}
{"time":"2026-06-01T18:06:02.006Z","level":"DEBUG","tag":"service-server:WebSocketHandler","msg":"요청 수신됨 [object Object]"}
{"time":"2026-06-01T18:06:02.006Z","level":"DEBUG","tag":"service-server:WebSocketHandler","msg":"응답 전송됨 (크기: 40)"}
{"time":"2026-06-01T18:08:01.995Z","level":"DEBUG","tag":"service-server:WebSocketHandler","msg":"클라이언트 연결 해제됨: (code: 1005)"}
{"time":"2026-06-01T18:09:01.988Z","level":"DEBUG","tag":"service-server:WebSocketHandler","msg":"클라이언트 연결됨 [object Object]"}
{"time":"2026-06-01T18:09:01.993Z","level":"DEBUG","tag":"service-server:WebSocketHandler","msg":"요청 수신됨 [object Object]"}
{"time":"2026-06-01T18:09:01.994Z","level":"DEBUG","tag":"service-server:WebSocketHandler","msg":"응답 전송됨 (크기: 40)"}
{"time":"2026-06-01T18:09:01.998Z","level":"DEBUG","tag":"service-server:WebSocketHandler","msg":"요청 수신됨 [object Object]"}
{"time":"2026-06-01T18:09:01.998Z","level":"DEBUG","tag":"service-server:WebSocketHandler","msg":"응답 전송됨 (크기: 40)"}
{"time":"2026-06-01T18:11:02.000Z","level":"DEBUG","tag":"service-server:WebSocketHandler","msg":"클라이언트 연결 해제됨: (code: 1005)"}
{"time":"2026-06-01T18:12:02.002Z","level":"DEBUG","tag":"service-server:WebSocketHandler","msg":"클라이언트 연결됨 [object Object]"}
{"time":"2026-06-01T18:12:02.006Z","level":"DEBUG","tag":"service-server:WebSocketHandler","msg":"요청 수신됨 [object Object]"}
{"time":"2026-06-01T18:12:02.008Z","level":"DEBUG","tag":"service-server:WebSocketHandler","msg":"응답 전송됨 (크기: 40)"}
{"time":"2026-06-01T18:12:02.011Z","level":"DEBUG","tag":"service-server:WebSocketHandler","msg":"요청 수신됨 [object Object]"}
{"time":"2026-06-01T18:12:02.012Z","level":"DEBUG","tag":"service-server:WebSocketHandler","msg":"응답 전송됨 (크기: 40)"}
{"time":"2026-06-01T18:14:02.530Z","level":"DEBUG","tag":"service-server:WebSocketHandler","msg":"클라이언트 연결 해제됨: (code: 1005)"}
{"time":"2026-06-01T18:15:02.530Z","level":"DEBUG","tag":"service-server:WebSocketHandler","msg":"클라이언트 연결됨 [object Object]"}
{"time":"2026-06-01T18:15:02.535Z","level":"DEBUG","tag":"service-server:WebSocketHandler","msg":"요청 수신됨 [object Object]"}
{"time":"2026-06-01T18:15:02.536Z","level":"DEBUG","tag":"service-server:WebSocketHandler","msg":"응답 전송됨 (크기: 40)"}
{"time":"2026-06-01T18:15:02.540Z","level":"DEBUG","tag":"service-server:WebSocketHandler","msg":"요청 수신됨 [object Object]"}
{"time":"2026-06-01T18:15:02.540Z","level":"DEBUG","tag":"service-server:WebSocketHandler","msg":"응답 전송됨 (크기: 40)"}
{"time":"2026-06-01T18:17:02.524Z","level":"DEBUG","tag":"service-server:WebSocketHandler","msg":"클라이언트 연결 해제됨: (code: 1005)"}
{"time":"2026-06-01T18:18:02.533Z","level":"DEBUG","tag":"service-server:WebSocketHandler","msg":"클라이언트 연결됨 [object Object]"}
{"time":"2026-06-01T18:18:02.538Z","level":"DEBUG","tag":"service-server:WebSocketHandler","msg":"요청 수신됨 [object Object]"}
{"time":"2026-06-01T18:18:02.539Z","level":"DEBUG","tag":"service-server:WebSocketHandler","msg":"응답 전송됨 (크기: 40)"}
{"time":"2026-06-01T18:18:02.543Z","level":"DEBUG","tag":"service-server:WebSocketHandler","msg":"요청 수신됨 [object Object]"}
{"time":"2026-06-01T18:18:02.543Z","level":"DEBUG","tag":"service-server:WebSocketHandler","msg":"응답 전송됨 (크기: 40)"}
{"time":"2026-06-01T18:20:02.536Z","level":"DEBUG","tag":"service-server:WebSocketHandler","msg":"클라이언트 연결 해제됨: (code: 1005)"}
{"time":"2026-06-01T18:21:02.532Z","level":"DEBUG","tag":"service-server:WebSocketHandler","msg":"클라이언트 연결됨 [object Object]"}
{"time":"2026-06-01T18:21:02.537Z","level":"DEBUG","tag":"service-server:WebSocketHandler","msg":"요청 수신됨 [object Object]"}
{"time":"2026-06-01T18:21:02.538Z","level":"DEBUG","tag":"service-server:WebSocketHandler","msg":"응답 전송됨 (크기: 40)"}
{"time":"2026-06-01T18:21:02.542Z","level":"DEBUG","tag":"service-server:WebSocketHandler","msg":"요청 수신됨 [object Object]"}
{"time":"2026-06-01T18:21:02.542Z","level":"DEBUG","tag":"service-server:WebSocketHandler","msg":"응답 전송됨 (크기: 40)"}
{"time":"2026-06-01T18:23:02.534Z","level":"DEBUG","tag":"service-server:WebSocketHandler","msg":"클라이언트 연결 해제됨: (code: 1005)"}
{"time":"2026-06-01T18:24:02.540Z","level":"DEBUG","tag":"service-server:WebSocketHandler","msg":"클라이언트 연결됨 [object Object]"}
{"time":"2026-06-01T18:24:02.545Z","level":"DEBUG","tag":"service-server:WebSocketHandler","msg":"요청 수신됨 [object Object]"}
{"time":"2026-06-01T18:24:02.546Z","level":"DEBUG","tag":"service-server:WebSocketHandler","msg":"응답 전송됨 (크기: 40)"}
{"time":"2026-06-01T18:24:02.550Z","level":"DEBUG","tag":"service-server:WebSocketHandler","msg":"요청 수신됨 [object Object]"}
{"time":"2026-06-01T18:24:02.550Z","level":"DEBUG","tag":"service-server:WebSocketHandler","msg":"응답 전송됨 (크기: 40)"}
{"time":"2026-06-01T18:26:02.538Z","level":"DEBUG","tag":"service-server:WebSocketHandler","msg":"클라이언트 연결 해제됨: (code: 1005)"}
{"time":"2026-06-01T18:27:02.545Z","level":"DEBUG","tag":"service-server:WebSocketHandler","msg":"클라이언트 연결됨 [object Object]"}
{"time":"2026-06-01T18:27:02.550Z","level":"DEBUG","tag":"service-server:WebSocketHandler","msg":"요청 수신됨 [object Object]"}
{"time":"2026-06-01T18:27:02.551Z","level":"DEBUG","tag":"service-server:WebSocketHandler","msg":"응답 전송됨 (크기: 40)"}
{"time":"2026-06-01T18:27:02.555Z","level":"DEBUG","tag":"service-server:WebSocketHandler","msg":"요청 수신됨 [object Object]"}
{"time":"2026-06-01T18:27:02.555Z","level":"DEBUG","tag":"service-server:WebSocketHandler","msg":"응답 전송됨 (크기: 40)"}
{"time":"2026-06-01T18:29:02.540Z","level":"DEBUG","tag":"service-server:WebSocketHandler","msg":"클라이언트 연결 해제됨: (code: 1005)"}
{"time":"2026-06-01T18:30:02.552Z","level":"DEBUG","tag":"service-server:WebSocketHandler","msg":"클라이언트 연결됨 [object Object]"}
{"time":"2026-06-01T18:30:02.557Z","level":"DEBUG","tag":"service-server:WebSocketHandler","msg":"요청 수신됨 [object Object]"}
{"time":"2026-06-01T18:30:02.558Z","level":"DEBUG","tag":"service-server:WebSocketHandler","msg":"응답 전송됨 (크기: 40)"}
{"time":"2026-06-01T18:30:02.562Z","level":"DEBUG","tag":"service-server:WebSocketHandler","msg":"요청 수신됨 [object Object]"}
{"time":"2026-06-01T18:30:02.562Z","level":"DEBUG","tag":"service-server:WebSocketHandler","msg":"응답 전송됨 (크기: 40)"}
{"time":"2026-06-01T18:32:02.541Z","level":"DEBUG","tag":"service-server:WebSocketHandler","msg":"클라이언트 연결 해제됨: (code: 1005)"}
{"time":"2026-06-01T18:33:02.558Z","level":"DEBUG","tag":"service-server:WebSocketHandler","msg":"클라이언트 연결됨 [object Object]"}
{"time":"2026-06-01T18:33:02.563Z","level":"DEBUG","tag":"service-server:WebSocketHandler","msg":"요청 수신됨 [object Object]"}
{"time":"2026-06-01T18:33:02.564Z","level":"DEBUG","tag":"service-server:WebSocketHandler","msg":"응답 전송됨 (크기: 40)"}
{"time":"2026-06-01T18:33:02.568Z","level":"DEBUG","tag":"service-server:WebSocketHandler","msg":"요청 수신됨 [object Object]"}
{"time":"2026-06-01T18:33:02.568Z","level":"DEBUG","tag":"service-server:WebSocketHandler","msg":"응답 전송됨 (크기: 40)"}
{"time":"2026-06-01T18:35:02.544Z","level":"DEBUG","tag":"service-server:WebSocketHandler","msg":"클라이언트 연결 해제됨: (code: 1005)"}
{"time":"2026-06-01T18:36:02.558Z","level":"DEBUG","tag":"service-server:WebSocketHandler","msg":"클라이언트 연결됨 [object Object]"}
{"time":"2026-06-01T18:36:02.563Z","level":"DEBUG","tag":"service-server:WebSocketHandler","msg":"요청 수신됨 [object Object]"}
{"time":"2026-06-01T18:36:02.564Z","level":"DEBUG","tag":"service-server:WebSocketHandler","msg":"응답 전송됨 (크기: 40)"}
{"time":"2026-06-01T18:36:02.568Z","level":"DEBUG","tag":"service-server:WebSocketHandler","msg":"요청 수신됨 [object Object]"}
{"time":"2026-06-01T18:36:02.568Z","level":"DEBUG","tag":"service-server:WebSocketHandler","msg":"응답 전송됨 (크기: 40)"}
{"time":"2026-06-01T18:36:04.834Z","level":"DEBUG","tag":"service-server:WebSocketHandler","msg":"클라이언트 연결됨 [object Object]"}
{"time":"2026-06-01T18:36:04.882Z","level":"DEBUG","tag":"service-server:WebSocketHandler","msg":"요청 수신됨 [object Object]"}
{"time":"2026-06-01T18:36:04.884Z","level":"DEBUG","tag":"service-server:WebSocketHandler","msg":"응답 전송됨 (크기: 123)"}
{"time":"2026-06-01T18:36:10.607Z","level":"DEBUG","tag":"service-server:WebSocketHandler","msg":"클라이언트 연결 해제됨: (code: 1006)"}
{"time":"2026-06-01T18:38:02.554Z","level":"DEBUG","tag":"service-server:WebSocketHandler","msg":"클라이언트 연결 해제됨: (code: 1005)"}
{"time":"2026-06-01T18:39:02.554Z","level":"DEBUG","tag":"service-server:WebSocketHandler","msg":"클라이언트 연결됨 [object Object]"}
{"time":"2026-06-01T18:39:02.558Z","level":"DEBUG","tag":"service-server:WebSocketHandler","msg":"요청 수신됨 [object Object]"}
{"time":"2026-06-01T18:39:02.560Z","level":"DEBUG","tag":"service-server:WebSocketHandler","msg":"응답 전송됨 (크기: 40)"}
{"time":"2026-06-01T18:39:02.563Z","level":"DEBUG","tag":"service-server:WebSocketHandler","msg":"요청 수신됨 [object Object]"}
{"time":"2026-06-01T18:39:02.564Z","level":"DEBUG","tag":"service-server:WebSocketHandler","msg":"응답 전송됨 (크기: 40)"}
{"time":"2026-06-01T18:41:02.559Z","level":"DEBUG","tag":"service-server:WebSocketHandler","msg":"클라이언트 연결 해제됨: (code: 1005)"}
{"time":"2026-06-01T18:42:02.557Z","level":"DEBUG","tag":"service-server:WebSocketHandler","msg":"클라이언트 연결됨 [object Object]"}
{"time":"2026-06-01T18:42:02.562Z","level":"DEBUG","tag":"service-server:WebSocketHandler","msg":"요청 수신됨 [object Object]"}
{"time":"2026-06-01T18:42:02.563Z","level":"DEBUG","tag":"service-server:WebSocketHandler","msg":"응답 전송됨 (크기: 40)"}
{"time":"2026-06-01T18:42:02.567Z","level":"DEBUG","tag":"service-server:WebSocketHandler","msg":"요청 수신됨 [object Object]"}
{"time":"2026-06-01T18:42:02.567Z","level":"DEBUG","tag":"service-server:WebSocketHandler","msg":"응답 전송됨 (크기: 40)"}
{"time":"2026-06-01T18:44:02.554Z","level":"DEBUG","tag":"service-server:WebSocketHandler","msg":"클라이언트 연결 해제됨: (code: 1005)"}
{"time":"2026-06-01T18:45:02.573Z","level":"DEBUG","tag":"service-server:WebSocketHandler","msg":"클라이언트 연결됨 [object Object]"}
{"time":"2026-06-01T18:45:02.578Z","level":"DEBUG","tag":"service-server:WebSocketHandler","msg":"요청 수신됨 [object Object]"}
{"time":"2026-06-01T18:45:02.579Z","level":"DEBUG","tag":"service-server:WebSocketHandler","msg":"응답 전송됨 (크기: 40)"}
{"time":"2026-06-01T18:45:02.583Z","level":"DEBUG","tag":"service-server:WebSocketHandler","msg":"요청 수신됨 [object Object]"}
{"time":"2026-06-01T18:45:02.583Z","level":"DEBUG","tag":"service-server:WebSocketHandler","msg":"응답 전송됨 (크기: 40)"}
{"time":"2026-06-01T18:47:02.570Z","level":"DEBUG","tag":"service-server:WebSocketHandler","msg":"클라이언트 연결 해제됨: (code: 1005)"}
{"time":"2026-06-01T18:48:02.572Z","level":"DEBUG","tag":"service-server:WebSocketHandler","msg":"클라이언트 연결됨 [object Object]"}
{"time":"2026-06-01T18:48:02.576Z","level":"DEBUG","tag":"service-server:WebSocketHandler","msg":"요청 수신됨 [object Object]"}
{"time":"2026-06-01T18:48:02.578Z","level":"DEBUG","tag":"service-server:WebSocketHandler","msg":"응답 전송됨 (크기: 40)"}
{"time":"2026-06-01T18:48:02.582Z","level":"DEBUG","tag":"service-server:WebSocketHandler","msg":"요청 수신됨 [object Object]"}
{"time":"2026-06-01T18:48:02.582Z","level":"DEBUG","tag":"service-server:WebSocketHandler","msg":"응답 전송됨 (크기: 40)"}
{"time":"2026-06-01T18:50:02.564Z","level":"DEBUG","tag":"service-server:WebSocketHandler","msg":"클라이언트 연결 해제됨: (code: 1005)"}
{"time":"2026-06-01T18:51:02.577Z","level":"DEBUG","tag":"service-server:WebSocketHandler","msg":"클라이언트 연결됨 [object Object]"}
{"time":"2026-06-01T18:51:02.584Z","level":"DEBUG","tag":"service-server:WebSocketHandler","msg":"요청 수신됨 [object Object]"}
{"time":"2026-06-01T18:51:02.585Z","level":"DEBUG","tag":"service-server:WebSocketHandler","msg":"응답 전송됨 (크기: 40)"}
{"time":"2026-06-01T18:51:02.589Z","level":"DEBUG","tag":"service-server:WebSocketHandler","msg":"요청 수신됨 [object Object]"}
{"time":"2026-06-01T18:51:02.589Z","level":"DEBUG","tag":"service-server:WebSocketHandler","msg":"응답 전송됨 (크기: 40)"}
{"time":"2026-06-01T18:53:02.567Z","level":"DEBUG","tag":"service-server:WebSocketHandler","msg":"클라이언트 연결 해제됨: (code: 1005)"}
{"time":"2026-06-01T18:54:02.577Z","level":"DEBUG","tag":"service-server:WebSocketHandler","msg":"클라이언트 연결됨 [object Object]"}
{"time":"2026-06-01T18:54:02.582Z","level":"DEBUG","tag":"service-server:WebSocketHandler","msg":"요청 수신됨 [object Object]"}
{"time":"2026-06-01T18:54:02.584Z","level":"DEBUG","tag":"service-server:WebSocketHandler","msg":"응답 전송됨 (크기: 40)"}
{"time":"2026-06-01T18:54:02.587Z","level":"DEBUG","tag":"service-server:WebSocketHandler","msg":"요청 수신됨 [object Object]"}
{"time":"2026-06-01T18:54:02.588Z","level":"DEBUG","tag":"service-server:WebSocketHandler","msg":"응답 전송됨 (크기: 40)"}
{"time":"2026-06-01T18:56:02.572Z","level":"DEBUG","tag":"service-server:WebSocketHandler","msg":"클라이언트 연결 해제됨: (code: 1005)"}
{"time":"2026-06-01T18:57:02.582Z","level":"DEBUG","tag":"service-server:WebSocketHandler","msg":"클라이언트 연결됨 [object Object]"}
{"time":"2026-06-01T18:57:02.587Z","level":"DEBUG","tag":"service-server:WebSocketHandler","msg":"요청 수신됨 [object Object]"}
{"time":"2026-06-01T18:57:02.588Z","level":"DEBUG","tag":"service-server:WebSocketHandler","msg":"응답 전송됨 (크기: 40)"}
{"time":"2026-06-01T18:57:02.592Z","level":"DEBUG","tag":"service-server:WebSocketHandler","msg":"요청 수신됨 [object Object]"}
{"time":"2026-06-01T18:57:02.593Z","level":"DEBUG","tag":"service-server:WebSocketHandler","msg":"응답 전송됨 (크기: 40)"}
{"time":"2026-06-01T18:59:02.591Z","level":"DEBUG","tag":"service-server:WebSocketHandler","msg":"클라이언트 연결 해제됨: (code: 1005)"}
{"time":"2026-06-01T19:00:02.593Z","level":"DEBUG","tag":"service-server:WebSocketHandler","msg":"클라이언트 연결됨 [object Object]"}
{"time":"2026-06-01T19:00:02.598Z","level":"DEBUG","tag":"service-server:WebSocketHandler","msg":"요청 수신됨 [object Object]"}
{"time":"2026-06-01T19:00:02.600Z","level":"DEBUG","tag":"service-server:WebSocketHandler","msg":"응답 전송됨 (크기: 40)"}
{"time":"2026-06-01T19:00:02.604Z","level":"DEBUG","tag":"service-server:WebSocketHandler","msg":"요청 수신됨 [object Object]"}
{"time":"2026-06-01T19:00:02.604Z","level":"DEBUG","tag":"service-server:WebSocketHandler","msg":"응답 전송됨 (크기: 40)"}
{"time":"2026-06-01T19:02:02.596Z","level":"DEBUG","tag":"service-server:WebSocketHandler","msg":"클라이언트 연결 해제됨: (code: 1005)"}
{"time":"2026-06-01T19:03:02.582Z","level":"DEBUG","tag":"service-server:WebSocketHandler","msg":"클라이언트 연결됨 [object Object]"}
{"time":"2026-06-01T19:03:02.586Z","level":"DEBUG","tag":"service-server:WebSocketHandler","msg":"요청 수신됨 [object Object]"}
{"time":"2026-06-01T19:03:02.588Z","level":"DEBUG","tag":"service-server:WebSocketHandler","msg":"응답 전송됨 (크기: 40)"}
{"time":"2026-06-01T19:03:02.593Z","level":"DEBUG","tag":"service-server:WebSocketHandler","msg":"요청 수신됨 [object Object]"}
{"time":"2026-06-01T19:03:02.593Z","level":"DEBUG","tag":"service-server:WebSocketHandler","msg":"응답 전송됨 (크기: 40)"}
{"time":"2026-06-01T19:05:02.592Z","level":"DEBUG","tag":"service-server:WebSocketHandler","msg":"클라이언트 연결 해제됨: (code: 1005)"}
{"time":"2026-06-01T19:06:02.586Z","level":"DEBUG","tag":"service-server:WebSocketHandler","msg":"클라이언트 연결됨 [object Object]"}
{"time":"2026-06-01T19:06:02.591Z","level":"DEBUG","tag":"service-server:WebSocketHandler","msg":"요청 수신됨 [object Object]"}
{"time":"2026-06-01T19:06:02.593Z","level":"DEBUG","tag":"service-server:WebSocketHandler","msg":"응답 전송됨 (크기: 40)"}
{"time":"2026-06-01T19:06:02.597Z","level":"DEBUG","tag":"service-server:WebSocketHandler","msg":"요청 수신됨 [object Object]"}
{"time":"2026-06-01T19:06:02.597Z","level":"DEBUG","tag":"service-server:WebSocketHandler","msg":"응답 전송됨 (크기: 40)"}
{"time":"2026-06-01T19:08:02.595Z","level":"DEBUG","tag":"service-server:WebSocketHandler","msg":"클라이언트 연결 해제됨: (code: 1005)"}
{"time":"2026-06-01T19:09:02.600Z","level":"DEBUG","tag":"service-server:WebSocketHandler","msg":"클라이언트 연결됨 [object Object]"}
{"time":"2026-06-01T19:09:02.605Z","level":"DEBUG","tag":"service-server:WebSocketHandler","msg":"요청 수신됨 [object Object]"}
{"time":"2026-06-01T19:09:02.606Z","level":"DEBUG","tag":"service-server:WebSocketHandler","msg":"응답 전송됨 (크기: 40)"}
{"time":"2026-06-01T19:09:02.610Z","level":"DEBUG","tag":"service-server:WebSocketHandler","msg":"요청 수신됨 [object Object]"}
{"time":"2026-06-01T19:09:02.610Z","level":"DEBUG","tag":"service-server:WebSocketHandler","msg":"응답 전송됨 (크기: 40)"}
{"time":"2026-06-01T19:11:02.591Z","level":"DEBUG","tag":"service-server:WebSocketHandler","msg":"클라이언트 연결 해제됨: (code: 1005)"}
{"time":"2026-06-01T19:12:02.602Z","level":"DEBUG","tag":"service-server:WebSocketHandler","msg":"클라이언트 연결됨 [object Object]"}
{"time":"2026-06-01T19:12:02.607Z","level":"DEBUG","tag":"service-server:WebSocketHandler","msg":"요청 수신됨 [object Object]"}
{"time":"2026-06-01T19:12:02.608Z","level":"DEBUG","tag":"service-server:WebSocketHandler","msg":"응답 전송됨 (크기: 40)"}
{"time":"2026-06-01T19:12:02.612Z","level":"DEBUG","tag":"service-server:WebSocketHandler","msg":"요청 수신됨 [object Object]"}
{"time":"2026-06-01T19:12:02.612Z","level":"DEBUG","tag":"service-server:WebSocketHandler","msg":"응답 전송됨 (크기: 40)"}
{"time":"2026-06-01T19:14:02.601Z","level":"DEBUG","tag":"service-server:WebSocketHandler","msg":"클라이언트 연결 해제됨: (code: 1005)"}
{"time":"2026-06-01T19:15:02.599Z","level":"DEBUG","tag":"service-server:WebSocketHandler","msg":"클라이언트 연결됨 [object Object]"}
{"time":"2026-06-01T19:15:02.604Z","level":"DEBUG","tag":"service-server:WebSocketHandler","msg":"요청 수신됨 [object Object]"}
{"time":"2026-06-01T19:15:02.605Z","level":"DEBUG","tag":"service-server:WebSocketHandler","msg":"응답 전송됨 (크기: 40)"}
{"time":"2026-06-01T19:15:02.609Z","level":"DEBUG","tag":"service-server:WebSocketHandler","msg":"요청 수신됨 [object Object]"}
{"time":"2026-06-01T19:15:02.610Z","level":"DEBUG","tag":"service-server:WebSocketHandler","msg":"응답 전송됨 (크기: 40)"}
{"time":"2026-06-01T19:17:02.602Z","level":"DEBUG","tag":"service-server:WebSocketHandler","msg":"클라이언트 연결 해제됨: (code: 1005)"}
{"time":"2026-06-01T19:18:02.612Z","level":"DEBUG","tag":"service-server:WebSocketHandler","msg":"클라이언트 연결됨 [object Object]"}
{"time":"2026-06-01T19:18:02.616Z","level":"DEBUG","tag":"service-server:WebSocketHandler","msg":"요청 수신됨 [object Object]"}
{"time":"2026-06-01T19:18:02.618Z","level":"DEBUG","tag":"service-server:WebSocketHandler","msg":"응답 전송됨 (크기: 40)"}
{"time":"2026-06-01T19:18:02.622Z","level":"DEBUG","tag":"service-server:WebSocketHandler","msg":"요청 수신됨 [object Object]"}
{"time":"2026-06-01T19:18:02.622Z","level":"DEBUG","tag":"service-server:WebSocketHandler","msg":"응답 전송됨 (크기: 40)"}
{"time":"2026-06-01T19:20:02.608Z","level":"DEBUG","tag":"service-server:WebSocketHandler","msg":"클라이언트 연결 해제됨: (code: 1005)"}
{"time":"2026-06-01T19:21:02.605Z","level":"DEBUG","tag":"service-server:WebSocketHandler","msg":"클라이언트 연결됨 [object Object]"}
{"time":"2026-06-01T19:21:02.610Z","level":"DEBUG","tag":"service-server:WebSocketHandler","msg":"요청 수신됨 [object Object]"}
{"time":"2026-06-01T19:21:02.611Z","level":"DEBUG","tag":"service-server:WebSocketHandler","msg":"응답 전송됨 (크기: 40)"}
{"time":"2026-06-01T19:21:02.615Z","level":"DEBUG","tag":"service-server:WebSocketHandler","msg":"요청 수신됨 [object Object]"}
{"time":"2026-06-01T19:21:02.615Z","level":"DEBUG","tag":"service-server:WebSocketHandler","msg":"응답 전송됨 (크기: 40)"}
{"time":"2026-06-01T19:23:02.614Z","level":"DEBUG","tag":"service-server:WebSocketHandler","msg":"클라이언트 연결 해제됨: (code: 1005)"}
{"time":"2026-06-01T19:24:02.609Z","level":"DEBUG","tag":"service-server:WebSocketHandler","msg":"클라이언트 연결됨 [object Object]"}
{"time":"2026-06-01T19:24:02.614Z","level":"DEBUG","tag":"service-server:WebSocketHandler","msg":"요청 수신됨 [object Object]"}
{"time":"2026-06-01T19:24:02.615Z","level":"DEBUG","tag":"service-server:WebSocketHandler","msg":"응답 전송됨 (크기: 40)"}
{"time":"2026-06-01T19:24:02.619Z","level":"DEBUG","tag":"service-server:WebSocketHandler","msg":"요청 수신됨 [object Object]"}
{"time":"2026-06-01T19:24:02.619Z","level":"DEBUG","tag":"service-server:WebSocketHandler","msg":"응답 전송됨 (크기: 40)"}
{"time":"2026-06-01T19:26:02.607Z","level":"DEBUG","tag":"service-server:WebSocketHandler","msg":"클라이언트 연결 해제됨: (code: 1005)"}
{"time":"2026-06-01T19:27:02.621Z","level":"DEBUG","tag":"service-server:WebSocketHandler","msg":"클라이언트 연결됨 [object Object]"}
{"time":"2026-06-01T19:27:02.626Z","level":"DEBUG","tag":"service-server:WebSocketHandler","msg":"요청 수신됨 [object Object]"}
{"time":"2026-06-01T19:27:02.627Z","level":"DEBUG","tag":"service-server:WebSocketHandler","msg":"응답 전송됨 (크기: 40)"}
{"time":"2026-06-01T19:27:02.631Z","level":"DEBUG","tag":"service-server:WebSocketHandler","msg":"요청 수신됨 [object Object]"}
{"time":"2026-06-01T19:27:02.632Z","level":"DEBUG","tag":"service-server:WebSocketHandler","msg":"응답 전송됨 (크기: 40)"}
{"time":"2026-06-01T19:29:02.611Z","level":"DEBUG","tag":"service-server:WebSocketHandler","msg":"클라이언트 연결 해제됨: (code: 1005)"}
{"time":"2026-06-01T19:30:02.636Z","level":"DEBUG","tag":"service-server:WebSocketHandler","msg":"클라이언트 연결됨 [object Object]"}
{"time":"2026-06-01T19:30:02.651Z","level":"DEBUG","tag":"service-server:WebSocketHandler","msg":"요청 수신됨 [object Object]"}
{"time":"2026-06-01T19:30:02.653Z","level":"DEBUG","tag":"service-server:WebSocketHandler","msg":"응답 전송됨 (크기: 40)"}
{"time":"2026-06-01T19:30:02.666Z","level":"DEBUG","tag":"service-server:WebSocketHandler","msg":"요청 수신됨 [object Object]"}
{"time":"2026-06-01T19:30:02.666Z","level":"DEBUG","tag":"service-server:WebSocketHandler","msg":"응답 전송됨 (크기: 40)"}
{"time":"2026-06-01T19:32:02.625Z","level":"DEBUG","tag":"service-server:WebSocketHandler","msg":"클라이언트 연결 해제됨: (code: 1005)"}
{"time":"2026-06-01T19:33:02.626Z","level":"DEBUG","tag":"service-server:WebSocketHandler","msg":"클라이언트 연결됨 [object Object]"}
{"time":"2026-06-01T19:33:02.631Z","level":"DEBUG","tag":"service-server:WebSocketHandler","msg":"요청 수신됨 [object Object]"}
{"time":"2026-06-01T19:33:02.632Z","level":"DEBUG","tag":"service-server:WebSocketHandler","msg":"응답 전송됨 (크기: 40)"}
{"time":"2026-06-01T19:33:02.636Z","level":"DEBUG","tag":"service-server:WebSocketHandler","msg":"요청 수신됨 [object Object]"}
{"time":"2026-06-01T19:33:02.636Z","level":"DEBUG","tag":"service-server:WebSocketHandler","msg":"응답 전송됨 (크기: 40)"}
{"time":"2026-06-01T19:35:02.617Z","level":"DEBUG","tag":"service-server:WebSocketHandler","msg":"클라이언트 연결 해제됨: (code: 1005)"}
{"time":"2026-06-01T19:36:02.628Z","level":"DEBUG","tag":"service-server:WebSocketHandler","msg":"클라이언트 연결됨 [object Object]"}
{"time":"2026-06-01T19:36:02.636Z","level":"DEBUG","tag":"service-server:WebSocketHandler","msg":"요청 수신됨 [object Object]"}
{"time":"2026-06-01T19:36:02.637Z","level":"DEBUG","tag":"service-server:WebSocketHandler","msg":"응답 전송됨 (크기: 40)"}
{"time":"2026-06-01T19:36:02.641Z","level":"DEBUG","tag":"service-server:WebSocketHandler","msg":"요청 수신됨 [object Object]"}
{"time":"2026-06-01T19:36:02.642Z","level":"DEBUG","tag":"service-server:WebSocketHandler","msg":"응답 전송됨 (크기: 40)"}
{"time":"2026-06-01T19:36:43.755Z","level":"DEBUG","tag":"service-server:WebSocketHandler","msg":"클라이언트 연결됨 [object Object]"}
{"time":"2026-06-01T19:36:43.762Z","level":"DEBUG","tag":"service-server:WebSocketHandler","msg":"요청 수신됨 [object Object]"}
{"time":"2026-06-01T19:36:43.763Z","level":"DEBUG","tag":"service-server:WebSocketHandler","msg":"응답 전송됨 (크기: 123)"}
{"time":"2026-06-01T19:38:02.626Z","level":"DEBUG","tag":"service-server:WebSocketHandler","msg":"클라이언트 연결 해제됨: (code: 1005)"}
{"time":"2026-06-01T19:39:02.626Z","level":"DEBUG","tag":"service-server:WebSocketHandler","msg":"클라이언트 연결됨 [object Object]"}
{"time":"2026-06-01T19:39:02.632Z","level":"DEBUG","tag":"service-server:WebSocketHandler","msg":"요청 수신됨 [object Object]"}
{"time":"2026-06-01T19:39:02.633Z","level":"DEBUG","tag":"service-server:WebSocketHandler","msg":"응답 전송됨 (크기: 40)"}
{"time":"2026-06-01T19:39:02.637Z","level":"DEBUG","tag":"service-server:WebSocketHandler","msg":"요청 수신됨 [object Object]"}
{"time":"2026-06-01T19:39:02.637Z","level":"DEBUG","tag":"service-server:WebSocketHandler","msg":"응답 전송됨 (크기: 40)"}
{"time":"2026-06-01T19:40:43.922Z","level":"DEBUG","tag":"service-server:WebSocketHandler","msg":"클라이언트 연결 해제됨: (code: 1006)"}
{"time":"2026-06-01T19:41:02.625Z","level":"DEBUG","tag":"service-server:WebSocketHandler","msg":"클라이언트 연결 해제됨: (code: 1005)"}
{"time":"2026-06-01T19:41:18.634Z","level":"DEBUG","tag":"service-server:WebSocketHandler","msg":"클라이언트 연결됨 [object Object]"}
{"time":"2026-06-01T19:41:18.646Z","level":"DEBUG","tag":"service-server:WebSocketHandler","msg":"요청 수신됨 [object Object]"}
{"time":"2026-06-01T19:41:18.647Z","level":"DEBUG","tag":"service-server:WebSocketHandler","msg":"응답 전송됨 (크기: 123)"}
{"time":"2026-06-01T19:41:51.914Z","level":"DEBUG","tag":"service-server:WebSocketHandler","msg":"클라이언트 연결 해제됨: (code: 1006)"}
{"time":"2026-06-01T19:42:02.634Z","level":"DEBUG","tag":"service-server:WebSocketHandler","msg":"클라이언트 연결됨 [object Object]"}
{"time":"2026-06-01T19:42:02.639Z","level":"DEBUG","tag":"service-server:WebSocketHandler","msg":"요청 수신됨 [object Object]"}
{"time":"2026-06-01T19:42:02.639Z","level":"DEBUG","tag":"service-server:WebSocketHandler","msg":"응답 전송됨 (크기: 40)"}
{"time":"2026-06-01T19:42:02.643Z","level":"DEBUG","tag":"service-server:WebSocketHandler","msg":"요청 수신됨 [object Object]"}
{"time":"2026-06-01T19:42:02.643Z","level":"DEBUG","tag":"service-server:WebSocketHandler","msg":"응답 전송됨 (크기: 40)"}
{"time":"2026-06-01T19:44:02.635Z","level":"DEBUG","tag":"service-server:WebSocketHandler","msg":"클라이언트 연결 해제됨: (code: 1005)"}
{"time":"2026-06-01T19:45:02.635Z","level":"DEBUG","tag":"service-server:WebSocketHandler","msg":"클라이언트 연결됨 [object Object]"}
{"time":"2026-06-01T19:45:02.640Z","level":"DEBUG","tag":"service-server:WebSocketHandler","msg":"요청 수신됨 [object Object]"}
{"time":"2026-06-01T19:45:02.642Z","level":"DEBUG","tag":"service-server:WebSocketHandler","msg":"응답 전송됨 (크기: 40)"}
{"time":"2026-06-01T19:45:02.645Z","level":"DEBUG","tag":"service-server:WebSocketHandler","msg":"요청 수신됨 [object Object]"}
{"time":"2026-06-01T19:45:02.646Z","level":"DEBUG","tag":"service-server:WebSocketHandler","msg":"응답 전송됨 (크기: 40)"}
{"time":"2026-06-01T19:47:02.630Z","level":"DEBUG","tag":"service-server:WebSocketHandler","msg":"클라이언트 연결 해제됨: (code: 1005)"}
{"time":"2026-06-01T19:48:02.645Z","level":"DEBUG","tag":"service-server:WebSocketHandler","msg":"클라이언트 연결됨 [object Object]"}
{"time":"2026-06-01T19:48:02.650Z","level":"DEBUG","tag":"service-server:WebSocketHandler","msg":"요청 수신됨 [object Object]"}
{"time":"2026-06-01T19:48:02.651Z","level":"DEBUG","tag":"service-server:WebSocketHandler","msg":"응답 전송됨 (크기: 40)"}
{"time":"2026-06-01T19:48:02.655Z","level":"DEBUG","tag":"service-server:WebSocketHandler","msg":"요청 수신됨 [object Object]"}
{"time":"2026-06-01T19:48:02.656Z","level":"DEBUG","tag":"service-server:WebSocketHandler","msg":"응답 전송됨 (크기: 40)"}
{"time":"2026-06-01T19:50:02.653Z","level":"DEBUG","tag":"service-server:WebSocketHandler","msg":"클라이언트 연결 해제됨: (code: 1005)"}
{"time":"2026-06-01T19:51:02.648Z","level":"DEBUG","tag":"service-server:WebSocketHandler","msg":"클라이언트 연결됨 [object Object]"}
{"time":"2026-06-01T19:51:02.653Z","level":"DEBUG","tag":"service-server:WebSocketHandler","msg":"요청 수신됨 [object Object]"}
{"time":"2026-06-01T19:51:02.655Z","level":"DEBUG","tag":"service-server:WebSocketHandler","msg":"응답 전송됨 (크기: 40)"}
{"time":"2026-06-01T19:51:02.659Z","level":"DEBUG","tag":"service-server:WebSocketHandler","msg":"요청 수신됨 [object Object]"}
{"time":"2026-06-01T19:51:02.659Z","level":"DEBUG","tag":"service-server:WebSocketHandler","msg":"응답 전송됨 (크기: 40)"}
{"time":"2026-06-01T19:53:02.639Z","level":"DEBUG","tag":"service-server:WebSocketHandler","msg":"클라이언트 연결 해제됨: (code: 1005)"}
{"time":"2026-06-01T19:54:02.653Z","level":"DEBUG","tag":"service-server:WebSocketHandler","msg":"클라이언트 연결됨 [object Object]"}
{"time":"2026-06-01T19:54:02.658Z","level":"DEBUG","tag":"service-server:WebSocketHandler","msg":"요청 수신됨 [object Object]"}
{"time":"2026-06-01T19:54:02.660Z","level":"DEBUG","tag":"service-server:WebSocketHandler","msg":"응답 전송됨 (크기: 40)"}
{"time":"2026-06-01T19:54:02.664Z","level":"DEBUG","tag":"service-server:WebSocketHandler","msg":"요청 수신됨 [object Object]"}
{"time":"2026-06-01T19:54:02.664Z","level":"DEBUG","tag":"service-server:WebSocketHandler","msg":"응답 전송됨 (크기: 40)"}
{"time":"2026-06-01T19:56:02.649Z","level":"DEBUG","tag":"service-server:WebSocketHandler","msg":"클라이언트 연결 해제됨: (code: 1005)"}
{"time":"2026-06-01T19:57:02.652Z","level":"DEBUG","tag":"service-server:WebSocketHandler","msg":"클라이언트 연결됨 [object Object]"}
{"time":"2026-06-01T19:57:02.658Z","level":"DEBUG","tag":"service-server:WebSocketHandler","msg":"요청 수신됨 [object Object]"}
{"time":"2026-06-01T19:57:02.659Z","level":"DEBUG","tag":"service-server:WebSocketHandler","msg":"응답 전송됨 (크기: 40)"}
{"time":"2026-06-01T19:57:02.663Z","level":"DEBUG","tag":"service-server:WebSocketHandler","msg":"요청 수신됨 [object Object]"}
{"time":"2026-06-01T19:57:02.663Z","level":"DEBUG","tag":"service-server:WebSocketHandler","msg":"응답 전송됨 (크기: 40)"}
{"time":"2026-06-01T19:59:02.649Z","level":"DEBUG","tag":"service-server:WebSocketHandler","msg":"클라이언트 연결 해제됨: (code: 1005)"}
{"time":"2026-06-01T20:00:02.659Z","level":"DEBUG","tag":"service-server:WebSocketHandler","msg":"클라이언트 연결됨 [object Object]"}
{"time":"2026-06-01T20:00:02.664Z","level":"DEBUG","tag":"service-server:WebSocketHandler","msg":"요청 수신됨 [object Object]"}
{"time":"2026-06-01T20:00:02.666Z","level":"DEBUG","tag":"service-server:WebSocketHandler","msg":"응답 전송됨 (크기: 40)"}
{"time":"2026-06-01T20:00:02.670Z","level":"DEBUG","tag":"service-server:WebSocketHandler","msg":"요청 수신됨 [object Object]"}
{"time":"2026-06-01T20:00:02.670Z","level":"DEBUG","tag":"service-server:WebSocketHandler","msg":"응답 전송됨 (크기: 40)"}
{"time":"2026-06-01T20:02:02.656Z","level":"DEBUG","tag":"service-server:WebSocketHandler","msg":"클라이언트 연결 해제됨: (code: 1005)"}
{"time":"2026-06-01T20:03:02.666Z","level":"DEBUG","tag":"service-server:WebSocketHandler","msg":"클라이언트 연결됨 [object Object]"}
{"time":"2026-06-01T20:03:02.671Z","level":"DEBUG","tag":"service-server:WebSocketHandler","msg":"요청 수신됨 [object Object]"}
{"time":"2026-06-01T20:03:02.672Z","level":"DEBUG","tag":"service-server:WebSocketHandler","msg":"응답 전송됨 (크기: 40)"}
{"time":"2026-06-01T20:03:02.676Z","level":"DEBUG","tag":"service-server:WebSocketHandler","msg":"요청 수신됨 [object Object]"}
{"time":"2026-06-01T20:03:02.677Z","level":"DEBUG","tag":"service-server:WebSocketHandler","msg":"응답 전송됨 (크기: 40)"}
{"time":"2026-06-01T20:05:02.655Z","level":"DEBUG","tag":"service-server:WebSocketHandler","msg":"클라이언트 연결 해제됨: (code: 1005)"}
{"time":"2026-06-01T20:06:02.665Z","level":"DEBUG","tag":"service-server:WebSocketHandler","msg":"클라이언트 연결됨 [object Object]"}
{"time":"2026-06-01T20:06:02.670Z","level":"DEBUG","tag":"service-server:WebSocketHandler","msg":"요청 수신됨 [object Object]"}
{"time":"2026-06-01T20:06:02.671Z","level":"DEBUG","tag":"service-server:WebSocketHandler","msg":"응답 전송됨 (크기: 40)"}
{"time":"2026-06-01T20:06:02.676Z","level":"DEBUG","tag":"service-server:WebSocketHandler","msg":"요청 수신됨 [object Object]"}
{"time":"2026-06-01T20:06:02.676Z","level":"DEBUG","tag":"service-server:WebSocketHandler","msg":"응답 전송됨 (크기: 40)"}
{"time":"2026-06-01T20:08:02.670Z","level":"DEBUG","tag":"service-server:WebSocketHandler","msg":"클라이언트 연결 해제됨: (code: 1005)"}
{"time":"2026-06-01T20:09:02.667Z","level":"DEBUG","tag":"service-server:WebSocketHandler","msg":"클라이언트 연결됨 [object Object]"}
{"time":"2026-06-01T20:09:02.671Z","level":"DEBUG","tag":"service-server:WebSocketHandler","msg":"요청 수신됨 [object Object]"}
{"time":"2026-06-01T20:09:02.673Z","level":"DEBUG","tag":"service-server:WebSocketHandler","msg":"응답 전송됨 (크기: 40)"}
{"time":"2026-06-01T20:09:02.677Z","level":"DEBUG","tag":"service-server:WebSocketHandler","msg":"요청 수신됨 [object Object]"}
{"time":"2026-06-01T20:09:02.677Z","level":"DEBUG","tag":"service-server:WebSocketHandler","msg":"응답 전송됨 (크기: 40)"}
{"time":"2026-06-01T20:11:02.669Z","level":"DEBUG","tag":"service-server:WebSocketHandler","msg":"클라이언트 연결 해제됨: (code: 1005)"}
{"time":"2026-06-01T20:12:02.668Z","level":"DEBUG","tag":"service-server:WebSocketHandler","msg":"클라이언트 연결됨 [object Object]"}
{"time":"2026-06-01T20:12:02.673Z","level":"DEBUG","tag":"service-server:WebSocketHandler","msg":"요청 수신됨 [object Object]"}
{"time":"2026-06-01T20:12:02.675Z","level":"DEBUG","tag":"service-server:WebSocketHandler","msg":"응답 전송됨 (크기: 40)"}
{"time":"2026-06-01T20:12:02.679Z","level":"DEBUG","tag":"service-server:WebSocketHandler","msg":"요청 수신됨 [object Object]"}
{"time":"2026-06-01T20:12:02.679Z","level":"DEBUG","tag":"service-server:WebSocketHandler","msg":"응답 전송됨 (크기: 40)"}
{"time":"2026-06-01T20:14:02.669Z","level":"DEBUG","tag":"service-server:WebSocketHandler","msg":"클라이언트 연결 해제됨: (code: 1005)"}
{"time":"2026-06-01T20:15:02.678Z","level":"DEBUG","tag":"service-server:WebSocketHandler","msg":"클라이언트 연결됨 [object Object]"}
{"time":"2026-06-01T20:15:02.684Z","level":"DEBUG","tag":"service-server:WebSocketHandler","msg":"요청 수신됨 [object Object]"}
{"time":"2026-06-01T20:15:02.685Z","level":"DEBUG","tag":"service-server:WebSocketHandler","msg":"응답 전송됨 (크기: 40)"}
{"time":"2026-06-01T20:15:02.689Z","level":"DEBUG","tag":"service-server:WebSocketHandler","msg":"요청 수신됨 [object Object]"}
{"time":"2026-06-01T20:15:02.689Z","level":"DEBUG","tag":"service-server:WebSocketHandler","msg":"응답 전송됨 (크기: 40)"}
{"time":"2026-06-01T20:17:02.673Z","level":"DEBUG","tag":"service-server:WebSocketHandler","msg":"클라이언트 연결 해제됨: (code: 1005)"}
{"time":"2026-06-01T20:18:02.687Z","level":"DEBUG","tag":"service-server:WebSocketHandler","msg":"클라이언트 연결됨 [object Object]"}
{"time":"2026-06-01T20:18:02.695Z","level":"DEBUG","tag":"service-server:WebSocketHandler","msg":"요청 수신됨 [object Object]"}
{"time":"2026-06-01T20:18:02.696Z","level":"DEBUG","tag":"service-server:WebSocketHandler","msg":"응답 전송됨 (크기: 40)"}
{"time":"2026-06-01T20:18:02.703Z","level":"DEBUG","tag":"service-server:WebSocketHandler","msg":"요청 수신됨 [object Object]"}
{"time":"2026-06-01T20:18:02.703Z","level":"DEBUG","tag":"service-server:WebSocketHandler","msg":"응답 전송됨 (크기: 40)"}
{"time":"2026-06-01T20:20:02.684Z","level":"DEBUG","tag":"service-server:WebSocketHandler","msg":"클라이언트 연결 해제됨: (code: 1005)"}
{"time":"2026-06-01T20:21:02.678Z","level":"DEBUG","tag":"service-server:WebSocketHandler","msg":"클라이언트 연결됨 [object Object]"}
{"time":"2026-06-01T20:21:02.683Z","level":"DEBUG","tag":"service-server:WebSocketHandler","msg":"요청 수신됨 [object Object]"}
{"time":"2026-06-01T20:21:02.684Z","level":"DEBUG","tag":"service-server:WebSocketHandler","msg":"응답 전송됨 (크기: 40)"}
{"time":"2026-06-01T20:21:02.688Z","level":"DEBUG","tag":"service-server:WebSocketHandler","msg":"요청 수신됨 [object Object]"}
{"time":"2026-06-01T20:21:02.689Z","level":"DEBUG","tag":"service-server:WebSocketHandler","msg":"응답 전송됨 (크기: 40)"}
{"time":"2026-06-01T20:23:02.680Z","level":"DEBUG","tag":"service-server:WebSocketHandler","msg":"클라이언트 연결 해제됨: (code: 1005)"}
{"time":"2026-06-01T20:24:02.693Z","level":"DEBUG","tag":"service-server:WebSocketHandler","msg":"클라이언트 연결됨 [object Object]"}
{"time":"2026-06-01T20:24:02.698Z","level":"DEBUG","tag":"service-server:WebSocketHandler","msg":"요청 수신됨 [object Object]"}
{"time":"2026-06-01T20:24:02.698Z","level":"DEBUG","tag":"service-server:WebSocketHandler","msg":"응답 전송됨 (크기: 40)"}
{"time":"2026-06-01T20:24:02.702Z","level":"DEBUG","tag":"service-server:WebSocketHandler","msg":"요청 수신됨 [object Object]"}
{"time":"2026-06-01T20:24:02.702Z","level":"DEBUG","tag":"service-server:WebSocketHandler","msg":"응답 전송됨 (크기: 40)"}
{"time":"2026-06-01T20:26:02.693Z","level":"DEBUG","tag":"service-server:WebSocketHandler","msg":"클라이언트 연결 해제됨: (code: 1005)"}
{"time":"2026-06-01T20:27:02.688Z","level":"DEBUG","tag":"service-server:WebSocketHandler","msg":"클라이언트 연결됨 [object Object]"}
{"time":"2026-06-01T20:27:02.693Z","level":"DEBUG","tag":"service-server:WebSocketHandler","msg":"요청 수신됨 [object Object]"}
{"time":"2026-06-01T20:27:02.694Z","level":"DEBUG","tag":"service-server:WebSocketHandler","msg":"응답 전송됨 (크기: 40)"}
{"time":"2026-06-01T20:27:02.698Z","level":"DEBUG","tag":"service-server:WebSocketHandler","msg":"요청 수신됨 [object Object]"}
{"time":"2026-06-01T20:27:02.698Z","level":"DEBUG","tag":"service-server:WebSocketHandler","msg":"응답 전송됨 (크기: 40)"}
{"time":"2026-06-01T20:29:02.698Z","level":"DEBUG","tag":"service-server:WebSocketHandler","msg":"클라이언트 연결 해제됨: (code: 1005)"}
{"time":"2026-06-01T20:30:02.700Z","level":"DEBUG","tag":"service-server:WebSocketHandler","msg":"클라이언트 연결됨 [object Object]"}
{"time":"2026-06-01T20:30:02.705Z","level":"DEBUG","tag":"service-server:WebSocketHandler","msg":"요청 수신됨 [object Object]"}
{"time":"2026-06-01T20:30:02.707Z","level":"DEBUG","tag":"service-server:WebSocketHandler","msg":"응답 전송됨 (크기: 40)"}
{"time":"2026-06-01T20:30:02.711Z","level":"DEBUG","tag":"service-server:WebSocketHandler","msg":"요청 수신됨 [object Object]"}
{"time":"2026-06-01T20:30:02.711Z","level":"DEBUG","tag":"service-server:WebSocketHandler","msg":"응답 전송됨 (크기: 40)"}
{"time":"2026-06-01T20:32:02.692Z","level":"DEBUG","tag":"service-server:WebSocketHandler","msg":"클라이언트 연결 해제됨: (code: 1005)"}
{"time":"2026-06-01T20:33:02.702Z","level":"DEBUG","tag":"service-server:WebSocketHandler","msg":"클라이언트 연결됨 [object Object]"}
{"time":"2026-06-01T20:33:02.707Z","level":"DEBUG","tag":"service-server:WebSocketHandler","msg":"요청 수신됨 [object Object]"}
{"time":"2026-06-01T20:33:02.708Z","level":"DEBUG","tag":"service-server:WebSocketHandler","msg":"응답 전송됨 (크기: 40)"}
{"time":"2026-06-01T20:33:02.712Z","level":"DEBUG","tag":"service-server:WebSocketHandler","msg":"요청 수신됨 [object Object]"}
{"time":"2026-06-01T20:33:02.712Z","level":"DEBUG","tag":"service-server:WebSocketHandler","msg":"응답 전송됨 (크기: 40)"}
{"time":"2026-06-01T20:35:02.692Z","level":"DEBUG","tag":"service-server:WebSocketHandler","msg":"클라이언트 연결 해제됨: (code: 1005)"}
{"time":"2026-06-01T20:36:02.708Z","level":"DEBUG","tag":"service-server:WebSocketHandler","msg":"클라이언트 연결됨 [object Object]"}
{"time":"2026-06-01T20:36:02.713Z","level":"DEBUG","tag":"service-server:WebSocketHandler","msg":"요청 수신됨 [object Object]"}
{"time":"2026-06-01T20:36:02.714Z","level":"DEBUG","tag":"service-server:WebSocketHandler","msg":"응답 전송됨 (크기: 40)"}
{"time":"2026-06-01T20:36:02.718Z","level":"DEBUG","tag":"service-server:WebSocketHandler","msg":"요청 수신됨 [object Object]"}
{"time":"2026-06-01T20:36:02.719Z","level":"DEBUG","tag":"service-server:WebSocketHandler","msg":"응답 전송됨 (크기: 40)"}
{"time":"2026-06-01T20:38:02.700Z","level":"DEBUG","tag":"service-server:WebSocketHandler","msg":"클라이언트 연결 해제됨: (code: 1005)"}
{"time":"2026-06-01T20:39:02.710Z","level":"DEBUG","tag":"service-server:WebSocketHandler","msg":"클라이언트 연결됨 [object Object]"}
{"time":"2026-06-01T20:39:02.715Z","level":"DEBUG","tag":"service-server:WebSocketHandler","msg":"요청 수신됨 [object Object]"}
{"time":"2026-06-01T20:39:02.716Z","level":"DEBUG","tag":"service-server:WebSocketHandler","msg":"응답 전송됨 (크기: 40)"}
{"time":"2026-06-01T20:39:02.720Z","level":"DEBUG","tag":"service-server:WebSocketHandler","msg":"요청 수신됨 [object Object]"}
{"time":"2026-06-01T20:39:02.721Z","level":"DEBUG","tag":"service-server:WebSocketHandler","msg":"응답 전송됨 (크기: 40)"}
{"time":"2026-06-01T20:41:02.710Z","level":"DEBUG","tag":"service-server:WebSocketHandler","msg":"클라이언트 연결 해제됨: (code: 1005)"}
{"time":"2026-06-01T20:42:02.710Z","level":"DEBUG","tag":"service-server:WebSocketHandler","msg":"클라이언트 연결됨 [object Object]"}
{"time":"2026-06-01T20:42:02.715Z","level":"DEBUG","tag":"service-server:WebSocketHandler","msg":"요청 수신됨 [object Object]"}
{"time":"2026-06-01T20:42:02.716Z","level":"DEBUG","tag":"service-server:WebSocketHandler","msg":"응답 전송됨 (크기: 40)"}
{"time":"2026-06-01T20:42:02.720Z","level":"DEBUG","tag":"service-server:WebSocketHandler","msg":"요청 수신됨 [object Object]"}
{"time":"2026-06-01T20:42:02.721Z","level":"DEBUG","tag":"service-server:WebSocketHandler","msg":"응답 전송됨 (크기: 40)"}
{"time":"2026-06-01T20:44:02.714Z","level":"DEBUG","tag":"service-server:WebSocketHandler","msg":"클라이언트 연결 해제됨: (code: 1005)"}
{"time":"2026-06-01T20:45:02.706Z","level":"DEBUG","tag":"service-server:WebSocketHandler","msg":"클라이언트 연결됨 [object Object]"}
{"time":"2026-06-01T20:45:02.712Z","level":"DEBUG","tag":"service-server:WebSocketHandler","msg":"요청 수신됨 [object Object]"}
{"time":"2026-06-01T20:45:02.713Z","level":"DEBUG","tag":"service-server:WebSocketHandler","msg":"응답 전송됨 (크기: 40)"}
{"time":"2026-06-01T20:45:02.717Z","level":"DEBUG","tag":"service-server:WebSocketHandler","msg":"요청 수신됨 [object Object]"}
{"time":"2026-06-01T20:45:02.717Z","level":"DEBUG","tag":"service-server:WebSocketHandler","msg":"응답 전송됨 (크기: 40)"}
{"time":"2026-06-01T20:47:02.711Z","level":"DEBUG","tag":"service-server:WebSocketHandler","msg":"클라이언트 연결 해제됨: (code: 1005)"}
{"time":"2026-06-01T20:48:02.709Z","level":"DEBUG","tag":"service-server:WebSocketHandler","msg":"클라이언트 연결됨 [object Object]"}
{"time":"2026-06-01T20:48:02.714Z","level":"DEBUG","tag":"service-server:WebSocketHandler","msg":"요청 수신됨 [object Object]"}
{"time":"2026-06-01T20:48:02.715Z","level":"DEBUG","tag":"service-server:WebSocketHandler","msg":"응답 전송됨 (크기: 40)"}
{"time":"2026-06-01T20:48:02.719Z","level":"DEBUG","tag":"service-server:WebSocketHandler","msg":"요청 수신됨 [object Object]"}
{"time":"2026-06-01T20:48:02.720Z","level":"DEBUG","tag":"service-server:WebSocketHandler","msg":"응답 전송됨 (크기: 40)"}
{"time":"2026-06-01T20:50:02.714Z","level":"DEBUG","tag":"service-server:WebSocketHandler","msg":"클라이언트 연결 해제됨: (code: 1005)"}
{"time":"2026-06-01T20:51:02.727Z","level":"DEBUG","tag":"service-server:WebSocketHandler","msg":"클라이언트 연결됨 [object Object]"}
{"time":"2026-06-01T20:51:02.732Z","level":"DEBUG","tag":"service-server:WebSocketHandler","msg":"요청 수신됨 [object Object]"}
{"time":"2026-06-01T20:51:02.732Z","level":"DEBUG","tag":"service-server:WebSocketHandler","msg":"응답 전송됨 (크기: 40)"}
{"time":"2026-06-01T20:51:02.736Z","level":"DEBUG","tag":"service-server:WebSocketHandler","msg":"요청 수신됨 [object Object]"}
{"time":"2026-06-01T20:51:02.736Z","level":"DEBUG","tag":"service-server:WebSocketHandler","msg":"응답 전송됨 (크기: 40)"}
{"time":"2026-06-01T20:53:02.726Z","level":"DEBUG","tag":"service-server:WebSocketHandler","msg":"클라이언트 연결 해제됨: (code: 1005)"}
{"time":"2026-06-01T20:54:02.725Z","level":"DEBUG","tag":"service-server:WebSocketHandler","msg":"클라이언트 연결됨 [object Object]"}
{"time":"2026-06-01T20:54:02.730Z","level":"DEBUG","tag":"service-server:WebSocketHandler","msg":"요청 수신됨 [object Object]"}
{"time":"2026-06-01T20:54:02.732Z","level":"DEBUG","tag":"service-server:WebSocketHandler","msg":"응답 전송됨 (크기: 40)"}
{"time":"2026-06-01T20:54:02.736Z","level":"DEBUG","tag":"service-server:WebSocketHandler","msg":"요청 수신됨 [object Object]"}
{"time":"2026-06-01T20:54:02.736Z","level":"DEBUG","tag":"service-server:WebSocketHandler","msg":"응답 전송됨 (크기: 40)"}
{"time":"2026-06-01T20:56:02.726Z","level":"DEBUG","tag":"service-server:WebSocketHandler","msg":"클라이언트 연결 해제됨: (code: 1005)"}
{"time":"2026-06-01T20:57:02.732Z","level":"DEBUG","tag":"service-server:WebSocketHandler","msg":"클라이언트 연결됨 [object Object]"}
{"time":"2026-06-01T20:57:02.741Z","level":"DEBUG","tag":"service-server:WebSocketHandler","msg":"요청 수신됨 [object Object]"}
{"time":"2026-06-01T20:57:02.743Z","level":"DEBUG","tag":"service-server:WebSocketHandler","msg":"응답 전송됨 (크기: 40)"}
{"time":"2026-06-01T20:57:02.751Z","level":"DEBUG","tag":"service-server:WebSocketHandler","msg":"요청 수신됨 [object Object]"}
{"time":"2026-06-01T20:57:02.751Z","level":"DEBUG","tag":"service-server:WebSocketHandler","msg":"응답 전송됨 (크기: 40)"}
{"time":"2026-06-01T20:57:15.961Z","level":"DEBUG","tag":"service-server:WebSocketHandler","msg":"클라이언트 연결됨 [object Object]"}
{"time":"2026-06-01T20:57:16.084Z","level":"DEBUG","tag":"service-server:WebSocketHandler","msg":"요청 수신됨 [object Object]"}
{"time":"2026-06-01T20:57:16.085Z","level":"DEBUG","tag":"service-server:WebSocketHandler","msg":"응답 전송됨 (크기: 143)"}
{"time":"2026-06-01T20:57:16.332Z","level":"DEBUG","tag":"service-server:WebSocketHandler","msg":"클라이언트 연결 해제됨: (code: 1005)"}
{"time":"2026-06-01T20:59:02.723Z","level":"DEBUG","tag":"service-server:WebSocketHandler","msg":"클라이언트 연결 해제됨: (code: 1005)"}
{"time":"2026-06-01T21:00:02.726Z","level":"DEBUG","tag":"service-server:WebSocketHandler","msg":"클라이언트 연결됨 [object Object]"}
{"time":"2026-06-01T21:00:02.731Z","level":"DEBUG","tag":"service-server:WebSocketHandler","msg":"요청 수신됨 [object Object]"}
{"time":"2026-06-01T21:00:02.733Z","level":"DEBUG","tag":"service-server:WebSocketHandler","msg":"응답 전송됨 (크기: 40)"}
{"time":"2026-06-01T21:00:02.737Z","level":"DEBUG","tag":"service-server:WebSocketHandler","msg":"요청 수신됨 [object Object]"}
{"time":"2026-06-01T21:00:02.737Z","level":"DEBUG","tag":"service-server:WebSocketHandler","msg":"응답 전송됨 (크기: 40)"}
{"time":"2026-06-01T21:02:02.726Z","level":"DEBUG","tag":"service-server:WebSocketHandler","msg":"클라이언트 연결 해제됨: (code: 1005)"}
{"time":"2026-06-01T21:03:02.739Z","level":"DEBUG","tag":"service-server:WebSocketHandler","msg":"클라이언트 연결됨 [object Object]"}
{"time":"2026-06-01T21:03:02.744Z","level":"DEBUG","tag":"service-server:WebSocketHandler","msg":"요청 수신됨 [object Object]"}
{"time":"2026-06-01T21:03:02.746Z","level":"DEBUG","tag":"service-server:WebSocketHandler","msg":"응답 전송됨 (크기: 40)"}
{"time":"2026-06-01T21:03:02.750Z","level":"DEBUG","tag":"service-server:WebSocketHandler","msg":"요청 수신됨 [object Object]"}
{"time":"2026-06-01T21:03:02.750Z","level":"DEBUG","tag":"service-server:WebSocketHandler","msg":"응답 전송됨 (크기: 40)"}
{"time":"2026-06-01T21:05:02.733Z","level":"DEBUG","tag":"service-server:WebSocketHandler","msg":"클라이언트 연결 해제됨: (code: 1005)"}
{"time":"2026-06-01T21:06:02.732Z","level":"DEBUG","tag":"service-server:WebSocketHandler","msg":"클라이언트 연결됨 [object Object]"}
{"time":"2026-06-01T21:06:02.737Z","level":"DEBUG","tag":"service-server:WebSocketHandler","msg":"요청 수신됨 [object Object]"}
{"time":"2026-06-01T21:06:02.738Z","level":"DEBUG","tag":"service-server:WebSocketHandler","msg":"응답 전송됨 (크기: 40)"}
{"time":"2026-06-01T21:06:02.742Z","level":"DEBUG","tag":"service-server:WebSocketHandler","msg":"요청 수신됨 [object Object]"}
{"time":"2026-06-01T21:06:02.743Z","level":"DEBUG","tag":"service-server:WebSocketHandler","msg":"응답 전송됨 (크기: 40)"}
{"time":"2026-06-01T21:08:02.734Z","level":"DEBUG","tag":"service-server:WebSocketHandler","msg":"클라이언트 연결 해제됨: (code: 1005)"}
{"time":"2026-06-01T21:09:02.733Z","level":"DEBUG","tag":"service-server:WebSocketHandler","msg":"클라이언트 연결됨 [object Object]"}
{"time":"2026-06-01T21:09:02.738Z","level":"DEBUG","tag":"service-server:WebSocketHandler","msg":"요청 수신됨 [object Object]"}
{"time":"2026-06-01T21:09:02.739Z","level":"DEBUG","tag":"service-server:WebSocketHandler","msg":"응답 전송됨 (크기: 40)"}
{"time":"2026-06-01T21:09:02.743Z","level":"DEBUG","tag":"service-server:WebSocketHandler","msg":"요청 수신됨 [object Object]"}
{"time":"2026-06-01T21:09:02.744Z","level":"DEBUG","tag":"service-server:WebSocketHandler","msg":"응답 전송됨 (크기: 40)"}
{"time":"2026-06-01T21:11:02.742Z","level":"DEBUG","tag":"service-server:WebSocketHandler","msg":"클라이언트 연결 해제됨: (code: 1005)"}
{"time":"2026-06-01T21:12:02.740Z","level":"DEBUG","tag":"service-server:WebSocketHandler","msg":"클라이언트 연결됨 [object Object]"}
{"time":"2026-06-01T21:12:02.745Z","level":"DEBUG","tag":"service-server:WebSocketHandler","msg":"요청 수신됨 [object Object]"}
{"time":"2026-06-01T21:12:02.746Z","level":"DEBUG","tag":"service-server:WebSocketHandler","msg":"응답 전송됨 (크기: 40)"}
{"time":"2026-06-01T21:12:02.749Z","level":"DEBUG","tag":"service-server:WebSocketHandler","msg":"요청 수신됨 [object Object]"}
{"time":"2026-06-01T21:12:02.749Z","level":"DEBUG","tag":"service-server:WebSocketHandler","msg":"응답 전송됨 (크기: 40)"}
{"time":"2026-06-01T21:13:23.628Z","level":"DEBUG","tag":"service-server:WebSocketHandler","msg":"클라이언트 연결됨 [object Object]"}
{"time":"2026-06-01T21:13:23.755Z","level":"DEBUG","tag":"service-server:WebSocketHandler","msg":"요청 수신됨 [object Object]"}
{"time":"2026-06-01T21:13:23.756Z","level":"DEBUG","tag":"service-server:WebSocketHandler","msg":"응답 전송됨 (크기: 143)"}
{"time":"2026-06-01T21:13:24.009Z","level":"DEBUG","tag":"service-server:WebSocketHandler","msg":"클라이언트 연결 해제됨: (code: 1005)"}
{"time":"2026-06-01T21:14:02.749Z","level":"DEBUG","tag":"service-server:WebSocketHandler","msg":"클라이언트 연결 해제됨: (code: 1005)"}
{"time":"2026-06-01T21:15:02.746Z","level":"DEBUG","tag":"service-server:WebSocketHandler","msg":"클라이언트 연결됨 [object Object]"}
{"time":"2026-06-01T21:15:02.751Z","level":"DEBUG","tag":"service-server:WebSocketHandler","msg":"요청 수신됨 [object Object]"}
{"time":"2026-06-01T21:15:02.752Z","level":"DEBUG","tag":"service-server:WebSocketHandler","msg":"응답 전송됨 (크기: 40)"}
{"time":"2026-06-01T21:15:02.756Z","level":"DEBUG","tag":"service-server:WebSocketHandler","msg":"요청 수신됨 [object Object]"}
{"time":"2026-06-01T21:15:02.757Z","level":"DEBUG","tag":"service-server:WebSocketHandler","msg":"응답 전송됨 (크기: 40)"}
{"time":"2026-06-01T21:17:02.748Z","level":"DEBUG","tag":"service-server:WebSocketHandler","msg":"클라이언트 연결 해제됨: (code: 1005)"}
{"time":"2026-06-01T21:18:02.747Z","level":"DEBUG","tag":"service-server:WebSocketHandler","msg":"클라이언트 연결됨 [object Object]"}
{"time":"2026-06-01T21:18:02.752Z","level":"DEBUG","tag":"service-server:WebSocketHandler","msg":"요청 수신됨 [object Object]"}
{"time":"2026-06-01T21:18:02.754Z","level":"DEBUG","tag":"service-server:WebSocketHandler","msg":"응답 전송됨 (크기: 40)"}
{"time":"2026-06-01T21:18:02.758Z","level":"DEBUG","tag":"service-server:WebSocketHandler","msg":"요청 수신됨 [object Object]"}
{"time":"2026-06-01T21:18:02.758Z","level":"DEBUG","tag":"service-server:WebSocketHandler","msg":"응답 전송됨 (크기: 40)"}
{"time":"2026-06-01T21:20:02.746Z","level":"DEBUG","tag":"service-server:WebSocketHandler","msg":"클라이언트 연결 해제됨: (code: 1005)"}
{"time":"2026-06-01T21:21:02.755Z","level":"DEBUG","tag":"service-server:WebSocketHandler","msg":"클라이언트 연결됨 [object Object]"}
{"time":"2026-06-01T21:21:02.760Z","level":"DEBUG","tag":"service-server:WebSocketHandler","msg":"요청 수신됨 [object Object]"}
{"time":"2026-06-01T21:21:02.761Z","level":"DEBUG","tag":"service-server:WebSocketHandler","msg":"응답 전송됨 (크기: 40)"}
{"time":"2026-06-01T21:21:02.765Z","level":"DEBUG","tag":"service-server:WebSocketHandler","msg":"요청 수신됨 [object Object]"}
{"time":"2026-06-01T21:21:02.765Z","level":"DEBUG","tag":"service-server:WebSocketHandler","msg":"응답 전송됨 (크기: 40)"}
{"time":"2026-06-01T21:23:02.760Z","level":"DEBUG","tag":"service-server:WebSocketHandler","msg":"클라이언트 연결 해제됨: (code: 1005)"}
{"time":"2026-06-01T21:24:02.752Z","level":"DEBUG","tag":"service-server:WebSocketHandler","msg":"클라이언트 연결됨 [object Object]"}
{"time":"2026-06-01T21:24:02.757Z","level":"DEBUG","tag":"service-server:WebSocketHandler","msg":"요청 수신됨 [object Object]"}
{"time":"2026-06-01T21:24:02.758Z","level":"DEBUG","tag":"service-server:WebSocketHandler","msg":"응답 전송됨 (크기: 40)"}
{"time":"2026-06-01T21:24:02.762Z","level":"DEBUG","tag":"service-server:WebSocketHandler","msg":"요청 수신됨 [object Object]"}
{"time":"2026-06-01T21:24:02.762Z","level":"DEBUG","tag":"service-server:WebSocketHandler","msg":"응답 전송됨 (크기: 40)"}
{"time":"2026-06-01T21:26:02.763Z","level":"DEBUG","tag":"service-server:WebSocketHandler","msg":"클라이언트 연결 해제됨: (code: 1005)"}
{"time":"2026-06-01T21:27:02.759Z","level":"DEBUG","tag":"service-server:WebSocketHandler","msg":"클라이언트 연결됨 [object Object]"}
{"time":"2026-06-01T21:27:02.764Z","level":"DEBUG","tag":"service-server:WebSocketHandler","msg":"요청 수신됨 [object Object]"}
{"time":"2026-06-01T21:27:02.765Z","level":"DEBUG","tag":"service-server:WebSocketHandler","msg":"응답 전송됨 (크기: 40)"}
{"time":"2026-06-01T21:27:02.778Z","level":"DEBUG","tag":"service-server:WebSocketHandler","msg":"요청 수신됨 [object Object]"}
{"time":"2026-06-01T21:27:02.778Z","level":"DEBUG","tag":"service-server:WebSocketHandler","msg":"응답 전송됨 (크기: 40)"}
{"time":"2026-06-01T21:29:02.762Z","level":"DEBUG","tag":"service-server:WebSocketHandler","msg":"클라이언트 연결 해제됨: (code: 1005)"}
{"time":"2026-06-01T21:30:02.766Z","level":"DEBUG","tag":"service-server:WebSocketHandler","msg":"클라이언트 연결됨 [object Object]"}
{"time":"2026-06-01T21:30:02.771Z","level":"DEBUG","tag":"service-server:WebSocketHandler","msg":"요청 수신됨 [object Object]"}
{"time":"2026-06-01T21:30:02.772Z","level":"DEBUG","tag":"service-server:WebSocketHandler","msg":"응답 전송됨 (크기: 40)"}
{"time":"2026-06-01T21:30:02.777Z","level":"DEBUG","tag":"service-server:WebSocketHandler","msg":"요청 수신됨 [object Object]"}
{"time":"2026-06-01T21:30:02.777Z","level":"DEBUG","tag":"service-server:WebSocketHandler","msg":"응답 전송됨 (크기: 40)"}
{"time":"2026-06-01T21:32:02.771Z","level":"DEBUG","tag":"service-server:WebSocketHandler","msg":"클라이언트 연결 해제됨: (code: 1005)"}
{"time":"2026-06-01T21:33:02.775Z","level":"DEBUG","tag":"service-server:WebSocketHandler","msg":"클라이언트 연결됨 [object Object]"}
{"time":"2026-06-01T21:33:02.780Z","level":"DEBUG","tag":"service-server:WebSocketHandler","msg":"요청 수신됨 [object Object]"}
{"time":"2026-06-01T21:33:02.781Z","level":"DEBUG","tag":"service-server:WebSocketHandler","msg":"응답 전송됨 (크기: 40)"}
{"time":"2026-06-01T21:33:02.785Z","level":"DEBUG","tag":"service-server:WebSocketHandler","msg":"요청 수신됨 [object Object]"}
{"time":"2026-06-01T21:33:02.785Z","level":"DEBUG","tag":"service-server:WebSocketHandler","msg":"응답 전송됨 (크기: 40)"}
{"time":"2026-06-01T21:35:02.775Z","level":"DEBUG","tag":"service-server:WebSocketHandler","msg":"클라이언트 연결 해제됨: (code: 1005)"}
{"time":"2026-06-01T21:36:02.773Z","level":"DEBUG","tag":"service-server:WebSocketHandler","msg":"클라이언트 연결됨 [object Object]"}
{"time":"2026-06-01T21:36:02.778Z","level":"DEBUG","tag":"service-server:WebSocketHandler","msg":"요청 수신됨 [object Object]"}
{"time":"2026-06-01T21:36:02.779Z","level":"DEBUG","tag":"service-server:WebSocketHandler","msg":"응답 전송됨 (크기: 40)"}
{"time":"2026-06-01T21:36:02.783Z","level":"DEBUG","tag":"service-server:WebSocketHandler","msg":"요청 수신됨 [object Object]"}
{"time":"2026-06-01T21:36:02.784Z","level":"DEBUG","tag":"service-server:WebSocketHandler","msg":"응답 전송됨 (크기: 40)"}
{"time":"2026-06-01T21:38:02.772Z","level":"DEBUG","tag":"service-server:WebSocketHandler","msg":"클라이언트 연결 해제됨: (code: 1005)"}
{"time":"2026-06-01T21:39:02.776Z","level":"DEBUG","tag":"service-server:WebSocketHandler","msg":"클라이언트 연결됨 [object Object]"}
{"time":"2026-06-01T21:39:02.781Z","level":"DEBUG","tag":"service-server:WebSocketHandler","msg":"요청 수신됨 [object Object]"}
{"time":"2026-06-01T21:39:02.782Z","level":"DEBUG","tag":"service-server:WebSocketHandler","msg":"응답 전송됨 (크기: 40)"}
{"time":"2026-06-01T21:39:02.786Z","level":"DEBUG","tag":"service-server:WebSocketHandler","msg":"요청 수신됨 [object Object]"}
{"time":"2026-06-01T21:39:02.787Z","level":"DEBUG","tag":"service-server:WebSocketHandler","msg":"응답 전송됨 (크기: 40)"}
{"time":"2026-06-01T21:41:02.778Z","level":"DEBUG","tag":"service-server:WebSocketHandler","msg":"클라이언트 연결 해제됨: (code: 1005)"}
{"time":"2026-06-01T21:42:02.785Z","level":"DEBUG","tag":"service-server:WebSocketHandler","msg":"클라이언트 연결됨 [object Object]"}
{"time":"2026-06-01T21:42:02.790Z","level":"DEBUG","tag":"service-server:WebSocketHandler","msg":"요청 수신됨 [object Object]"}
{"time":"2026-06-01T21:42:02.791Z","level":"DEBUG","tag":"service-server:WebSocketHandler","msg":"응답 전송됨 (크기: 40)"}
{"time":"2026-06-01T21:42:02.796Z","level":"DEBUG","tag":"service-server:WebSocketHandler","msg":"요청 수신됨 [object Object]"}
{"time":"2026-06-01T21:42:02.796Z","level":"DEBUG","tag":"service-server:WebSocketHandler","msg":"응답 전송됨 (크기: 40)"}
{"time":"2026-06-01T21:44:02.780Z","level":"DEBUG","tag":"service-server:WebSocketHandler","msg":"클라이언트 연결 해제됨: (code: 1005)"}
{"time":"2026-06-01T21:45:02.788Z","level":"DEBUG","tag":"service-server:WebSocketHandler","msg":"클라이언트 연결됨 [object Object]"}
{"time":"2026-06-01T21:45:02.793Z","level":"DEBUG","tag":"service-server:WebSocketHandler","msg":"요청 수신됨 [object Object]"}
{"time":"2026-06-01T21:45:02.794Z","level":"DEBUG","tag":"service-server:WebSocketHandler","msg":"응답 전송됨 (크기: 40)"}
{"time":"2026-06-01T21:45:02.798Z","level":"DEBUG","tag":"service-server:WebSocketHandler","msg":"요청 수신됨 [object Object]"}
{"time":"2026-06-01T21:45:02.799Z","level":"DEBUG","tag":"service-server:WebSocketHandler","msg":"응답 전송됨 (크기: 40)"}
{"time":"2026-06-01T21:47:02.789Z","level":"DEBUG","tag":"service-server:WebSocketHandler","msg":"클라이언트 연결 해제됨: (code: 1005)"}
{"time":"2026-06-01T21:48:02.786Z","level":"DEBUG","tag":"service-server:WebSocketHandler","msg":"클라이언트 연결됨 [object Object]"}
{"time":"2026-06-01T21:48:02.791Z","level":"DEBUG","tag":"service-server:WebSocketHandler","msg":"요청 수신됨 [object Object]"}
{"time":"2026-06-01T21:48:02.793Z","level":"DEBUG","tag":"service-server:WebSocketHandler","msg":"응답 전송됨 (크기: 40)"}
{"time":"2026-06-01T21:48:02.796Z","level":"DEBUG","tag":"service-server:WebSocketHandler","msg":"요청 수신됨 [object Object]"}
{"time":"2026-06-01T21:48:02.797Z","level":"DEBUG","tag":"service-server:WebSocketHandler","msg":"응답 전송됨 (크기: 40)"}
{"time":"2026-06-01T21:50:02.783Z","level":"DEBUG","tag":"service-server:WebSocketHandler","msg":"클라이언트 연결 해제됨: (code: 1005)"}
{"time":"2026-06-01T21:51:02.798Z","level":"DEBUG","tag":"service-server:WebSocketHandler","msg":"클라이언트 연결됨 [object Object]"}
{"time":"2026-06-01T21:51:02.803Z","level":"DEBUG","tag":"service-server:WebSocketHandler","msg":"요청 수신됨 [object Object]"}
{"time":"2026-06-01T21:51:02.804Z","level":"DEBUG","tag":"service-server:WebSocketHandler","msg":"응답 전송됨 (크기: 40)"}
{"time":"2026-06-01T21:51:02.809Z","level":"DEBUG","tag":"service-server:WebSocketHandler","msg":"요청 수신됨 [object Object]"}
{"time":"2026-06-01T21:51:02.809Z","level":"DEBUG","tag":"service-server:WebSocketHandler","msg":"응답 전송됨 (크기: 40)"}
{"time":"2026-06-01T21:52:35.337Z","level":"WARN","tag":"service-server:StaticFileHandler","msg":"[403] 이 파일에 접근할 권한이 없습니다. (/root/pm2/adtek/www/.env)"}
{"time":"2026-06-01T21:52:35.814Z","level":"WARN","tag":"service-server:StaticFileHandler","msg":"[403] 이 파일에 접근할 권한이 없습니다. (/root/pm2/adtek/www/.env.php)"}
{"time":"2026-06-01T21:52:36.294Z","level":"WARN","tag":"service-server:StaticFileHandler","msg":"[403] 이 파일에 접근할 권한이 없습니다. (/root/pm2/adtek/www/.env.sample.php)"}
{"time":"2026-06-01T21:52:36.771Z","level":"WARN","tag":"service-server:StaticFileHandler","msg":"[403] 이 파일에 접근할 권한이 없습니다. (/root/pm2/adtek/www/.env.local.php)"}
{"time":"2026-06-01T21:52:37.250Z","level":"WARN","tag":"service-server:StaticFileHandler","msg":"[403] 이 파일에 접근할 권한이 없습니다. (/root/pm2/adtek/www/.env.production.php)"}
{"time":"2026-06-01T21:53:02.784Z","level":"DEBUG","tag":"service-server:WebSocketHandler","msg":"클라이언트 연결 해제됨: (code: 1005)"}
{"time":"2026-06-01T21:54:02.794Z","level":"DEBUG","tag":"service-server:WebSocketHandler","msg":"클라이언트 연결됨 [object Object]"}
{"time":"2026-06-01T21:54:02.799Z","level":"DEBUG","tag":"service-server:WebSocketHandler","msg":"요청 수신됨 [object Object]"}
{"time":"2026-06-01T21:54:02.800Z","level":"DEBUG","tag":"service-server:WebSocketHandler","msg":"응답 전송됨 (크기: 40)"}
{"time":"2026-06-01T21:54:02.805Z","level":"DEBUG","tag":"service-server:WebSocketHandler","msg":"요청 수신됨 [object Object]"}
{"time":"2026-06-01T21:54:02.805Z","level":"DEBUG","tag":"service-server:WebSocketHandler","msg":"응답 전송됨 (크기: 40)"}
{"time":"2026-06-01T21:56:02.798Z","level":"DEBUG","tag":"service-server:WebSocketHandler","msg":"클라이언트 연결 해제됨: (code: 1005)"}
{"time":"2026-06-01T21:57:02.802Z","level":"DEBUG","tag":"service-server:WebSocketHandler","msg":"클라이언트 연결됨 [object Object]"}
{"time":"2026-06-01T21:57:02.807Z","level":"DEBUG","tag":"service-server:WebSocketHandler","msg":"요청 수신됨 [object Object]"}
{"time":"2026-06-01T21:57:02.809Z","level":"DEBUG","tag":"service-server:WebSocketHandler","msg":"응답 전송됨 (크기: 40)"}
{"time":"2026-06-01T21:57:02.812Z","level":"DEBUG","tag":"service-server:WebSocketHandler","msg":"요청 수신됨 [object Object]"}
{"time":"2026-06-01T21:57:02.813Z","level":"DEBUG","tag":"service-server:WebSocketHandler","msg":"응답 전송됨 (크기: 40)"}
{"time":"2026-06-01T21:59:02.791Z","level":"DEBUG","tag":"service-server:WebSocketHandler","msg":"클라이언트 연결 해제됨: (code: 1005)"}
{"time":"2026-06-01T22:00:02.801Z","level":"DEBUG","tag":"service-server:WebSocketHandler","msg":"클라이언트 연결됨 [object Object]"}
{"time":"2026-06-01T22:00:02.806Z","level":"DEBUG","tag":"service-server:WebSocketHandler","msg":"요청 수신됨 [object Object]"}
{"time":"2026-06-01T22:00:02.807Z","level":"DEBUG","tag":"service-server:WebSocketHandler","msg":"응답 전송됨 (크기: 40)"}
{"time":"2026-06-01T22:00:02.811Z","level":"DEBUG","tag":"service-server:WebSocketHandler","msg":"요청 수신됨 [object Object]"}
{"time":"2026-06-01T22:00:02.811Z","level":"DEBUG","tag":"service-server:WebSocketHandler","msg":"응답 전송됨 (크기: 40)"}
{"time":"2026-06-01T22:02:02.804Z","level":"DEBUG","tag":"service-server:WebSocketHandler","msg":"클라이언트 연결 해제됨: (code: 1005)"}
{"time":"2026-06-01T22:03:02.812Z","level":"DEBUG","tag":"service-server:WebSocketHandler","msg":"클라이언트 연결됨 [object Object]"}
{"time":"2026-06-01T22:03:02.817Z","level":"DEBUG","tag":"service-server:WebSocketHandler","msg":"요청 수신됨 [object Object]"}
{"time":"2026-06-01T22:03:02.818Z","level":"DEBUG","tag":"service-server:WebSocketHandler","msg":"응답 전송됨 (크기: 40)"}
{"time":"2026-06-01T22:03:02.822Z","level":"DEBUG","tag":"service-server:WebSocketHandler","msg":"요청 수신됨 [object Object]"}
{"time":"2026-06-01T22:03:02.823Z","level":"DEBUG","tag":"service-server:WebSocketHandler","msg":"응답 전송됨 (크기: 40)"}
{"time":"2026-06-01T22:05:02.801Z","level":"DEBUG","tag":"service-server:WebSocketHandler","msg":"클라이언트 연결 해제됨: (code: 1005)"}
{"time":"2026-06-01T22:06:02.803Z","level":"DEBUG","tag":"service-server:WebSocketHandler","msg":"클라이언트 연결됨 [object Object]"}
{"time":"2026-06-01T22:06:02.808Z","level":"DEBUG","tag":"service-server:WebSocketHandler","msg":"요청 수신됨 [object Object]"}
{"time":"2026-06-01T22:06:02.809Z","level":"DEBUG","tag":"service-server:WebSocketHandler","msg":"응답 전송됨 (크기: 40)"}
{"time":"2026-06-01T22:06:02.813Z","level":"DEBUG","tag":"service-server:WebSocketHandler","msg":"요청 수신됨 [object Object]"}
{"time":"2026-06-01T22:06:02.813Z","level":"DEBUG","tag":"service-server:WebSocketHandler","msg":"응답 전송됨 (크기: 40)"}
{"time":"2026-06-01T22:08:02.813Z","level":"DEBUG","tag":"service-server:WebSocketHandler","msg":"클라이언트 연결 해제됨: (code: 1005)"}
{"time":"2026-06-01T22:09:02.807Z","level":"DEBUG","tag":"service-server:WebSocketHandler","msg":"클라이언트 연결됨 [object Object]"}
{"time":"2026-06-01T22:09:02.812Z","level":"DEBUG","tag":"service-server:WebSocketHandler","msg":"요청 수신됨 [object Object]"}
{"time":"2026-06-01T22:09:02.814Z","level":"DEBUG","tag":"service-server:WebSocketHandler","msg":"응답 전송됨 (크기: 40)"}
{"time":"2026-06-01T22:09:02.818Z","level":"DEBUG","tag":"service-server:WebSocketHandler","msg":"요청 수신됨 [object Object]"}
{"time":"2026-06-01T22:09:02.818Z","level":"DEBUG","tag":"service-server:WebSocketHandler","msg":"응답 전송됨 (크기: 40)"}
{"time":"2026-06-01T22:11:02.815Z","level":"DEBUG","tag":"service-server:WebSocketHandler","msg":"클라이언트 연결 해제됨: (code: 1005)"}
{"time":"2026-06-01T22:12:02.821Z","level":"DEBUG","tag":"service-server:WebSocketHandler","msg":"클라이언트 연결됨 [object Object]"}
{"time":"2026-06-01T22:12:02.826Z","level":"DEBUG","tag":"service-server:WebSocketHandler","msg":"요청 수신됨 [object Object]"}
{"time":"2026-06-01T22:12:02.827Z","level":"DEBUG","tag":"service-server:WebSocketHandler","msg":"응답 전송됨 (크기: 40)"}
{"time":"2026-06-01T22:12:02.831Z","level":"DEBUG","tag":"service-server:WebSocketHandler","msg":"요청 수신됨 [object Object]"}
{"time":"2026-06-01T22:12:02.831Z","level":"DEBUG","tag":"service-server:WebSocketHandler","msg":"응답 전송됨 (크기: 40)"}
{"time":"2026-06-01T22:14:02.818Z","level":"DEBUG","tag":"service-server:WebSocketHandler","msg":"클라이언트 연결 해제됨: (code: 1005)"}
{"time":"2026-06-01T22:15:02.813Z","level":"DEBUG","tag":"service-server:WebSocketHandler","msg":"클라이언트 연결됨 [object Object]"}
{"time":"2026-06-01T22:15:02.818Z","level":"DEBUG","tag":"service-server:WebSocketHandler","msg":"요청 수신됨 [object Object]"}
{"time":"2026-06-01T22:15:02.819Z","level":"DEBUG","tag":"service-server:WebSocketHandler","msg":"응답 전송됨 (크기: 40)"}
{"time":"2026-06-01T22:15:02.823Z","level":"DEBUG","tag":"service-server:WebSocketHandler","msg":"요청 수신됨 [object Object]"}
{"time":"2026-06-01T22:15:02.823Z","level":"DEBUG","tag":"service-server:WebSocketHandler","msg":"응답 전송됨 (크기: 40)"}
{"time":"2026-06-01T22:17:02.822Z","level":"DEBUG","tag":"service-server:WebSocketHandler","msg":"클라이언트 연결 해제됨: (code: 1005)"}
{"time":"2026-06-01T22:18:02.817Z","level":"DEBUG","tag":"service-server:WebSocketHandler","msg":"클라이언트 연결됨 [object Object]"}
{"time":"2026-06-01T22:18:02.822Z","level":"DEBUG","tag":"service-server:WebSocketHandler","msg":"요청 수신됨 [object Object]"}
{"time":"2026-06-01T22:18:02.823Z","level":"DEBUG","tag":"service-server:WebSocketHandler","msg":"응답 전송됨 (크기: 40)"}
{"time":"2026-06-01T22:18:02.827Z","level":"DEBUG","tag":"service-server:WebSocketHandler","msg":"요청 수신됨 [object Object]"}
{"time":"2026-06-01T22:18:02.827Z","level":"DEBUG","tag":"service-server:WebSocketHandler","msg":"응답 전송됨 (크기: 40)"}
{"time":"2026-06-01T22:20:02.822Z","level":"DEBUG","tag":"service-server:WebSocketHandler","msg":"클라이언트 연결 해제됨: (code: 1005)"}
{"time":"2026-06-01T22:21:02.826Z","level":"DEBUG","tag":"service-server:WebSocketHandler","msg":"클라이언트 연결됨 [object Object]"}
{"time":"2026-06-01T22:21:02.831Z","level":"DEBUG","tag":"service-server:WebSocketHandler","msg":"요청 수신됨 [object Object]"}
{"time":"2026-06-01T22:21:02.832Z","level":"DEBUG","tag":"service-server:WebSocketHandler","msg":"응답 전송됨 (크기: 40)"}
{"time":"2026-06-01T22:21:02.836Z","level":"DEBUG","tag":"service-server:WebSocketHandler","msg":"요청 수신됨 [object Object]"}
{"time":"2026-06-01T22:21:02.836Z","level":"DEBUG","tag":"service-server:WebSocketHandler","msg":"응답 전송됨 (크기: 40)"}
{"time":"2026-06-01T22:23:02.827Z","level":"DEBUG","tag":"service-server:WebSocketHandler","msg":"클라이언트 연결 해제됨: (code: 1005)"}
{"time":"2026-06-01T22:24:02.826Z","level":"DEBUG","tag":"service-server:WebSocketHandler","msg":"클라이언트 연결됨 [object Object]"}
{"time":"2026-06-01T22:24:02.831Z","level":"DEBUG","tag":"service-server:WebSocketHandler","msg":"요청 수신됨 [object Object]"}
{"time":"2026-06-01T22:24:02.832Z","level":"DEBUG","tag":"service-server:WebSocketHandler","msg":"응답 전송됨 (크기: 40)"}
{"time":"2026-06-01T22:24:02.836Z","level":"DEBUG","tag":"service-server:WebSocketHandler","msg":"요청 수신됨 [object Object]"}
{"time":"2026-06-01T22:24:02.837Z","level":"DEBUG","tag":"service-server:WebSocketHandler","msg":"응답 전송됨 (크기: 40)"}
{"time":"2026-06-01T22:26:02.830Z","level":"DEBUG","tag":"service-server:WebSocketHandler","msg":"클라이언트 연결 해제됨: (code: 1005)"}
{"time":"2026-06-01T22:27:02.837Z","level":"DEBUG","tag":"service-server:WebSocketHandler","msg":"클라이언트 연결됨 [object Object]"}
{"time":"2026-06-01T22:27:02.842Z","level":"DEBUG","tag":"service-server:WebSocketHandler","msg":"요청 수신됨 [object Object]"}
{"time":"2026-06-01T22:27:02.843Z","level":"DEBUG","tag":"service-server:WebSocketHandler","msg":"응답 전송됨 (크기: 40)"}
{"time":"2026-06-01T22:27:02.847Z","level":"DEBUG","tag":"service-server:WebSocketHandler","msg":"요청 수신됨 [object Object]"}
{"time":"2026-06-01T22:27:02.847Z","level":"DEBUG","tag":"service-server:WebSocketHandler","msg":"응답 전송됨 (크기: 40)"}
{"time":"2026-06-01T22:29:02.838Z","level":"DEBUG","tag":"service-server:WebSocketHandler","msg":"클라이언트 연결 해제됨: (code: 1005)"}
{"time":"2026-06-01T22:30:02.839Z","level":"DEBUG","tag":"service-server:WebSocketHandler","msg":"클라이언트 연결됨 [object Object]"}
{"time":"2026-06-01T22:30:02.844Z","level":"DEBUG","tag":"service-server:WebSocketHandler","msg":"요청 수신됨 [object Object]"}
{"time":"2026-06-01T22:30:02.845Z","level":"DEBUG","tag":"service-server:WebSocketHandler","msg":"응답 전송됨 (크기: 40)"}
{"time":"2026-06-01T22:30:02.849Z","level":"DEBUG","tag":"service-server:WebSocketHandler","msg":"요청 수신됨 [object Object]"}
{"time":"2026-06-01T22:30:02.849Z","level":"DEBUG","tag":"service-server:WebSocketHandler","msg":"응답 전송됨 (크기: 40)"}
{"time":"2026-06-01T22:32:02.836Z","level":"DEBUG","tag":"service-server:WebSocketHandler","msg":"클라이언트 연결 해제됨: (code: 1005)"}
{"time":"2026-06-01T22:33:02.842Z","level":"DEBUG","tag":"service-server:WebSocketHandler","msg":"클라이언트 연결됨 [object Object]"}
{"time":"2026-06-01T22:33:02.847Z","level":"DEBUG","tag":"service-server:WebSocketHandler","msg":"요청 수신됨 [object Object]"}
{"time":"2026-06-01T22:33:02.848Z","level":"DEBUG","tag":"service-server:WebSocketHandler","msg":"응답 전송됨 (크기: 40)"}
{"time":"2026-06-01T22:33:02.852Z","level":"DEBUG","tag":"service-server:WebSocketHandler","msg":"요청 수신됨 [object Object]"}
{"time":"2026-06-01T22:33:02.852Z","level":"DEBUG","tag":"service-server:WebSocketHandler","msg":"응답 전송됨 (크기: 40)"}
{"time":"2026-06-01T22:35:02.842Z","level":"DEBUG","tag":"service-server:WebSocketHandler","msg":"클라이언트 연결 해제됨: (code: 1005)"}
{"time":"2026-06-01T22:36:02.849Z","level":"DEBUG","tag":"service-server:WebSocketHandler","msg":"클라이언트 연결됨 [object Object]"}
{"time":"2026-06-01T22:36:02.854Z","level":"DEBUG","tag":"service-server:WebSocketHandler","msg":"요청 수신됨 [object Object]"}
{"time":"2026-06-01T22:36:02.855Z","level":"DEBUG","tag":"service-server:WebSocketHandler","msg":"응답 전송됨 (크기: 40)"}
{"time":"2026-06-01T22:36:03.066Z","level":"DEBUG","tag":"service-server:WebSocketHandler","msg":"요청 수신됨 [object Object]"}
{"time":"2026-06-01T22:36:03.067Z","level":"DEBUG","tag":"service-server:WebSocketHandler","msg":"응답 전송됨 (크기: 40)"}
{"time":"2026-06-01T22:38:02.848Z","level":"DEBUG","tag":"service-server:WebSocketHandler","msg":"클라이언트 연결 해제됨: (code: 1005)"}
{"time":"2026-06-01T22:39:02.849Z","level":"DEBUG","tag":"service-server:WebSocketHandler","msg":"클라이언트 연결됨 [object Object]"}
{"time":"2026-06-01T22:39:02.854Z","level":"DEBUG","tag":"service-server:WebSocketHandler","msg":"요청 수신됨 [object Object]"}
{"time":"2026-06-01T22:39:02.855Z","level":"DEBUG","tag":"service-server:WebSocketHandler","msg":"응답 전송됨 (크기: 40)"}
{"time":"2026-06-01T22:39:02.859Z","level":"DEBUG","tag":"service-server:WebSocketHandler","msg":"요청 수신됨 [object Object]"}
{"time":"2026-06-01T22:39:02.860Z","level":"DEBUG","tag":"service-server:WebSocketHandler","msg":"응답 전송됨 (크기: 40)"}
{"time":"2026-06-01T22:41:02.853Z","level":"DEBUG","tag":"service-server:WebSocketHandler","msg":"클라이언트 연결 해제됨: (code: 1005)"}
{"time":"2026-06-01T22:42:02.851Z","level":"DEBUG","tag":"service-server:WebSocketHandler","msg":"클라이언트 연결됨 [object Object]"}
{"time":"2026-06-01T22:42:02.856Z","level":"DEBUG","tag":"service-server:WebSocketHandler","msg":"요청 수신됨 [object Object]"}
{"time":"2026-06-01T22:42:02.857Z","level":"DEBUG","tag":"service-server:WebSocketHandler","msg":"응답 전송됨 (크기: 40)"}
{"time":"2026-06-01T22:42:02.862Z","level":"DEBUG","tag":"service-server:WebSocketHandler","msg":"요청 수신됨 [object Object]"}
{"time":"2026-06-01T22:42:02.862Z","level":"DEBUG","tag":"service-server:WebSocketHandler","msg":"응답 전송됨 (크기: 40)"}
{"time":"2026-06-01T22:44:02.849Z","level":"DEBUG","tag":"service-server:WebSocketHandler","msg":"클라이언트 연결 해제됨: (code: 1005)"}
{"time":"2026-06-01T22:45:02.861Z","level":"DEBUG","tag":"service-server:WebSocketHandler","msg":"클라이언트 연결됨 [object Object]"}
{"time":"2026-06-01T22:45:02.866Z","level":"DEBUG","tag":"service-server:WebSocketHandler","msg":"요청 수신됨 [object Object]"}
{"time":"2026-06-01T22:45:02.868Z","level":"DEBUG","tag":"service-server:WebSocketHandler","msg":"응답 전송됨 (크기: 40)"}
{"time":"2026-06-01T22:45:02.872Z","level":"DEBUG","tag":"service-server:WebSocketHandler","msg":"요청 수신됨 [object Object]"}
{"time":"2026-06-01T22:45:02.872Z","level":"DEBUG","tag":"service-server:WebSocketHandler","msg":"응답 전송됨 (크기: 40)"}
{"time":"2026-06-01T22:47:02.850Z","level":"DEBUG","tag":"service-server:WebSocketHandler","msg":"클라이언트 연결 해제됨: (code: 1005)"}
{"time":"2026-06-01T22:48:02.853Z","level":"DEBUG","tag":"service-server:WebSocketHandler","msg":"클라이언트 연결됨 [object Object]"}
{"time":"2026-06-01T22:48:02.858Z","level":"DEBUG","tag":"service-server:WebSocketHandler","msg":"요청 수신됨 [object Object]"}
{"time":"2026-06-01T22:48:02.859Z","level":"DEBUG","tag":"service-server:WebSocketHandler","msg":"응답 전송됨 (크기: 40)"}
{"time":"2026-06-01T22:48:02.863Z","level":"DEBUG","tag":"service-server:WebSocketHandler","msg":"요청 수신됨 [object Object]"}
{"time":"2026-06-01T22:48:02.863Z","level":"DEBUG","tag":"service-server:WebSocketHandler","msg":"응답 전송됨 (크기: 40)"}
{"time":"2026-06-01T22:50:02.856Z","level":"DEBUG","tag":"service-server:WebSocketHandler","msg":"클라이언트 연결 해제됨: (code: 1005)"}
{"time":"2026-06-01T22:51:02.858Z","level":"DEBUG","tag":"service-server:WebSocketHandler","msg":"클라이언트 연결됨 [object Object]"}
{"time":"2026-06-01T22:51:02.863Z","level":"DEBUG","tag":"service-server:WebSocketHandler","msg":"요청 수신됨 [object Object]"}
{"time":"2026-06-01T22:51:02.864Z","level":"DEBUG","tag":"service-server:WebSocketHandler","msg":"응답 전송됨 (크기: 40)"}
{"time":"2026-06-01T22:51:02.868Z","level":"DEBUG","tag":"service-server:WebSocketHandler","msg":"요청 수신됨 [object Object]"}
{"time":"2026-06-01T22:51:02.869Z","level":"DEBUG","tag":"service-server:WebSocketHandler","msg":"응답 전송됨 (크기: 40)"}
{"time":"2026-06-01T22:53:02.867Z","level":"DEBUG","tag":"service-server:WebSocketHandler","msg":"클라이언트 연결 해제됨: (code: 1005)"}
{"time":"2026-06-01T22:54:02.868Z","level":"DEBUG","tag":"service-server:WebSocketHandler","msg":"클라이언트 연결됨 [object Object]"}
{"time":"2026-06-01T22:54:02.873Z","level":"DEBUG","tag":"service-server:WebSocketHandler","msg":"요청 수신됨 [object Object]"}
{"time":"2026-06-01T22:54:02.874Z","level":"DEBUG","tag":"service-server:WebSocketHandler","msg":"응답 전송됨 (크기: 40)"}
{"time":"2026-06-01T22:54:02.877Z","level":"DEBUG","tag":"service-server:WebSocketHandler","msg":"요청 수신됨 [object Object]"}
{"time":"2026-06-01T22:54:02.877Z","level":"DEBUG","tag":"service-server:WebSocketHandler","msg":"응답 전송됨 (크기: 40)"}
{"time":"2026-06-01T22:56:02.858Z","level":"DEBUG","tag":"service-server:WebSocketHandler","msg":"클라이언트 연결 해제됨: (code: 1005)"}
{"time":"2026-06-01T22:57:02.871Z","level":"DEBUG","tag":"service-server:WebSocketHandler","msg":"클라이언트 연결됨 [object Object]"}
{"time":"2026-06-01T22:57:02.876Z","level":"DEBUG","tag":"service-server:WebSocketHandler","msg":"요청 수신됨 [object Object]"}
{"time":"2026-06-01T22:57:02.877Z","level":"DEBUG","tag":"service-server:WebSocketHandler","msg":"응답 전송됨 (크기: 40)"}
{"time":"2026-06-01T22:57:02.881Z","level":"DEBUG","tag":"service-server:WebSocketHandler","msg":"요청 수신됨 [object Object]"}
{"time":"2026-06-01T22:57:02.881Z","level":"DEBUG","tag":"service-server:WebSocketHandler","msg":"응답 전송됨 (크기: 40)"}
{"time":"2026-06-01T22:59:02.870Z","level":"DEBUG","tag":"service-server:WebSocketHandler","msg":"클라이언트 연결 해제됨: (code: 1005)"}
{"time":"2026-06-01T23:00:02.873Z","level":"DEBUG","tag":"service-server:WebSocketHandler","msg":"클라이언트 연결됨 [object Object]"}
{"time":"2026-06-01T23:00:02.877Z","level":"DEBUG","tag":"service-server:WebSocketHandler","msg":"요청 수신됨 [object Object]"}
{"time":"2026-06-01T23:00:02.879Z","level":"DEBUG","tag":"service-server:WebSocketHandler","msg":"응답 전송됨 (크기: 40)"}
{"time":"2026-06-01T23:00:02.883Z","level":"DEBUG","tag":"service-server:WebSocketHandler","msg":"요청 수신됨 [object Object]"}
{"time":"2026-06-01T23:00:02.883Z","level":"DEBUG","tag":"service-server:WebSocketHandler","msg":"응답 전송됨 (크기: 40)"}
{"time":"2026-06-01T23:02:02.871Z","level":"DEBUG","tag":"service-server:WebSocketHandler","msg":"클라이언트 연결 해제됨: (code: 1005)"}
{"time":"2026-06-01T23:03:02.870Z","level":"DEBUG","tag":"service-server:WebSocketHandler","msg":"클라이언트 연결됨 [object Object]"}
{"time":"2026-06-01T23:03:02.875Z","level":"DEBUG","tag":"service-server:WebSocketHandler","msg":"요청 수신됨 [object Object]"}
{"time":"2026-06-01T23:03:02.877Z","level":"DEBUG","tag":"service-server:WebSocketHandler","msg":"응답 전송됨 (크기: 40)"}
{"time":"2026-06-01T23:03:02.881Z","level":"DEBUG","tag":"service-server:WebSocketHandler","msg":"요청 수신됨 [object Object]"}
{"time":"2026-06-01T23:03:02.881Z","level":"DEBUG","tag":"service-server:WebSocketHandler","msg":"응답 전송됨 (크기: 40)"}
{"time":"2026-06-01T23:05:02.870Z","level":"DEBUG","tag":"service-server:WebSocketHandler","msg":"클라이언트 연결 해제됨: (code: 1005)"}
{"time":"2026-06-01T23:06:02.881Z","level":"DEBUG","tag":"service-server:WebSocketHandler","msg":"클라이언트 연결됨 [object Object]"}
{"time":"2026-06-01T23:06:02.888Z","level":"DEBUG","tag":"service-server:WebSocketHandler","msg":"요청 수신됨 [object Object]"}
{"time":"2026-06-01T23:06:02.890Z","level":"DEBUG","tag":"service-server:WebSocketHandler","msg":"응답 전송됨 (크기: 40)"}
{"time":"2026-06-01T23:06:02.894Z","level":"DEBUG","tag":"service-server:WebSocketHandler","msg":"요청 수신됨 [object Object]"}
{"time":"2026-06-01T23:06:02.894Z","level":"DEBUG","tag":"service-server:WebSocketHandler","msg":"응답 전송됨 (크기: 40)"}
{"time":"2026-06-01T23:08:02.887Z","level":"DEBUG","tag":"service-server:WebSocketHandler","msg":"클라이언트 연결 해제됨: (code: 1005)"}
{"time":"2026-06-01T23:09:02.890Z","level":"DEBUG","tag":"service-server:WebSocketHandler","msg":"클라이언트 연결됨 [object Object]"}
{"time":"2026-06-01T23:09:02.896Z","level":"DEBUG","tag":"service-server:WebSocketHandler","msg":"요청 수신됨 [object Object]"}
{"time":"2026-06-01T23:09:02.896Z","level":"DEBUG","tag":"service-server:WebSocketHandler","msg":"응답 전송됨 (크기: 40)"}
{"time":"2026-06-01T23:09:02.900Z","level":"DEBUG","tag":"service-server:WebSocketHandler","msg":"요청 수신됨 [object Object]"}
{"time":"2026-06-01T23:09:02.900Z","level":"DEBUG","tag":"service-server:WebSocketHandler","msg":"응답 전송됨 (크기: 40)"}
{"time":"2026-06-01T23:11:02.885Z","level":"DEBUG","tag":"service-server:WebSocketHandler","msg":"클라이언트 연결 해제됨: (code: 1005)"}
{"time":"2026-06-01T23:12:02.892Z","level":"DEBUG","tag":"service-server:WebSocketHandler","msg":"클라이언트 연결됨 [object Object]"}
{"time":"2026-06-01T23:12:02.898Z","level":"DEBUG","tag":"service-server:WebSocketHandler","msg":"요청 수신됨 [object Object]"}
{"time":"2026-06-01T23:12:02.899Z","level":"DEBUG","tag":"service-server:WebSocketHandler","msg":"응답 전송됨 (크기: 40)"}
{"time":"2026-06-01T23:12:02.903Z","level":"DEBUG","tag":"service-server:WebSocketHandler","msg":"요청 수신됨 [object Object]"}
{"time":"2026-06-01T23:12:02.904Z","level":"DEBUG","tag":"service-server:WebSocketHandler","msg":"응답 전송됨 (크기: 40)"}
{"time":"2026-06-01T23:14:02.882Z","level":"DEBUG","tag":"service-server:WebSocketHandler","msg":"클라이언트 연결 해제됨: (code: 1005)"}
{"time":"2026-06-01T23:15:02.887Z","level":"DEBUG","tag":"service-server:WebSocketHandler","msg":"클라이언트 연결됨 [object Object]"}
{"time":"2026-06-01T23:15:02.892Z","level":"DEBUG","tag":"service-server:WebSocketHandler","msg":"요청 수신됨 [object Object]"}
{"time":"2026-06-01T23:15:02.893Z","level":"DEBUG","tag":"service-server:WebSocketHandler","msg":"응답 전송됨 (크기: 40)"}
{"time":"2026-06-01T23:15:02.897Z","level":"DEBUG","tag":"service-server:WebSocketHandler","msg":"요청 수신됨 [object Object]"}
{"time":"2026-06-01T23:15:02.897Z","level":"DEBUG","tag":"service-server:WebSocketHandler","msg":"응답 전송됨 (크기: 40)"}
{"time":"2026-06-01T23:17:02.894Z","level":"DEBUG","tag":"service-server:WebSocketHandler","msg":"클라이언트 연결 해제됨: (code: 1005)"}
{"time":"2026-06-01T23:18:02.892Z","level":"DEBUG","tag":"service-server:WebSocketHandler","msg":"클라이언트 연결됨 [object Object]"}
{"time":"2026-06-01T23:18:02.897Z","level":"DEBUG","tag":"service-server:WebSocketHandler","msg":"요청 수신됨 [object Object]"}
{"time":"2026-06-01T23:18:02.899Z","level":"DEBUG","tag":"service-server:WebSocketHandler","msg":"응답 전송됨 (크기: 40)"}
{"time":"2026-06-01T23:18:02.903Z","level":"DEBUG","tag":"service-server:WebSocketHandler","msg":"요청 수신됨 [object Object]"}
{"time":"2026-06-01T23:18:02.903Z","level":"DEBUG","tag":"service-server:WebSocketHandler","msg":"응답 전송됨 (크기: 40)"}
{"time":"2026-06-01T23:20:02.891Z","level":"DEBUG","tag":"service-server:WebSocketHandler","msg":"클라이언트 연결 해제됨: (code: 1005)"}
{"time":"2026-06-01T23:21:02.897Z","level":"DEBUG","tag":"service-server:WebSocketHandler","msg":"클라이언트 연결됨 [object Object]"}
{"time":"2026-06-01T23:21:02.902Z","level":"DEBUG","tag":"service-server:WebSocketHandler","msg":"요청 수신됨 [object Object]"}
{"time":"2026-06-01T23:21:02.902Z","level":"DEBUG","tag":"service-server:WebSocketHandler","msg":"응답 전송됨 (크기: 40)"}
{"time":"2026-06-01T23:21:02.906Z","level":"DEBUG","tag":"service-server:WebSocketHandler","msg":"요청 수신됨 [object Object]"}
{"time":"2026-06-01T23:21:02.906Z","level":"DEBUG","tag":"service-server:WebSocketHandler","msg":"응답 전송됨 (크기: 40)"}
{"time":"2026-06-01T23:23:02.901Z","level":"DEBUG","tag":"service-server:WebSocketHandler","msg":"클라이언트 연결 해제됨: (code: 1005)"}
{"time":"2026-06-01T23:24:02.904Z","level":"DEBUG","tag":"service-server:WebSocketHandler","msg":"클라이언트 연결됨 [object Object]"}
{"time":"2026-06-01T23:24:02.909Z","level":"DEBUG","tag":"service-server:WebSocketHandler","msg":"요청 수신됨 [object Object]"}
{"time":"2026-06-01T23:24:02.910Z","level":"DEBUG","tag":"service-server:WebSocketHandler","msg":"응답 전송됨 (크기: 40)"}
{"time":"2026-06-01T23:24:02.914Z","level":"DEBUG","tag":"service-server:WebSocketHandler","msg":"요청 수신됨 [object Object]"}
{"time":"2026-06-01T23:24:02.914Z","level":"DEBUG","tag":"service-server:WebSocketHandler","msg":"응답 전송됨 (크기: 40)"}
{"time":"2026-06-01T23:26:02.906Z","level":"DEBUG","tag":"service-server:WebSocketHandler","msg":"클라이언트 연결 해제됨: (code: 1005)"}
{"time":"2026-06-01T23:27:02.903Z","level":"DEBUG","tag":"service-server:WebSocketHandler","msg":"클라이언트 연결됨 [object Object]"}
{"time":"2026-06-01T23:27:02.908Z","level":"DEBUG","tag":"service-server:WebSocketHandler","msg":"요청 수신됨 [object Object]"}
{"time":"2026-06-01T23:27:02.909Z","level":"DEBUG","tag":"service-server:WebSocketHandler","msg":"응답 전송됨 (크기: 40)"}
{"time":"2026-06-01T23:27:02.913Z","level":"DEBUG","tag":"service-server:WebSocketHandler","msg":"요청 수신됨 [object Object]"}
{"time":"2026-06-01T23:27:02.913Z","level":"DEBUG","tag":"service-server:WebSocketHandler","msg":"응답 전송됨 (크기: 40)"}
{"time":"2026-06-01T23:29:02.909Z","level":"DEBUG","tag":"service-server:WebSocketHandler","msg":"클라이언트 연결 해제됨: (code: 1005)"}
{"time":"2026-06-01T23:30:02.917Z","level":"DEBUG","tag":"service-server:WebSocketHandler","msg":"클라이언트 연결됨 [object Object]"}
{"time":"2026-06-01T23:30:02.922Z","level":"DEBUG","tag":"service-server:WebSocketHandler","msg":"요청 수신됨 [object Object]"}
{"time":"2026-06-01T23:30:02.923Z","level":"DEBUG","tag":"service-server:WebSocketHandler","msg":"응답 전송됨 (크기: 40)"}
{"time":"2026-06-01T23:30:02.927Z","level":"DEBUG","tag":"service-server:WebSocketHandler","msg":"요청 수신됨 [object Object]"}
{"time":"2026-06-01T23:30:02.927Z","level":"DEBUG","tag":"service-server:WebSocketHandler","msg":"응답 전송됨 (크기: 40)"}
{"time":"2026-06-01T23:32:02.911Z","level":"DEBUG","tag":"service-server:WebSocketHandler","msg":"클라이언트 연결 해제됨: (code: 1005)"}
{"time":"2026-06-01T23:33:02.913Z","level":"DEBUG","tag":"service-server:WebSocketHandler","msg":"클라이언트 연결됨 [object Object]"}
{"time":"2026-06-01T23:33:02.918Z","level":"DEBUG","tag":"service-server:WebSocketHandler","msg":"요청 수신됨 [object Object]"}
{"time":"2026-06-01T23:33:02.919Z","level":"DEBUG","tag":"service-server:WebSocketHandler","msg":"응답 전송됨 (크기: 40)"}
{"time":"2026-06-01T23:33:02.923Z","level":"DEBUG","tag":"service-server:WebSocketHandler","msg":"요청 수신됨 [object Object]"}
{"time":"2026-06-01T23:33:02.924Z","level":"DEBUG","tag":"service-server:WebSocketHandler","msg":"응답 전송됨 (크기: 40)"}
{"time":"2026-06-01T23:35:02.915Z","level":"DEBUG","tag":"service-server:WebSocketHandler","msg":"클라이언트 연결 해제됨: (code: 1005)"}
{"time":"2026-06-01T23:36:02.917Z","level":"DEBUG","tag":"service-server:WebSocketHandler","msg":"클라이언트 연결됨 [object Object]"}
{"time":"2026-06-01T23:36:02.922Z","level":"DEBUG","tag":"service-server:WebSocketHandler","msg":"요청 수신됨 [object Object]"}
{"time":"2026-06-01T23:36:02.924Z","level":"DEBUG","tag":"service-server:WebSocketHandler","msg":"응답 전송됨 (크기: 40)"}
{"time":"2026-06-01T23:36:02.928Z","level":"DEBUG","tag":"service-server:WebSocketHandler","msg":"요청 수신됨 [object Object]"}
{"time":"2026-06-01T23:36:02.928Z","level":"DEBUG","tag":"service-server:WebSocketHandler","msg":"응답 전송됨 (크기: 40)"}
{"time":"2026-06-01T23:38:02.910Z","level":"DEBUG","tag":"service-server:WebSocketHandler","msg":"클라이언트 연결 해제됨: (code: 1005)"}
{"time":"2026-06-01T23:39:02.917Z","level":"DEBUG","tag":"service-server:WebSocketHandler","msg":"클라이언트 연결됨 [object Object]"}
{"time":"2026-06-01T23:39:02.922Z","level":"DEBUG","tag":"service-server:WebSocketHandler","msg":"요청 수신됨 [object Object]"}
{"time":"2026-06-01T23:39:02.923Z","level":"DEBUG","tag":"service-server:WebSocketHandler","msg":"응답 전송됨 (크기: 40)"}
{"time":"2026-06-01T23:39:02.927Z","level":"DEBUG","tag":"service-server:WebSocketHandler","msg":"요청 수신됨 [object Object]"}
{"time":"2026-06-01T23:39:02.928Z","level":"DEBUG","tag":"service-server:WebSocketHandler","msg":"응답 전송됨 (크기: 40)"}
{"time":"2026-06-01T23:41:02.929Z","level":"DEBUG","tag":"service-server:WebSocketHandler","msg":"클라이언트 연결 해제됨: (code: 1005)"}
{"time":"2026-06-01T23:42:02.919Z","level":"DEBUG","tag":"service-server:WebSocketHandler","msg":"클라이언트 연결됨 [object Object]"}
{"time":"2026-06-01T23:42:02.924Z","level":"DEBUG","tag":"service-server:WebSocketHandler","msg":"요청 수신됨 [object Object]"}
{"time":"2026-06-01T23:42:02.926Z","level":"DEBUG","tag":"service-server:WebSocketHandler","msg":"응답 전송됨 (크기: 40)"}
{"time":"2026-06-01T23:42:02.930Z","level":"DEBUG","tag":"service-server:WebSocketHandler","msg":"요청 수신됨 [object Object]"}
{"time":"2026-06-01T23:42:02.930Z","level":"DEBUG","tag":"service-server:WebSocketHandler","msg":"응답 전송됨 (크기: 40)"}
{"time":"2026-06-01T23:44:02.932Z","level":"DEBUG","tag":"service-server:WebSocketHandler","msg":"클라이언트 연결 해제됨: (code: 1005)"}
{"time":"2026-06-01T23:45:02.924Z","level":"DEBUG","tag":"service-server:WebSocketHandler","msg":"클라이언트 연결됨 [object Object]"}
{"time":"2026-06-01T23:45:02.929Z","level":"DEBUG","tag":"service-server:WebSocketHandler","msg":"요청 수신됨 [object Object]"}
{"time":"2026-06-01T23:45:02.931Z","level":"DEBUG","tag":"service-server:WebSocketHandler","msg":"응답 전송됨 (크기: 40)"}
{"time":"2026-06-01T23:45:02.935Z","level":"DEBUG","tag":"service-server:WebSocketHandler","msg":"요청 수신됨 [object Object]"}
{"time":"2026-06-01T23:45:02.935Z","level":"DEBUG","tag":"service-server:WebSocketHandler","msg":"응답 전송됨 (크기: 40)"}
{"time":"2026-06-01T23:47:02.932Z","level":"DEBUG","tag":"service-server:WebSocketHandler","msg":"클라이언트 연결 해제됨: (code: 1005)"}
{"time":"2026-06-01T23:47:08.600Z","level":"DEBUG","tag":"service-server:WebSocketHandler","msg":"클라이언트 연결됨 [object Object]"}
{"time":"2026-06-01T23:47:08.636Z","level":"DEBUG","tag":"service-server:WebSocketHandler","msg":"요청 수신됨 [object Object]"}
{"time":"2026-06-01T23:47:08.638Z","level":"DEBUG","tag":"service-server:WebSocketHandler","msg":"응답 전송됨 (크기: 123)"}
{"time":"2026-06-01T23:47:11.080Z","level":"DEBUG","tag":"service-server:WebSocketHandler","msg":"요청 수신됨 [object Object]"}
{"time":"2026-06-01T23:47:11.126Z","level":"DEBUG","tag":"mysql-db-conn","msg":"쿼리 실행 [object Object]"}
{"time":"2026-06-01T23:47:11.139Z","level":"DEBUG","tag":"service-server:WebSocketHandler","msg":"응답 전송됨 (크기: 2279)"}
{"time":"2026-06-01T23:47:11.154Z","level":"DEBUG","tag":"service-server:WebSocketHandler","msg":"요청 수신됨 [object Object]"}
{"time":"2026-06-01T23:47:11.154Z","level":"DEBUG","tag":"service-server:WebSocketHandler","msg":"응답 전송됨 (크기: 40)"}
{"time":"2026-06-01T23:47:11.159Z","level":"DEBUG","tag":"service-server:WebSocketHandler","msg":"요청 수신됨 [object Object]"}
{"time":"2026-06-01T23:47:11.159Z","level":"DEBUG","tag":"service-server:WebSocketHandler","msg":"응답 전송됨 (크기: 40)"}
{"time":"2026-06-01T23:47:11.172Z","level":"DEBUG","tag":"service-server:WebSocketHandler","msg":"요청 수신됨 [object Object]"}
{"time":"2026-06-01T23:47:11.175Z","level":"DEBUG","tag":"mysql-db-conn","msg":"쿼리 실행 [object Object]"}
{"time":"2026-06-01T23:47:11.182Z","level":"DEBUG","tag":"service-server:WebSocketHandler","msg":"응답 전송됨 (크기: 2279)"}
{"time":"2026-06-01T23:47:11.188Z","level":"DEBUG","tag":"service-server:WebSocketHandler","msg":"요청 수신됨 [object Object]"}
{"time":"2026-06-01T23:47:11.188Z","level":"DEBUG","tag":"service-server:WebSocketHandler","msg":"응답 전송됨 (크기: 40)"}
{"time":"2026-06-01T23:47:11.194Z","level":"DEBUG","tag":"service-server:WebSocketHandler","msg":"요청 수신됨 [object Object]"}
{"time":"2026-06-01T23:47:11.195Z","level":"DEBUG","tag":"service-server:WebSocketHandler","msg":"응답 전송됨 (크기: 40)"}
{"time":"2026-06-01T23:47:11.200Z","level":"DEBUG","tag":"service-server:WebSocketHandler","msg":"요청 수신됨 [object Object]"}
{"time":"2026-06-01T23:47:11.201Z","level":"DEBUG","tag":"service-server:WebSocketHandler","msg":"응답 전송됨 (크기: 40)"}
{"time":"2026-06-01T23:47:11.206Z","level":"DEBUG","tag":"service-server:WebSocketHandler","msg":"요청 수신됨 [object Object]"}
{"time":"2026-06-01T23:47:11.208Z","level":"DEBUG","tag":"service-server:WebSocketHandler","msg":"응답 전송됨 (크기: 79)"}
{"time":"2026-06-01T23:47:11.215Z","level":"DEBUG","tag":"service-server:WebSocketHandler","msg":"요청 수신됨 [object Object]"}
{"time":"2026-06-01T23:47:11.220Z","level":"DEBUG","tag":"service-server:WebSocketHandler","msg":"응답 전송됨 (크기: 42)"}
{"time":"2026-06-01T23:47:11.227Z","level":"DEBUG","tag":"service-server:WebSocketHandler","msg":"요청 수신됨 [object Object]"}
{"time":"2026-06-01T23:47:11.228Z","level":"DEBUG","tag":"mysql-db-conn","msg":"쿼리 실행 [object Object]"}
{"time":"2026-06-01T23:47:11.231Z","level":"DEBUG","tag":"service-server:WebSocketHandler","msg":"응답 전송됨 (크기: 68)"}
{"time":"2026-06-01T23:47:11.237Z","level":"DEBUG","tag":"service-server:WebSocketHandler","msg":"요청 수신됨 [object Object]"}
{"time":"2026-06-01T23:47:11.237Z","level":"DEBUG","tag":"mysql-db-conn","msg":"쿼리 실행 [object Object]"}
{"time":"2026-06-01T23:47:11.240Z","level":"DEBUG","tag":"service-server:WebSocketHandler","msg":"응답 전송됨 (크기: 45)"}
{"time":"2026-06-01T23:47:11.247Z","level":"DEBUG","tag":"service-server:WebSocketHandler","msg":"요청 수신됨 [object Object]"}
{"time":"2026-06-01T23:47:11.248Z","level":"DEBUG","tag":"mysql-db-conn","msg":"쿼리 실행 [object Object]"}
{"time":"2026-06-01T23:47:11.252Z","level":"DEBUG","tag":"service-server:WebSocketHandler","msg":"응답 전송됨 (크기: 196)"}
{"time":"2026-06-01T23:47:11.257Z","level":"DEBUG","tag":"service-server:WebSocketHandler","msg":"요청 수신됨 [object Object]"}
{"time":"2026-06-01T23:47:11.258Z","level":"DEBUG","tag":"mysql-db-conn","msg":"쿼리 실행 [object Object]"}
{"time":"2026-06-01T23:47:11.282Z","level":"DEBUG","tag":"service-server:WebSocketHandler","msg":"응답 전송됨 (크기: 45)"}
{"time":"2026-06-01T23:47:11.289Z","level":"DEBUG","tag":"service-server:WebSocketHandler","msg":"요청 수신됨 [object Object]"}
{"time":"2026-06-01T23:47:11.290Z","level":"DEBUG","tag":"mysql-db-conn","msg":"쿼리 실행 [object Object]"}
{"time":"2026-06-01T23:47:11.294Z","level":"DEBUG","tag":"service-server:WebSocketHandler","msg":"응답 전송됨 (크기: 45)"}
{"time":"2026-06-01T23:47:11.300Z","level":"DEBUG","tag":"service-server:WebSocketHandler","msg":"요청 수신됨 [object Object]"}
{"time":"2026-06-01T23:47:11.300Z","level":"DEBUG","tag":"mysql-db-conn","msg":"쿼리 실행 [object Object]"}
{"time":"2026-06-01T23:47:11.360Z","level":"DEBUG","tag":"service-server:WebSocketHandler","msg":"응답 전송됨 (크기: 45)"}
{"time":"2026-06-01T23:47:11.367Z","level":"DEBUG","tag":"service-server:WebSocketHandler","msg":"요청 수신됨 [object Object]"}
{"time":"2026-06-01T23:47:11.367Z","level":"DEBUG","tag":"mysql-db-conn","msg":"쿼리 실행 [object Object]"}
{"time":"2026-06-01T23:47:11.371Z","level":"DEBUG","tag":"service-server:WebSocketHandler","msg":"응답 전송됨 (크기: 45)"}
{"time":"2026-06-01T23:47:11.379Z","level":"DEBUG","tag":"service-server:WebSocketHandler","msg":"요청 수신됨 [object Object]"}
{"time":"2026-06-01T23:47:11.379Z","level":"DEBUG","tag":"mysql-db-conn","msg":"쿼리 실행 [object Object]"}
{"time":"2026-06-01T23:47:11.380Z","level":"DEBUG","tag":"service-server:WebSocketHandler","msg":"응답 전송됨 (크기: 426)"}
{"time":"2026-06-01T23:47:11.387Z","level":"DEBUG","tag":"service-server:WebSocketHandler","msg":"요청 수신됨 [object Object]"}
{"time":"2026-06-01T23:47:11.387Z","level":"DEBUG","tag":"mysql-db-conn","msg":"쿼리 실행 [object Object]"}
{"time":"2026-06-01T23:47:11.473Z","level":"DEBUG","tag":"service-server:WebSocketHandler","msg":"응답 전송됨 (크기: 45)"}
{"time":"2026-06-01T23:47:11.478Z","level":"DEBUG","tag":"service-server:WebSocketHandler","msg":"요청 수신됨 [object Object]"}
{"time":"2026-06-01T23:47:11.479Z","level":"DEBUG","tag":"mysql-db-conn","msg":"쿼리 실행 [object Object]"}
{"time":"2026-06-01T23:47:11.499Z","level":"DEBUG","tag":"service-server:WebSocketHandler","msg":"응답 전송됨 (크기: 45)"}
{"time":"2026-06-01T23:47:11.505Z","level":"DEBUG","tag":"service-server:WebSocketHandler","msg":"요청 수신됨 [object Object]"}
{"time":"2026-06-01T23:47:11.505Z","level":"DEBUG","tag":"mysql-db-conn","msg":"쿼리 실행 [object Object]"}
{"time":"2026-06-01T23:47:11.527Z","level":"DEBUG","tag":"service-server:WebSocketHandler","msg":"응답 전송됨 (크기: 45)"}
{"time":"2026-06-01T23:47:11.533Z","level":"DEBUG","tag":"service-server:WebSocketHandler","msg":"요청 수신됨 [object Object]"}
{"time":"2026-06-01T23:47:11.533Z","level":"DEBUG","tag":"mysql-db-conn","msg":"쿼리 실행 [object Object]"}
{"time":"2026-06-01T23:47:11.554Z","level":"DEBUG","tag":"service-server:WebSocketHandler","msg":"응답 전송됨 (크기: 45)"}
{"time":"2026-06-01T23:47:11.560Z","level":"DEBUG","tag":"service-server:WebSocketHandler","msg":"요청 수신됨 [object Object]"}
{"time":"2026-06-01T23:47:11.560Z","level":"DEBUG","tag":"mysql-db-conn","msg":"쿼리 실행 [object Object]"}
{"time":"2026-06-01T23:47:11.584Z","level":"DEBUG","tag":"service-server:WebSocketHandler","msg":"응답 전송됨 (크기: 45)"}
{"time":"2026-06-01T23:47:11.590Z","level":"DEBUG","tag":"service-server:WebSocketHandler","msg":"요청 수신됨 [object Object]"}
{"time":"2026-06-01T23:47:11.590Z","level":"DEBUG","tag":"mysql-db-conn","msg":"쿼리 실행 [object Object]"}
{"time":"2026-06-01T23:47:11.613Z","level":"DEBUG","tag":"service-server:WebSocketHandler","msg":"응답 전송됨 (크기: 45)"}
{"time":"2026-06-01T23:47:11.619Z","level":"DEBUG","tag":"service-server:WebSocketHandler","msg":"요청 수신됨 [object Object]"}
{"time":"2026-06-01T23:47:11.619Z","level":"DEBUG","tag":"mysql-db-conn","msg":"쿼리 실행 [object Object]"}
{"time":"2026-06-01T23:47:11.641Z","level":"DEBUG","tag":"service-server:WebSocketHandler","msg":"응답 전송됨 (크기: 45)"}
{"time":"2026-06-01T23:47:11.647Z","level":"DEBUG","tag":"service-server:WebSocketHandler","msg":"요청 수신됨 [object Object]"}
{"time":"2026-06-01T23:47:11.647Z","level":"DEBUG","tag":"mysql-db-conn","msg":"쿼리 실행 [object Object]"}
{"time":"2026-06-01T23:47:11.669Z","level":"DEBUG","tag":"service-server:WebSocketHandler","msg":"응답 전송됨 (크기: 45)"}
{"time":"2026-06-01T23:47:11.676Z","level":"DEBUG","tag":"service-server:WebSocketHandler","msg":"요청 수신됨 [object Object]"}
{"time":"2026-06-01T23:47:11.676Z","level":"DEBUG","tag":"mysql-db-conn","msg":"쿼리 실행 [object Object]"}
{"time":"2026-06-01T23:47:11.677Z","level":"DEBUG","tag":"service-server:WebSocketHandler","msg":"응답 전송됨 (크기: 285)"}
{"time":"2026-06-01T23:47:11.684Z","level":"DEBUG","tag":"service-server:WebSocketHandler","msg":"요청 수신됨 [object Object]"}
{"time":"2026-06-01T23:47:11.684Z","level":"DEBUG","tag":"mysql-db-conn","msg":"쿼리 실행 [object Object]"}
{"time":"2026-06-01T23:47:11.726Z","level":"DEBUG","tag":"service-server:WebSocketHandler","msg":"응답 전송됨 (크기: 45)"}
{"time":"2026-06-01T23:47:11.732Z","level":"DEBUG","tag":"service-server:WebSocketHandler","msg":"요청 수신됨 [object Object]"}
{"time":"2026-06-01T23:47:11.733Z","level":"DEBUG","tag":"mysql-db-conn","msg":"쿼리 실행 [object Object]"}
{"time":"2026-06-01T23:47:11.751Z","level":"DEBUG","tag":"service-server:WebSocketHandler","msg":"응답 전송됨 (크기: 45)"}
{"time":"2026-06-01T23:47:11.757Z","level":"DEBUG","tag":"service-server:WebSocketHandler","msg":"요청 수신됨 [object Object]"}
{"time":"2026-06-01T23:47:11.757Z","level":"DEBUG","tag":"mysql-db-conn","msg":"쿼리 실행 [object Object]"}
{"time":"2026-06-01T23:47:11.778Z","level":"DEBUG","tag":"service-server:WebSocketHandler","msg":"응답 전송됨 (크기: 45)"}
{"time":"2026-06-01T23:47:11.783Z","level":"DEBUG","tag":"service-server:WebSocketHandler","msg":"요청 수신됨 [object Object]"}
{"time":"2026-06-01T23:47:11.783Z","level":"DEBUG","tag":"mysql-db-conn","msg":"쿼리 실행 [object Object]"}
{"time":"2026-06-01T23:47:11.805Z","level":"DEBUG","tag":"service-server:WebSocketHandler","msg":"응답 전송됨 (크기: 45)"}
{"time":"2026-06-01T23:47:11.812Z","level":"DEBUG","tag":"service-server:WebSocketHandler","msg":"요청 수신됨 [object Object]"}
{"time":"2026-06-01T23:47:11.812Z","level":"DEBUG","tag":"mysql-db-conn","msg":"쿼리 실행 [object Object]"}
{"time":"2026-06-01T23:47:11.834Z","level":"DEBUG","tag":"service-server:WebSocketHandler","msg":"응답 전송됨 (크기: 45)"}
{"time":"2026-06-01T23:47:11.840Z","level":"DEBUG","tag":"service-server:WebSocketHandler","msg":"요청 수신됨 [object Object]"}
{"time":"2026-06-01T23:47:11.840Z","level":"DEBUG","tag":"mysql-db-conn","msg":"쿼리 실행 [object Object]"}
{"time":"2026-06-01T23:47:11.861Z","level":"DEBUG","tag":"service-server:WebSocketHandler","msg":"응답 전송됨 (크기: 45)"}
{"time":"2026-06-01T23:47:11.867Z","level":"DEBUG","tag":"service-server:WebSocketHandler","msg":"요청 수신됨 [object Object]"}
{"time":"2026-06-01T23:47:11.867Z","level":"DEBUG","tag":"mysql-db-conn","msg":"쿼리 실행 [object Object]"}
{"time":"2026-06-01T23:47:11.887Z","level":"DEBUG","tag":"service-server:WebSocketHandler","msg":"응답 전송됨 (크기: 45)"}
{"time":"2026-06-01T23:47:11.893Z","level":"DEBUG","tag":"service-server:WebSocketHandler","msg":"요청 수신됨 [object Object]"}
{"time":"2026-06-01T23:47:11.893Z","level":"DEBUG","tag":"mysql-db-conn","msg":"쿼리 실행 [object Object]"}
{"time":"2026-06-01T23:47:11.915Z","level":"DEBUG","tag":"service-server:WebSocketHandler","msg":"응답 전송됨 (크기: 45)"}
{"time":"2026-06-01T23:47:11.919Z","level":"DEBUG","tag":"service-server:WebSocketHandler","msg":"요청 수신됨 [object Object]"}
{"time":"2026-06-01T23:47:11.920Z","level":"DEBUG","tag":"mysql-db-conn","msg":"쿼리 실행 [object Object]"}
{"time":"2026-06-01T23:47:11.941Z","level":"DEBUG","tag":"service-server:WebSocketHandler","msg":"응답 전송됨 (크기: 45)"}
{"time":"2026-06-01T23:47:11.948Z","level":"DEBUG","tag":"service-server:WebSocketHandler","msg":"요청 수신됨 [object Object]"}
{"time":"2026-06-01T23:47:11.948Z","level":"DEBUG","tag":"mysql-db-conn","msg":"쿼리 실행 [object Object]"}
{"time":"2026-06-01T23:47:22.486Z","level":"DEBUG","tag":"service-server:WebSocketHandler","msg":"응답 전송됨 (크기: 194)"}
{"time":"2026-06-01T23:47:22.493Z","level":"DEBUG","tag":"service-server:WebSocketHandler","msg":"요청 수신됨 [object Object]"}
{"time":"2026-06-01T23:47:22.494Z","level":"DEBUG","tag":"service-server:WebSocketHandler","msg":"응답 전송됨 (크기: 45)"}
{"time":"2026-06-01T23:47:22.499Z","level":"DEBUG","tag":"service-server:WebSocketHandler","msg":"요청 수신됨 [object Object]"}
{"time":"2026-06-01T23:47:22.499Z","level":"DEBUG","tag":"service-server:WebSocketHandler","msg":"응답 전송됨 (크기: 40)"}
{"time":"2026-06-01T23:47:28.232Z","level":"DEBUG","tag":"service-server:WebSocketHandler","msg":"요청 수신됨 [object Object]"}
{"time":"2026-06-01T23:47:28.244Z","level":"DEBUG","tag":"mysql-db-conn","msg":"쿼리 실행 [object Object]"}
{"time":"2026-06-01T23:47:28.249Z","level":"DEBUG","tag":"service-server:WebSocketHandler","msg":"응답 전송됨 (크기: 2279)"}
{"time":"2026-06-01T23:47:28.254Z","level":"DEBUG","tag":"service-server:WebSocketHandler","msg":"요청 수신됨 [object Object]"}
{"time":"2026-06-01T23:47:28.255Z","level":"DEBUG","tag":"service-server:WebSocketHandler","msg":"응답 전송됨 (크기: 40)"}
{"time":"2026-06-01T23:47:28.261Z","level":"DEBUG","tag":"service-server:WebSocketHandler","msg":"요청 수신됨 [object Object]"}
{"time":"2026-06-01T23:47:28.261Z","level":"DEBUG","tag":"service-server:WebSocketHandler","msg":"응답 전송됨 (크기: 40)"}
{"time":"2026-06-01T23:47:28.267Z","level":"DEBUG","tag":"service-server:WebSocketHandler","msg":"요청 수신됨 [object Object]"}
{"time":"2026-06-01T23:47:28.267Z","level":"DEBUG","tag":"service-server:WebSocketHandler","msg":"응답 전송됨 (크기: 40)"}
{"time":"2026-06-01T23:47:28.277Z","level":"DEBUG","tag":"service-server:WebSocketHandler","msg":"요청 수신됨 [object Object]"}
{"time":"2026-06-01T23:47:28.285Z","level":"DEBUG","tag":"mysql-db-conn","msg":"쿼리 실행 [object Object]"}
{"time":"2026-06-01T23:47:28.293Z","level":"DEBUG","tag":"service-server:WebSocketHandler","msg":"응답 전송됨 (크기: 2279)"}
{"time":"2026-06-01T23:47:28.299Z","level":"DEBUG","tag":"service-server:WebSocketHandler","msg":"요청 수신됨 [object Object]"}
{"time":"2026-06-01T23:47:28.300Z","level":"DEBUG","tag":"service-server:WebSocketHandler","msg":"응답 전송됨 (크기: 40)"}
{"time":"2026-06-01T23:47:28.305Z","level":"DEBUG","tag":"service-server:WebSocketHandler","msg":"요청 수신됨 [object Object]"}
{"time":"2026-06-01T23:47:28.305Z","level":"DEBUG","tag":"service-server:WebSocketHandler","msg":"응답 전송됨 (크기: 40)"}
{"time":"2026-06-01T23:47:28.312Z","level":"DEBUG","tag":"service-server:WebSocketHandler","msg":"요청 수신됨 [object Object]"}
{"time":"2026-06-01T23:47:28.312Z","level":"DEBUG","tag":"service-server:WebSocketHandler","msg":"응답 전송됨 (크기: 40)"}
{"time":"2026-06-01T23:47:28.318Z","level":"DEBUG","tag":"service-server:WebSocketHandler","msg":"요청 수신됨 [object Object]"}
{"time":"2026-06-01T23:47:28.318Z","level":"DEBUG","tag":"service-server:WebSocketHandler","msg":"응답 전송됨 (크기: 79)"}
{"time":"2026-06-01T23:47:28.324Z","level":"DEBUG","tag":"service-server:WebSocketHandler","msg":"요청 수신됨 [object Object]"}
{"time":"2026-06-01T23:47:28.326Z","level":"DEBUG","tag":"service-server:WebSocketHandler","msg":"응답 전송됨 (크기: 42)"}
{"time":"2026-06-01T23:47:28.332Z","level":"DEBUG","tag":"service-server:WebSocketHandler","msg":"요청 수신됨 [object Object]"}
{"time":"2026-06-01T23:47:28.333Z","level":"DEBUG","tag":"mysql-db-conn","msg":"쿼리 실행 [object Object]"}
{"time":"2026-06-01T23:47:28.334Z","level":"DEBUG","tag":"service-server:WebSocketHandler","msg":"응답 전송됨 (크기: 68)"}
{"time":"2026-06-01T23:47:28.340Z","level":"DEBUG","tag":"service-server:WebSocketHandler","msg":"요청 수신됨 [object Object]"}
{"time":"2026-06-01T23:47:28.341Z","level":"DEBUG","tag":"mysql-db-conn","msg":"쿼리 실행 [object Object]"}
{"time":"2026-06-01T23:47:28.342Z","level":"DEBUG","tag":"service-server:WebSocketHandler","msg":"응답 전송됨 (크기: 92)"}
{"time":"2026-06-01T23:47:28.349Z","level":"DEBUG","tag":"service-server:WebSocketHandler","msg":"요청 수신됨 [object Object]"}
{"time":"2026-06-01T23:47:28.349Z","level":"DEBUG","tag":"mysql-db-conn","msg":"쿼리 실행 [object Object]"}
{"time":"2026-06-01T23:47:28.353Z","level":"DEBUG","tag":"service-server:WebSocketHandler","msg":"응답 전송됨 (크기: 670)"}
{"time":"2026-06-01T23:47:28.359Z","level":"DEBUG","tag":"service-server:WebSocketHandler","msg":"요청 수신됨 [object Object]"}
{"time":"2026-06-01T23:47:28.359Z","level":"DEBUG","tag":"mysql-db-conn","msg":"쿼리 실행 [object Object]"}
{"time":"2026-06-01T23:47:28.364Z","level":"DEBUG","tag":"service-server:WebSocketHandler","msg":"응답 전송됨 (크기: 556)"}
{"time":"2026-06-01T23:47:28.371Z","level":"DEBUG","tag":"service-server:WebSocketHandler","msg":"요청 수신됨 [object Object]"}
{"time":"2026-06-01T23:47:28.371Z","level":"DEBUG","tag":"mysql-db-conn","msg":"쿼리 실행 [object Object]"}
{"time":"2026-06-01T23:47:38.084Z","level":"DEBUG","tag":"service-server:WebSocketHandler","msg":"응답 전송됨 (크기: 194)"}
{"time":"2026-06-01T23:47:38.090Z","level":"DEBUG","tag":"service-server:WebSocketHandler","msg":"요청 수신됨 [object Object]"}
{"time":"2026-06-01T23:47:38.091Z","level":"DEBUG","tag":"service-server:WebSocketHandler","msg":"응답 전송됨 (크기: 45)"}
{"time":"2026-06-01T23:47:38.096Z","level":"DEBUG","tag":"service-server:WebSocketHandler","msg":"요청 수신됨 [object Object]"}
{"time":"2026-06-01T23:47:38.096Z","level":"DEBUG","tag":"service-server:WebSocketHandler","msg":"응답 전송됨 (크기: 40)"}
{"time":"2026-06-01T23:47:43.540Z","level":"DEBUG","tag":"service-server:WebSocketHandler","msg":"요청 수신됨 [object Object]"}
{"time":"2026-06-01T23:47:43.551Z","level":"DEBUG","tag":"mysql-db-conn","msg":"쿼리 실행 [object Object]"}
{"time":"2026-06-01T23:47:43.556Z","level":"DEBUG","tag":"service-server:WebSocketHandler","msg":"응답 전송됨 (크기: 2279)"}
{"time":"2026-06-01T23:47:43.562Z","level":"DEBUG","tag":"service-server:WebSocketHandler","msg":"요청 수신됨 [object Object]"}
{"time":"2026-06-01T23:47:43.563Z","level":"DEBUG","tag":"service-server:WebSocketHandler","msg":"응답 전송됨 (크기: 40)"}
{"time":"2026-06-01T23:47:43.568Z","level":"DEBUG","tag":"service-server:WebSocketHandler","msg":"요청 수신됨 [object Object]"}
{"time":"2026-06-01T23:47:43.569Z","level":"DEBUG","tag":"service-server:WebSocketHandler","msg":"응답 전송됨 (크기: 40)"}
{"time":"2026-06-01T23:47:43.575Z","level":"DEBUG","tag":"service-server:WebSocketHandler","msg":"요청 수신됨 [object Object]"}
{"time":"2026-06-01T23:47:43.575Z","level":"DEBUG","tag":"service-server:WebSocketHandler","msg":"응답 전송됨 (크기: 40)"}
{"time":"2026-06-01T23:47:43.583Z","level":"DEBUG","tag":"service-server:WebSocketHandler","msg":"요청 수신됨 [object Object]"}
{"time":"2026-06-01T23:47:43.587Z","level":"DEBUG","tag":"mysql-db-conn","msg":"쿼리 실행 [object Object]"}
{"time":"2026-06-01T23:47:43.593Z","level":"DEBUG","tag":"service-server:WebSocketHandler","msg":"응답 전송됨 (크기: 2279)"}
{"time":"2026-06-01T23:47:43.599Z","level":"DEBUG","tag":"service-server:WebSocketHandler","msg":"요청 수신됨 [object Object]"}
{"time":"2026-06-01T23:47:43.600Z","level":"DEBUG","tag":"service-server:WebSocketHandler","msg":"응답 전송됨 (크기: 40)"}
{"time":"2026-06-01T23:47:43.605Z","level":"DEBUG","tag":"service-server:WebSocketHandler","msg":"요청 수신됨 [object Object]"}
{"time":"2026-06-01T23:47:43.605Z","level":"DEBUG","tag":"service-server:WebSocketHandler","msg":"응답 전송됨 (크기: 40)"}
{"time":"2026-06-01T23:47:43.611Z","level":"DEBUG","tag":"service-server:WebSocketHandler","msg":"요청 수신됨 [object Object]"}
{"time":"2026-06-01T23:47:43.612Z","level":"DEBUG","tag":"service-server:WebSocketHandler","msg":"응답 전송됨 (크기: 40)"}
{"time":"2026-06-01T23:47:43.617Z","level":"DEBUG","tag":"service-server:WebSocketHandler","msg":"요청 수신됨 [object Object]"}
{"time":"2026-06-01T23:47:43.618Z","level":"DEBUG","tag":"service-server:WebSocketHandler","msg":"응답 전송됨 (크기: 79)"}
{"time":"2026-06-01T23:47:43.623Z","level":"DEBUG","tag":"service-server:WebSocketHandler","msg":"요청 수신됨 [object Object]"}
{"time":"2026-06-01T23:47:43.629Z","level":"DEBUG","tag":"service-server:WebSocketHandler","msg":"응답 전송됨 (크기: 42)"}
{"time":"2026-06-01T23:47:43.636Z","level":"DEBUG","tag":"service-server:WebSocketHandler","msg":"요청 수신됨 [object Object]"}
{"time":"2026-06-01T23:47:43.636Z","level":"DEBUG","tag":"mysql-db-conn","msg":"쿼리 실행 [object Object]"}
{"time":"2026-06-01T23:47:43.638Z","level":"DEBUG","tag":"service-server:WebSocketHandler","msg":"응답 전송됨 (크기: 68)"}
{"time":"2026-06-01T23:47:43.644Z","level":"DEBUG","tag":"service-server:WebSocketHandler","msg":"요청 수신됨 [object Object]"}
{"time":"2026-06-01T23:47:43.644Z","level":"DEBUG","tag":"mysql-db-conn","msg":"쿼리 실행 [object Object]"}
{"time":"2026-06-01T23:47:43.646Z","level":"DEBUG","tag":"service-server:WebSocketHandler","msg":"응답 전송됨 (크기: 92)"}
{"time":"2026-06-01T23:47:43.652Z","level":"DEBUG","tag":"service-server:WebSocketHandler","msg":"요청 수신됨 [object Object]"}
{"time":"2026-06-01T23:47:43.652Z","level":"DEBUG","tag":"mysql-db-conn","msg":"쿼리 실행 [object Object]"}
{"time":"2026-06-01T23:47:43.653Z","level":"DEBUG","tag":"service-server:WebSocketHandler","msg":"응답 전송됨 (크기: 670)"}
{"time":"2026-06-01T23:47:43.660Z","level":"DEBUG","tag":"service-server:WebSocketHandler","msg":"요청 수신됨 [object Object]"}
{"time":"2026-06-01T23:47:43.660Z","level":"DEBUG","tag":"mysql-db-conn","msg":"쿼리 실행 [object Object]"}
{"time":"2026-06-01T23:47:43.662Z","level":"DEBUG","tag":"service-server:WebSocketHandler","msg":"응답 전송됨 (크기: 556)"}
{"time":"2026-06-01T23:47:43.668Z","level":"DEBUG","tag":"service-server:WebSocketHandler","msg":"요청 수신됨 [object Object]"}
{"time":"2026-06-01T23:47:43.668Z","level":"DEBUG","tag":"mysql-db-conn","msg":"쿼리 실행 [object Object]"}
{"time":"2026-06-01T23:47:53.390Z","level":"DEBUG","tag":"service-server:WebSocketHandler","msg":"응답 전송됨 (크기: 194)"}
{"time":"2026-06-01T23:47:53.397Z","level":"DEBUG","tag":"service-server:WebSocketHandler","msg":"요청 수신됨 [object Object]"}
{"time":"2026-06-01T23:47:53.399Z","level":"DEBUG","tag":"service-server:WebSocketHandler","msg":"응답 전송됨 (크기: 45)"}
{"time":"2026-06-01T23:47:53.405Z","level":"DEBUG","tag":"service-server:WebSocketHandler","msg":"요청 수신됨 [object Object]"}
{"time":"2026-06-01T23:47:53.406Z","level":"DEBUG","tag":"service-server:WebSocketHandler","msg":"응답 전송됨 (크기: 40)"}
{"time":"2026-06-01T23:47:56.277Z","level":"DEBUG","tag":"service-server:WebSocketHandler","msg":"요청 수신됨 [object Object]"}
{"time":"2026-06-01T23:47:56.288Z","level":"DEBUG","tag":"mysql-db-conn","msg":"쿼리 실행 [object Object]"}
{"time":"2026-06-01T23:47:56.293Z","level":"DEBUG","tag":"service-server:WebSocketHandler","msg":"응답 전송됨 (크기: 2279)"}
{"time":"2026-06-01T23:47:56.300Z","level":"DEBUG","tag":"service-server:WebSocketHandler","msg":"요청 수신됨 [object Object]"}
{"time":"2026-06-01T23:47:56.300Z","level":"DEBUG","tag":"service-server:WebSocketHandler","msg":"응답 전송됨 (크기: 40)"}
{"time":"2026-06-01T23:47:56.306Z","level":"DEBUG","tag":"service-server:WebSocketHandler","msg":"요청 수신됨 [object Object]"}
{"time":"2026-06-01T23:47:56.306Z","level":"DEBUG","tag":"service-server:WebSocketHandler","msg":"응답 전송됨 (크기: 40)"}
{"time":"2026-06-01T23:47:56.312Z","level":"DEBUG","tag":"service-server:WebSocketHandler","msg":"요청 수신됨 [object Object]"}
{"time":"2026-06-01T23:47:56.312Z","level":"DEBUG","tag":"service-server:WebSocketHandler","msg":"응답 전송됨 (크기: 40)"}
{"time":"2026-06-01T23:47:56.320Z","level":"DEBUG","tag":"service-server:WebSocketHandler","msg":"요청 수신됨 [object Object]"}
{"time":"2026-06-01T23:47:56.325Z","level":"DEBUG","tag":"mysql-db-conn","msg":"쿼리 실행 [object Object]"}
{"time":"2026-06-01T23:47:56.330Z","level":"DEBUG","tag":"service-server:WebSocketHandler","msg":"응답 전송됨 (크기: 2279)"}
{"time":"2026-06-01T23:47:56.337Z","level":"DEBUG","tag":"service-server:WebSocketHandler","msg":"요청 수신됨 [object Object]"}
{"time":"2026-06-01T23:47:56.338Z","level":"DEBUG","tag":"service-server:WebSocketHandler","msg":"응답 전송됨 (크기: 40)"}
{"time":"2026-06-01T23:47:56.342Z","level":"DEBUG","tag":"service-server:WebSocketHandler","msg":"요청 수신됨 [object Object]"}
{"time":"2026-06-01T23:47:56.343Z","level":"DEBUG","tag":"service-server:WebSocketHandler","msg":"응답 전송됨 (크기: 40)"}
{"time":"2026-06-01T23:47:56.349Z","level":"DEBUG","tag":"service-server:WebSocketHandler","msg":"요청 수신됨 [object Object]"}
{"time":"2026-06-01T23:47:56.349Z","level":"DEBUG","tag":"service-server:WebSocketHandler","msg":"응답 전송됨 (크기: 40)"}
{"time":"2026-06-01T23:47:56.355Z","level":"DEBUG","tag":"service-server:WebSocketHandler","msg":"요청 수신됨 [object Object]"}
{"time":"2026-06-01T23:47:56.355Z","level":"DEBUG","tag":"service-server:WebSocketHandler","msg":"응답 전송됨 (크기: 79)"}
{"time":"2026-06-01T23:47:56.361Z","level":"DEBUG","tag":"service-server:WebSocketHandler","msg":"요청 수신됨 [object Object]"}
{"time":"2026-06-01T23:47:56.367Z","level":"DEBUG","tag":"service-server:WebSocketHandler","msg":"응답 전송됨 (크기: 42)"}
{"time":"2026-06-01T23:47:56.375Z","level":"DEBUG","tag":"service-server:WebSocketHandler","msg":"요청 수신됨 [object Object]"}
{"time":"2026-06-01T23:47:56.375Z","level":"DEBUG","tag":"mysql-db-conn","msg":"쿼리 실행 [object Object]"}
{"time":"2026-06-01T23:47:56.377Z","level":"DEBUG","tag":"service-server:WebSocketHandler","msg":"응답 전송됨 (크기: 68)"}
{"time":"2026-06-01T23:47:56.383Z","level":"DEBUG","tag":"service-server:WebSocketHandler","msg":"요청 수신됨 [object Object]"}
{"time":"2026-06-01T23:47:56.384Z","level":"DEBUG","tag":"mysql-db-conn","msg":"쿼리 실행 [object Object]"}
{"time":"2026-06-01T23:47:56.385Z","level":"DEBUG","tag":"service-server:WebSocketHandler","msg":"응답 전송됨 (크기: 92)"}
{"time":"2026-06-01T23:47:56.391Z","level":"DEBUG","tag":"service-server:WebSocketHandler","msg":"요청 수신됨 [object Object]"}
{"time":"2026-06-01T23:47:56.392Z","level":"DEBUG","tag":"mysql-db-conn","msg":"쿼리 실행 [object Object]"}
{"time":"2026-06-01T23:47:56.395Z","level":"DEBUG","tag":"service-server:WebSocketHandler","msg":"응답 전송됨 (크기: 670)"}
{"time":"2026-06-01T23:47:56.402Z","level":"DEBUG","tag":"service-server:WebSocketHandler","msg":"요청 수신됨 [object Object]"}
{"time":"2026-06-01T23:47:56.402Z","level":"DEBUG","tag":"mysql-db-conn","msg":"쿼리 실행 [object Object]"}
{"time":"2026-06-01T23:47:56.405Z","level":"DEBUG","tag":"service-server:WebSocketHandler","msg":"응답 전송됨 (크기: 556)"}
{"time":"2026-06-01T23:47:56.412Z","level":"DEBUG","tag":"service-server:WebSocketHandler","msg":"요청 수신됨 [object Object]"}
{"time":"2026-06-01T23:47:56.412Z","level":"DEBUG","tag":"mysql-db-conn","msg":"쿼리 실행 [object Object]"}
{"time":"2026-06-01T23:48:08.363Z","level":"DEBUG","tag":"service-server:WebSocketHandler","msg":"응답 전송됨 (크기: 194)"}
{"time":"2026-06-01T23:48:08.365Z","level":"DEBUG","tag":"service-server:WebSocketHandler","msg":"클라이언트 연결됨 [object Object]"}
{"time":"2026-06-01T23:48:08.370Z","level":"DEBUG","tag":"service-server:WebSocketHandler","msg":"요청 수신됨 [object Object]"}
{"time":"2026-06-01T23:48:08.370Z","level":"DEBUG","tag":"service-server:WebSocketHandler","msg":"요청 수신됨 [object Object]"}
{"time":"2026-06-01T23:48:08.371Z","level":"DEBUG","tag":"service-server:WebSocketHandler","msg":"응답 전송됨 (크기: 45)"}
{"time":"2026-06-01T23:48:08.371Z","level":"DEBUG","tag":"service-server:WebSocketHandler","msg":"응답 전송됨 (크기: 40)"}
{"time":"2026-06-01T23:48:08.374Z","level":"DEBUG","tag":"service-server:WebSocketHandler","msg":"요청 수신됨 [object Object]"}
{"time":"2026-06-01T23:48:08.375Z","level":"DEBUG","tag":"service-server:WebSocketHandler","msg":"응답 전송됨 (크기: 40)"}
{"time":"2026-06-01T23:48:08.376Z","level":"DEBUG","tag":"service-server:WebSocketHandler","msg":"요청 수신됨 [object Object]"}
{"time":"2026-06-01T23:48:08.376Z","level":"DEBUG","tag":"service-server:WebSocketHandler","msg":"응답 전송됨 (크기: 40)"}
{"time":"2026-06-01T23:48:15.468Z","level":"DEBUG","tag":"service-server:WebSocketHandler","msg":"요청 수신됨 [object Object]"}
{"time":"2026-06-01T23:48:15.477Z","level":"DEBUG","tag":"mysql-db-conn","msg":"쿼리 실행 [object Object]"}
{"time":"2026-06-01T23:48:15.486Z","level":"DEBUG","tag":"service-server:WebSocketHandler","msg":"응답 전송됨 (크기: 2279)"}
{"time":"2026-06-01T23:48:15.493Z","level":"DEBUG","tag":"service-server:WebSocketHandler","msg":"요청 수신됨 [object Object]"}
{"time":"2026-06-01T23:48:15.493Z","level":"DEBUG","tag":"service-server:WebSocketHandler","msg":"응답 전송됨 (크기: 40)"}
{"time":"2026-06-01T23:48:15.499Z","level":"DEBUG","tag":"service-server:WebSocketHandler","msg":"요청 수신됨 [object Object]"}
{"time":"2026-06-01T23:48:15.499Z","level":"DEBUG","tag":"service-server:WebSocketHandler","msg":"응답 전송됨 (크기: 40)"}
{"time":"2026-06-01T23:48:15.505Z","level":"DEBUG","tag":"service-server:WebSocketHandler","msg":"요청 수신됨 [object Object]"}
{"time":"2026-06-01T23:48:15.505Z","level":"DEBUG","tag":"service-server:WebSocketHandler","msg":"응답 전송됨 (크기: 40)"}
{"time":"2026-06-01T23:48:15.513Z","level":"DEBUG","tag":"service-server:WebSocketHandler","msg":"요청 수신됨 [object Object]"}
{"time":"2026-06-01T23:48:15.517Z","level":"DEBUG","tag":"mysql-db-conn","msg":"쿼리 실행 [object Object]"}
{"time":"2026-06-01T23:48:15.522Z","level":"DEBUG","tag":"service-server:WebSocketHandler","msg":"응답 전송됨 (크기: 2279)"}
{"time":"2026-06-01T23:48:15.528Z","level":"DEBUG","tag":"service-server:WebSocketHandler","msg":"요청 수신됨 [object Object]"}
{"time":"2026-06-01T23:48:15.529Z","level":"DEBUG","tag":"service-server:WebSocketHandler","msg":"응답 전송됨 (크기: 40)"}
{"time":"2026-06-01T23:48:15.533Z","level":"DEBUG","tag":"service-server:WebSocketHandler","msg":"요청 수신됨 [object Object]"}
{"time":"2026-06-01T23:48:15.534Z","level":"DEBUG","tag":"service-server:WebSocketHandler","msg":"응답 전송됨 (크기: 40)"}
{"time":"2026-06-01T23:48:15.540Z","level":"DEBUG","tag":"service-server:WebSocketHandler","msg":"요청 수신됨 [object Object]"}
{"time":"2026-06-01T23:48:15.540Z","level":"DEBUG","tag":"service-server:WebSocketHandler","msg":"응답 전송됨 (크기: 40)"}
{"time":"2026-06-01T23:48:15.546Z","level":"DEBUG","tag":"service-server:WebSocketHandler","msg":"요청 수신됨 [object Object]"}
{"time":"2026-06-01T23:48:15.546Z","level":"DEBUG","tag":"service-server:WebSocketHandler","msg":"응답 전송됨 (크기: 79)"}
{"time":"2026-06-01T23:48:15.554Z","level":"DEBUG","tag":"service-server:WebSocketHandler","msg":"요청 수신됨 [object Object]"}
{"time":"2026-06-01T23:48:15.558Z","level":"DEBUG","tag":"service-server:WebSocketHandler","msg":"응답 전송됨 (크기: 42)"}
{"time":"2026-06-01T23:48:15.564Z","level":"DEBUG","tag":"service-server:WebSocketHandler","msg":"요청 수신됨 [object Object]"}
{"time":"2026-06-01T23:48:15.564Z","level":"DEBUG","tag":"mysql-db-conn","msg":"쿼리 실행 [object Object]"}
{"time":"2026-06-01T23:48:15.566Z","level":"DEBUG","tag":"service-server:WebSocketHandler","msg":"응답 전송됨 (크기: 68)"}
{"time":"2026-06-01T23:48:15.572Z","level":"DEBUG","tag":"service-server:WebSocketHandler","msg":"요청 수신됨 [object Object]"}
{"time":"2026-06-01T23:48:15.573Z","level":"DEBUG","tag":"mysql-db-conn","msg":"쿼리 실행 [object Object]"}
{"time":"2026-06-01T23:48:15.574Z","level":"DEBUG","tag":"service-server:WebSocketHandler","msg":"응답 전송됨 (크기: 92)"}
{"time":"2026-06-01T23:48:15.582Z","level":"DEBUG","tag":"service-server:WebSocketHandler","msg":"요청 수신됨 [object Object]"}
{"time":"2026-06-01T23:48:15.583Z","level":"DEBUG","tag":"mysql-db-conn","msg":"쿼리 실행 [object Object]"}
{"time":"2026-06-01T23:48:15.586Z","level":"DEBUG","tag":"service-server:WebSocketHandler","msg":"응답 전송됨 (크기: 670)"}
{"time":"2026-06-01T23:48:15.595Z","level":"DEBUG","tag":"service-server:WebSocketHandler","msg":"요청 수신됨 [object Object]"}
{"time":"2026-06-01T23:48:15.595Z","level":"DEBUG","tag":"mysql-db-conn","msg":"쿼리 실행 [object Object]"}
{"time":"2026-06-01T23:48:15.598Z","level":"DEBUG","tag":"service-server:WebSocketHandler","msg":"응답 전송됨 (크기: 556)"}
{"time":"2026-06-01T23:48:15.605Z","level":"DEBUG","tag":"service-server:WebSocketHandler","msg":"요청 수신됨 [object Object]"}
{"time":"2026-06-01T23:48:15.605Z","level":"DEBUG","tag":"mysql-db-conn","msg":"쿼리 실행 [object Object]"}
{"time":"2026-06-01T23:48:25.200Z","level":"DEBUG","tag":"service-server:WebSocketHandler","msg":"응답 전송됨 (크기: 194)"}
{"time":"2026-06-01T23:48:25.207Z","level":"DEBUG","tag":"service-server:WebSocketHandler","msg":"요청 수신됨 [object Object]"}
{"time":"2026-06-01T23:48:25.208Z","level":"DEBUG","tag":"service-server:WebSocketHandler","msg":"응답 전송됨 (크기: 45)"}
{"time":"2026-06-01T23:48:25.213Z","level":"DEBUG","tag":"service-server:WebSocketHandler","msg":"요청 수신됨 [object Object]"}
{"time":"2026-06-01T23:48:25.213Z","level":"DEBUG","tag":"service-server:WebSocketHandler","msg":"응답 전송됨 (크기: 40)"}
{"time":"2026-06-01T23:48:30.022Z","level":"DEBUG","tag":"service-server:WebSocketHandler","msg":"클라이언트 연결 해제됨: (code: 1001)"}
{"time":"2026-06-01T23:48:30.023Z","level":"DEBUG","tag":"service-server:OrmService","msg":"소켓 종료 감지: 열린 모든 DB 연결을 정리합니다."}
{"time":"2026-06-01T23:48:35.180Z","level":"DEBUG","tag":"service-server:WebSocketHandler","msg":"클라이언트 연결됨 [object Object]"}
{"time":"2026-06-01T23:48:38.414Z","level":"DEBUG","tag":"service-server:WebSocketHandler","msg":"요청 수신됨 [object Object]"}
{"time":"2026-06-01T23:48:38.425Z","level":"DEBUG","tag":"mysql-db-conn","msg":"쿼리 실행 [object Object]"}
{"time":"2026-06-01T23:48:38.429Z","level":"DEBUG","tag":"service-server:WebSocketHandler","msg":"응답 전송됨 (크기: 2279)"}
{"time":"2026-06-01T23:48:38.475Z","level":"DEBUG","tag":"service-server:WebSocketHandler","msg":"요청 수신됨 [object Object]"}
{"time":"2026-06-01T23:48:38.477Z","level":"DEBUG","tag":"service-server:WebSocketHandler","msg":"응답 전송됨 (크기: 40)"}
{"time":"2026-06-01T23:48:38.486Z","level":"DEBUG","tag":"service-server:WebSocketHandler","msg":"요청 수신됨 [object Object]"}
{"time":"2026-06-01T23:48:38.486Z","level":"DEBUG","tag":"service-server:WebSocketHandler","msg":"응답 전송됨 (크기: 40)"}
{"time":"2026-06-01T23:48:38.605Z","level":"DEBUG","tag":"service-server:WebSocketHandler","msg":"요청 수신됨 [object Object]"}
{"time":"2026-06-01T23:48:38.612Z","level":"DEBUG","tag":"mysql-db-conn","msg":"쿼리 실행 [object Object]"}
{"time":"2026-06-01T23:48:38.621Z","level":"DEBUG","tag":"service-server:WebSocketHandler","msg":"응답 전송됨 (크기: 2279)"}
{"time":"2026-06-01T23:48:38.628Z","level":"DEBUG","tag":"service-server:WebSocketHandler","msg":"요청 수신됨 [object Object]"}
{"time":"2026-06-01T23:48:38.629Z","level":"DEBUG","tag":"service-server:WebSocketHandler","msg":"응답 전송됨 (크기: 40)"}
{"time":"2026-06-01T23:48:38.636Z","level":"DEBUG","tag":"service-server:WebSocketHandler","msg":"요청 수신됨 [object Object]"}
{"time":"2026-06-01T23:48:38.636Z","level":"DEBUG","tag":"service-server:WebSocketHandler","msg":"응답 전송됨 (크기: 40)"}
{"time":"2026-06-01T23:48:38.644Z","level":"DEBUG","tag":"service-server:WebSocketHandler","msg":"요청 수신됨 [object Object]"}
{"time":"2026-06-01T23:48:38.644Z","level":"DEBUG","tag":"service-server:WebSocketHandler","msg":"응답 전송됨 (크기: 40)"}
{"time":"2026-06-01T23:48:38.652Z","level":"DEBUG","tag":"service-server:WebSocketHandler","msg":"요청 수신됨 [object Object]"}
{"time":"2026-06-01T23:48:38.653Z","level":"DEBUG","tag":"service-server:WebSocketHandler","msg":"응답 전송됨 (크기: 79)"}
{"time":"2026-06-01T23:48:38.662Z","level":"DEBUG","tag":"service-server:WebSocketHandler","msg":"요청 수신됨 [object Object]"}
{"time":"2026-06-01T23:48:38.670Z","level":"DEBUG","tag":"service-server:WebSocketHandler","msg":"응답 전송됨 (크기: 42)"}
{"time":"2026-06-01T23:48:38.679Z","level":"DEBUG","tag":"service-server:WebSocketHandler","msg":"요청 수신됨 [object Object]"}
{"time":"2026-06-01T23:48:38.679Z","level":"DEBUG","tag":"mysql-db-conn","msg":"쿼리 실행 [object Object]"}
{"time":"2026-06-01T23:48:38.681Z","level":"DEBUG","tag":"service-server:WebSocketHandler","msg":"응답 전송됨 (크기: 68)"}
{"time":"2026-06-01T23:48:38.689Z","level":"DEBUG","tag":"service-server:WebSocketHandler","msg":"요청 수신됨 [object Object]"}
{"time":"2026-06-01T23:48:38.689Z","level":"DEBUG","tag":"mysql-db-conn","msg":"쿼리 실행 [object Object]"}
{"time":"2026-06-01T23:48:38.691Z","level":"DEBUG","tag":"service-server:WebSocketHandler","msg":"응답 전송됨 (크기: 92)"}
{"time":"2026-06-01T23:48:38.699Z","level":"DEBUG","tag":"service-server:WebSocketHandler","msg":"요청 수신됨 [object Object]"}
{"time":"2026-06-01T23:48:38.699Z","level":"DEBUG","tag":"mysql-db-conn","msg":"쿼리 실행 [object Object]"}
{"time":"2026-06-01T23:48:38.703Z","level":"DEBUG","tag":"service-server:WebSocketHandler","msg":"응답 전송됨 (크기: 670)"}
{"time":"2026-06-01T23:48:38.713Z","level":"DEBUG","tag":"service-server:WebSocketHandler","msg":"요청 수신됨 [object Object]"}
{"time":"2026-06-01T23:48:38.714Z","level":"DEBUG","tag":"mysql-db-conn","msg":"쿼리 실행 [object Object]"}
{"time":"2026-06-01T23:48:38.717Z","level":"DEBUG","tag":"service-server:WebSocketHandler","msg":"응답 전송됨 (크기: 556)"}
{"time":"2026-06-01T23:48:38.725Z","level":"DEBUG","tag":"service-server:WebSocketHandler","msg":"요청 수신됨 [object Object]"}
{"time":"2026-06-01T23:48:38.726Z","level":"DEBUG","tag":"mysql-db-conn","msg":"쿼리 실행 [object Object]"}
{"time":"2026-06-01T23:48:48.987Z","level":"DEBUG","tag":"service-server:WebSocketHandler","msg":"응답 전송됨 (크기: 194)"}
{"time":"2026-06-01T23:48:48.995Z","level":"DEBUG","tag":"service-server:WebSocketHandler","msg":"요청 수신됨 [object Object]"}
{"time":"2026-06-01T23:48:48.996Z","level":"DEBUG","tag":"service-server:WebSocketHandler","msg":"응답 전송됨 (크기: 45)"}
{"time":"2026-06-01T23:48:49.003Z","level":"DEBUG","tag":"service-server:WebSocketHandler","msg":"요청 수신됨 [object Object]"}
{"time":"2026-06-01T23:48:49.003Z","level":"DEBUG","tag":"service-server:WebSocketHandler","msg":"응답 전송됨 (크기: 40)"}
{"time":"2026-06-01T23:49:02.160Z","level":"DEBUG","tag":"service-server:WebSocketHandler","msg":"요청 수신됨 [object Object]"}
{"time":"2026-06-01T23:49:02.170Z","level":"DEBUG","tag":"mysql-db-conn","msg":"쿼리 실행 [object Object]"}
{"time":"2026-06-01T23:49:02.174Z","level":"DEBUG","tag":"service-server:WebSocketHandler","msg":"응답 전송됨 (크기: 2279)"}
{"time":"2026-06-01T23:49:02.182Z","level":"DEBUG","tag":"service-server:WebSocketHandler","msg":"요청 수신됨 [object Object]"}
{"time":"2026-06-01T23:49:02.183Z","level":"DEBUG","tag":"service-server:WebSocketHandler","msg":"응답 전송됨 (크기: 40)"}
{"time":"2026-06-01T23:49:02.190Z","level":"DEBUG","tag":"service-server:WebSocketHandler","msg":"요청 수신됨 [object Object]"}
{"time":"2026-06-01T23:49:02.190Z","level":"DEBUG","tag":"service-server:WebSocketHandler","msg":"응답 전송됨 (크기: 40)"}
{"time":"2026-06-01T23:49:02.199Z","level":"DEBUG","tag":"service-server:WebSocketHandler","msg":"요청 수신됨 [object Object]"}
{"time":"2026-06-01T23:49:02.199Z","level":"DEBUG","tag":"service-server:WebSocketHandler","msg":"응답 전송됨 (크기: 40)"}
{"time":"2026-06-01T23:49:02.209Z","level":"DEBUG","tag":"service-server:WebSocketHandler","msg":"요청 수신됨 [object Object]"}
{"time":"2026-06-01T23:49:02.215Z","level":"DEBUG","tag":"mysql-db-conn","msg":"쿼리 실행 [object Object]"}
{"time":"2026-06-01T23:49:02.223Z","level":"DEBUG","tag":"service-server:WebSocketHandler","msg":"응답 전송됨 (크기: 2279)"}
{"time":"2026-06-01T23:49:02.231Z","level":"DEBUG","tag":"service-server:WebSocketHandler","msg":"요청 수신됨 [object Object]"}
{"time":"2026-06-01T23:49:02.232Z","level":"DEBUG","tag":"service-server:WebSocketHandler","msg":"응답 전송됨 (크기: 40)"}
{"time":"2026-06-01T23:49:02.239Z","level":"DEBUG","tag":"service-server:WebSocketHandler","msg":"요청 수신됨 [object Object]"}
{"time":"2026-06-01T23:49:02.240Z","level":"DEBUG","tag":"service-server:WebSocketHandler","msg":"응답 전송됨 (크기: 40)"}
{"time":"2026-06-01T23:49:02.247Z","level":"DEBUG","tag":"service-server:WebSocketHandler","msg":"요청 수신됨 [object Object]"}
{"time":"2026-06-01T23:49:02.248Z","level":"DEBUG","tag":"service-server:WebSocketHandler","msg":"응답 전송됨 (크기: 40)"}
{"time":"2026-06-01T23:49:02.255Z","level":"DEBUG","tag":"service-server:WebSocketHandler","msg":"요청 수신됨 [object Object]"}
{"time":"2026-06-01T23:49:02.256Z","level":"DEBUG","tag":"service-server:WebSocketHandler","msg":"응답 전송됨 (크기: 79)"}
{"time":"2026-06-01T23:49:02.264Z","level":"DEBUG","tag":"service-server:WebSocketHandler","msg":"요청 수신됨 [object Object]"}
{"time":"2026-06-01T23:49:02.268Z","level":"DEBUG","tag":"service-server:WebSocketHandler","msg":"응답 전송됨 (크기: 42)"}
{"time":"2026-06-01T23:49:02.276Z","level":"DEBUG","tag":"service-server:WebSocketHandler","msg":"요청 수신됨 [object Object]"}
{"time":"2026-06-01T23:49:02.276Z","level":"DEBUG","tag":"mysql-db-conn","msg":"쿼리 실행 [object Object]"}
{"time":"2026-06-01T23:49:02.278Z","level":"DEBUG","tag":"service-server:WebSocketHandler","msg":"응답 전송됨 (크기: 68)"}
{"time":"2026-06-01T23:49:02.286Z","level":"DEBUG","tag":"service-server:WebSocketHandler","msg":"요청 수신됨 [object Object]"}
{"time":"2026-06-01T23:49:02.287Z","level":"DEBUG","tag":"mysql-db-conn","msg":"쿼리 실행 [object Object]"}
{"time":"2026-06-01T23:49:02.288Z","level":"DEBUG","tag":"service-server:WebSocketHandler","msg":"응답 전송됨 (크기: 92)"}
{"time":"2026-06-01T23:49:02.296Z","level":"DEBUG","tag":"service-server:WebSocketHandler","msg":"요청 수신됨 [object Object]"}
{"time":"2026-06-01T23:49:02.297Z","level":"DEBUG","tag":"mysql-db-conn","msg":"쿼리 실행 [object Object]"}
{"time":"2026-06-01T23:49:02.300Z","level":"DEBUG","tag":"service-server:WebSocketHandler","msg":"응답 전송됨 (크기: 670)"}
{"time":"2026-06-01T23:49:02.309Z","level":"DEBUG","tag":"service-server:WebSocketHandler","msg":"요청 수신됨 [object Object]"}
{"time":"2026-06-01T23:49:02.312Z","level":"DEBUG","tag":"service-server:WebSocketHandler","msg":"응답 전송됨 (크기: 556)"}
{"time":"2026-06-01T23:49:02.321Z","level":"DEBUG","tag":"service-server:WebSocketHandler","msg":"요청 수신됨 [object Object]"}
{"time":"2026-06-01T23:49:02.297Z","level":"DEBUG","tag":"mysql-db-conn","msg":"쿼리 실행 [object Object]"}
{"time":"2026-06-01T23:49:02.321Z","level":"DEBUG","tag":"mysql-db-conn","msg":"쿼리 실행 [object Object]"}
{"time":"2026-06-01T23:49:11.709Z","level":"DEBUG","tag":"service-server:WebSocketHandler","msg":"응답 전송됨 (크기: 194)"}
{"time":"2026-06-01T23:49:11.717Z","level":"DEBUG","tag":"service-server:WebSocketHandler","msg":"요청 수신됨 [object Object]"}
{"time":"2026-06-01T23:49:11.717Z","level":"DEBUG","tag":"service-server:WebSocketHandler","msg":"응답 전송됨 (크기: 45)"}
{"time":"2026-06-01T23:49:11.724Z","level":"DEBUG","tag":"service-server:WebSocketHandler","msg":"요청 수신됨 [object Object]"}
{"time":"2026-06-01T23:49:11.724Z","level":"DEBUG","tag":"service-server:WebSocketHandler","msg":"응답 전송됨 (크기: 40)"}
{"time":"2026-06-01T23:49:43.888Z","level":"DEBUG","tag":"service-server:WebSocketHandler","msg":"요청 수신됨 [object Object]"}
{"time":"2026-06-01T23:49:43.897Z","level":"DEBUG","tag":"mysql-db-conn","msg":"쿼리 실행 [object Object]"}
{"time":"2026-06-01T23:49:43.902Z","level":"DEBUG","tag":"service-server:WebSocketHandler","msg":"응답 전송됨 (크기: 2279)"}
{"time":"2026-06-01T23:49:43.911Z","level":"DEBUG","tag":"service-server:WebSocketHandler","msg":"요청 수신됨 [object Object]"}
{"time":"2026-06-01T23:49:43.912Z","level":"DEBUG","tag":"service-server:WebSocketHandler","msg":"응답 전송됨 (크기: 40)"}
{"time":"2026-06-01T23:49:43.921Z","level":"DEBUG","tag":"service-server:WebSocketHandler","msg":"요청 수신됨 [object Object]"}
{"time":"2026-06-01T23:49:43.921Z","level":"DEBUG","tag":"service-server:WebSocketHandler","msg":"응답 전송됨 (크기: 40)"}
{"time":"2026-06-01T23:49:43.929Z","level":"DEBUG","tag":"service-server:WebSocketHandler","msg":"요청 수신됨 [object Object]"}
{"time":"2026-06-01T23:49:43.929Z","level":"DEBUG","tag":"service-server:WebSocketHandler","msg":"응답 전송됨 (크기: 40)"}
{"time":"2026-06-01T23:49:43.941Z","level":"DEBUG","tag":"service-server:WebSocketHandler","msg":"요청 수신됨 [object Object]"}
{"time":"2026-06-01T23:49:43.949Z","level":"DEBUG","tag":"mysql-db-conn","msg":"쿼리 실행 [object Object]"}
{"time":"2026-06-01T23:49:43.960Z","level":"DEBUG","tag":"service-server:WebSocketHandler","msg":"응답 전송됨 (크기: 2279)"}
{"time":"2026-06-01T23:49:43.968Z","level":"DEBUG","tag":"service-server:WebSocketHandler","msg":"요청 수신됨 [object Object]"}
{"time":"2026-06-01T23:49:43.968Z","level":"DEBUG","tag":"service-server:WebSocketHandler","msg":"응답 전송됨 (크기: 40)"}
{"time":"2026-06-01T23:49:43.975Z","level":"DEBUG","tag":"service-server:WebSocketHandler","msg":"요청 수신됨 [object Object]"}
{"time":"2026-06-01T23:49:43.975Z","level":"DEBUG","tag":"service-server:WebSocketHandler","msg":"응답 전송됨 (크기: 40)"}
{"time":"2026-06-01T23:49:43.983Z","level":"DEBUG","tag":"service-server:WebSocketHandler","msg":"요청 수신됨 [object Object]"}
{"time":"2026-06-01T23:49:43.984Z","level":"DEBUG","tag":"service-server:WebSocketHandler","msg":"응답 전송됨 (크기: 40)"}
{"time":"2026-06-01T23:49:43.992Z","level":"DEBUG","tag":"service-server:WebSocketHandler","msg":"요청 수신됨 [object Object]"}
{"time":"2026-06-01T23:49:43.992Z","level":"DEBUG","tag":"service-server:WebSocketHandler","msg":"응답 전송됨 (크기: 79)"}
{"time":"2026-06-01T23:49:44.000Z","level":"DEBUG","tag":"service-server:WebSocketHandler","msg":"요청 수신됨 [object Object]"}
{"time":"2026-06-01T23:49:44.003Z","level":"DEBUG","tag":"service-server:WebSocketHandler","msg":"응답 전송됨 (크기: 42)"}
{"time":"2026-06-01T23:49:44.010Z","level":"DEBUG","tag":"service-server:WebSocketHandler","msg":"요청 수신됨 [object Object]"}
{"time":"2026-06-01T23:49:44.010Z","level":"DEBUG","tag":"mysql-db-conn","msg":"쿼리 실행 [object Object]"}
{"time":"2026-06-01T23:49:44.012Z","level":"DEBUG","tag":"service-server:WebSocketHandler","msg":"응답 전송됨 (크기: 68)"}
{"time":"2026-06-01T23:49:44.020Z","level":"DEBUG","tag":"service-server:WebSocketHandler","msg":"요청 수신됨 [object Object]"}
{"time":"2026-06-01T23:49:44.021Z","level":"DEBUG","tag":"mysql-db-conn","msg":"쿼리 실행 [object Object]"}
{"time":"2026-06-01T23:49:44.022Z","level":"DEBUG","tag":"service-server:WebSocketHandler","msg":"응답 전송됨 (크기: 92)"}
{"time":"2026-06-01T23:49:44.031Z","level":"DEBUG","tag":"service-server:WebSocketHandler","msg":"요청 수신됨 [object Object]"}
{"time":"2026-06-01T23:49:44.031Z","level":"DEBUG","tag":"mysql-db-conn","msg":"쿼리 실행 [object Object]"}
{"time":"2026-06-01T23:49:44.034Z","level":"DEBUG","tag":"service-server:WebSocketHandler","msg":"응답 전송됨 (크기: 670)"}
{"time":"2026-06-01T23:49:44.043Z","level":"DEBUG","tag":"service-server:WebSocketHandler","msg":"요청 수신됨 [object Object]"}
{"time":"2026-06-01T23:49:44.043Z","level":"DEBUG","tag":"mysql-db-conn","msg":"쿼리 실행 [object Object]"}
{"time":"2026-06-01T23:49:44.046Z","level":"DEBUG","tag":"service-server:WebSocketHandler","msg":"응답 전송됨 (크기: 556)"}
{"time":"2026-06-01T23:49:44.055Z","level":"DEBUG","tag":"service-server:WebSocketHandler","msg":"요청 수신됨 [object Object]"}
{"time":"2026-06-01T23:49:44.055Z","level":"DEBUG","tag":"mysql-db-conn","msg":"쿼리 실행 [object Object]"}
{"time":"2026-06-01T23:49:55.155Z","level":"DEBUG","tag":"service-server:WebSocketHandler","msg":"응답 전송됨 (크기: 194)"}
{"time":"2026-06-01T23:49:55.164Z","level":"DEBUG","tag":"service-server:WebSocketHandler","msg":"요청 수신됨 [object Object]"}
{"time":"2026-06-01T23:49:55.164Z","level":"DEBUG","tag":"service-server:WebSocketHandler","msg":"응답 전송됨 (크기: 45)"}
{"time":"2026-06-01T23:49:55.172Z","level":"DEBUG","tag":"service-server:WebSocketHandler","msg":"요청 수신됨 [object Object]"}
{"time":"2026-06-01T23:49:55.172Z","level":"DEBUG","tag":"service-server:WebSocketHandler","msg":"응답 전송됨 (크기: 40)"}
{"time":"2026-06-01T23:50:00.240Z","level":"DEBUG","tag":"service-server:WebSocketHandler","msg":"요청 수신됨 [object Object]"}
{"time":"2026-06-01T23:50:00.250Z","level":"DEBUG","tag":"mysql-db-conn","msg":"쿼리 실행 [object Object]"}
{"time":"2026-06-01T23:50:00.253Z","level":"DEBUG","tag":"service-server:WebSocketHandler","msg":"응답 전송됨 (크기: 2279)"}
{"time":"2026-06-01T23:50:00.261Z","level":"DEBUG","tag":"service-server:WebSocketHandler","msg":"요청 수신됨 [object Object]"}
{"time":"2026-06-01T23:50:00.261Z","level":"DEBUG","tag":"service-server:WebSocketHandler","msg":"응답 전송됨 (크기: 40)"}
{"time":"2026-06-01T23:50:00.268Z","level":"DEBUG","tag":"service-server:WebSocketHandler","msg":"요청 수신됨 [object Object]"}
{"time":"2026-06-01T23:50:00.268Z","level":"DEBUG","tag":"service-server:WebSocketHandler","msg":"응답 전송됨 (크기: 40)"}
{"time":"2026-06-01T23:50:00.276Z","level":"DEBUG","tag":"service-server:WebSocketHandler","msg":"요청 수신됨 [object Object]"}
{"time":"2026-06-01T23:50:00.277Z","level":"DEBUG","tag":"service-server:WebSocketHandler","msg":"응답 전송됨 (크기: 40)"}
{"time":"2026-06-01T23:50:00.287Z","level":"DEBUG","tag":"service-server:WebSocketHandler","msg":"요청 수신됨 [object Object]"}
{"time":"2026-06-01T23:50:00.291Z","level":"DEBUG","tag":"mysql-db-conn","msg":"쿼리 실행 [object Object]"}
{"time":"2026-06-01T23:50:00.297Z","level":"DEBUG","tag":"service-server:WebSocketHandler","msg":"응답 전송됨 (크기: 2279)"}
{"time":"2026-06-01T23:50:00.305Z","level":"DEBUG","tag":"service-server:WebSocketHandler","msg":"요청 수신됨 [object Object]"}
{"time":"2026-06-01T23:50:00.306Z","level":"DEBUG","tag":"service-server:WebSocketHandler","msg":"응답 전송됨 (크기: 40)"}
{"time":"2026-06-01T23:50:00.317Z","level":"DEBUG","tag":"service-server:WebSocketHandler","msg":"요청 수신됨 [object Object]"}
{"time":"2026-06-01T23:50:00.318Z","level":"DEBUG","tag":"service-server:WebSocketHandler","msg":"응답 전송됨 (크기: 40)"}
{"time":"2026-06-01T23:50:00.325Z","level":"DEBUG","tag":"service-server:WebSocketHandler","msg":"요청 수신됨 [object Object]"}
{"time":"2026-06-01T23:50:00.326Z","level":"DEBUG","tag":"service-server:WebSocketHandler","msg":"응답 전송됨 (크기: 40)"}
{"time":"2026-06-01T23:50:00.333Z","level":"DEBUG","tag":"service-server:WebSocketHandler","msg":"요청 수신됨 [object Object]"}
{"time":"2026-06-01T23:50:00.334Z","level":"DEBUG","tag":"service-server:WebSocketHandler","msg":"응답 전송됨 (크기: 79)"}
{"time":"2026-06-01T23:50:00.342Z","level":"DEBUG","tag":"service-server:WebSocketHandler","msg":"요청 수신됨 [object Object]"}
{"time":"2026-06-01T23:50:00.346Z","level":"DEBUG","tag":"service-server:WebSocketHandler","msg":"응답 전송됨 (크기: 42)"}
{"time":"2026-06-01T23:50:00.354Z","level":"DEBUG","tag":"service-server:WebSocketHandler","msg":"요청 수신됨 [object Object]"}
{"time":"2026-06-01T23:50:00.354Z","level":"DEBUG","tag":"mysql-db-conn","msg":"쿼리 실행 [object Object]"}
{"time":"2026-06-01T23:50:00.356Z","level":"DEBUG","tag":"service-server:WebSocketHandler","msg":"응답 전송됨 (크기: 68)"}
{"time":"2026-06-01T23:50:00.364Z","level":"DEBUG","tag":"service-server:WebSocketHandler","msg":"요청 수신됨 [object Object]"}
{"time":"2026-06-01T23:50:00.364Z","level":"DEBUG","tag":"mysql-db-conn","msg":"쿼리 실행 [object Object]"}
{"time":"2026-06-01T23:50:00.366Z","level":"DEBUG","tag":"service-server:WebSocketHandler","msg":"응답 전송됨 (크기: 92)"}
{"time":"2026-06-01T23:50:00.374Z","level":"DEBUG","tag":"service-server:WebSocketHandler","msg":"요청 수신됨 [object Object]"}
{"time":"2026-06-01T23:50:00.375Z","level":"DEBUG","tag":"mysql-db-conn","msg":"쿼리 실행 [object Object]"}
{"time":"2026-06-01T23:50:00.378Z","level":"DEBUG","tag":"service-server:WebSocketHandler","msg":"응답 전송됨 (크기: 670)"}
{"time":"2026-06-01T23:50:00.386Z","level":"DEBUG","tag":"service-server:WebSocketHandler","msg":"요청 수신됨 [object Object]"}
{"time":"2026-06-01T23:50:00.387Z","level":"DEBUG","tag":"mysql-db-conn","msg":"쿼리 실행 [object Object]"}
{"time":"2026-06-01T23:50:00.390Z","level":"DEBUG","tag":"service-server:WebSocketHandler","msg":"응답 전송됨 (크기: 556)"}
{"time":"2026-06-01T23:50:00.399Z","level":"DEBUG","tag":"service-server:WebSocketHandler","msg":"요청 수신됨 [object Object]"}
{"time":"2026-06-01T23:50:00.399Z","level":"DEBUG","tag":"mysql-db-conn","msg":"쿼리 실행 [object Object]"}
{"time":"2026-06-01T23:50:10.076Z","level":"DEBUG","tag":"service-server:WebSocketHandler","msg":"응답 전송됨 (크기: 194)"}
{"time":"2026-06-01T23:50:10.081Z","level":"DEBUG","tag":"service-server:WebSocketHandler","msg":"클라이언트 연결 해제됨: (code: 1005)"}
{"time":"2026-06-01T23:50:10.083Z","level":"DEBUG","tag":"service-server:WebSocketHandler","msg":"요청 수신됨 [object Object]"}
{"time":"2026-06-01T23:50:10.084Z","level":"DEBUG","tag":"service-server:WebSocketHandler","msg":"응답 전송됨 (크기: 45)"}
{"time":"2026-06-01T23:50:10.091Z","level":"DEBUG","tag":"service-server:WebSocketHandler","msg":"요청 수신됨 [object Object]"}
{"time":"2026-06-01T23:50:10.091Z","level":"DEBUG","tag":"service-server:WebSocketHandler","msg":"응답 전송됨 (크기: 40)"}
{"time":"2026-06-01T23:50:12.847Z","level":"DEBUG","tag":"service-server:WebSocketHandler","msg":"요청 수신됨 [object Object]"}
{"time":"2026-06-01T23:50:12.857Z","level":"DEBUG","tag":"mysql-db-conn","msg":"쿼리 실행 [object Object]"}
{"time":"2026-06-01T23:50:12.860Z","level":"DEBUG","tag":"service-server:WebSocketHandler","msg":"응답 전송됨 (크기: 2279)"}
{"time":"2026-06-01T23:50:12.869Z","level":"DEBUG","tag":"service-server:WebSocketHandler","msg":"요청 수신됨 [object Object]"}
{"time":"2026-06-01T23:50:12.870Z","level":"DEBUG","tag":"service-server:WebSocketHandler","msg":"응답 전송됨 (크기: 40)"}
{"time":"2026-06-01T23:50:12.877Z","level":"DEBUG","tag":"service-server:WebSocketHandler","msg":"요청 수신됨 [object Object]"}
{"time":"2026-06-01T23:50:12.877Z","level":"DEBUG","tag":"service-server:WebSocketHandler","msg":"응답 전송됨 (크기: 40)"}
{"time":"2026-06-01T23:50:12.885Z","level":"DEBUG","tag":"service-server:WebSocketHandler","msg":"요청 수신됨 [object Object]"}
{"time":"2026-06-01T23:50:12.886Z","level":"DEBUG","tag":"service-server:WebSocketHandler","msg":"응답 전송됨 (크기: 40)"}
{"time":"2026-06-01T23:50:12.900Z","level":"DEBUG","tag":"service-server:WebSocketHandler","msg":"요청 수신됨 [object Object]"}
{"time":"2026-06-01T23:50:12.906Z","level":"DEBUG","tag":"mysql-db-conn","msg":"쿼리 실행 [object Object]"}
{"time":"2026-06-01T23:50:12.914Z","level":"DEBUG","tag":"service-server:WebSocketHandler","msg":"응답 전송됨 (크기: 2279)"}
{"time":"2026-06-01T23:50:12.922Z","level":"DEBUG","tag":"service-server:WebSocketHandler","msg":"요청 수신됨 [object Object]"}
{"time":"2026-06-01T23:50:12.923Z","level":"DEBUG","tag":"service-server:WebSocketHandler","msg":"응답 전송됨 (크기: 40)"}
{"time":"2026-06-01T23:50:12.930Z","level":"DEBUG","tag":"service-server:WebSocketHandler","msg":"요청 수신됨 [object Object]"}
{"time":"2026-06-01T23:50:12.931Z","level":"DEBUG","tag":"service-server:WebSocketHandler","msg":"응답 전송됨 (크기: 40)"}
{"time":"2026-06-01T23:50:12.938Z","level":"DEBUG","tag":"service-server:WebSocketHandler","msg":"요청 수신됨 [object Object]"}
{"time":"2026-06-01T23:50:12.939Z","level":"DEBUG","tag":"service-server:WebSocketHandler","msg":"응답 전송됨 (크기: 40)"}
{"time":"2026-06-01T23:50:12.946Z","level":"DEBUG","tag":"service-server:WebSocketHandler","msg":"요청 수신됨 [object Object]"}
{"time":"2026-06-01T23:50:12.947Z","level":"DEBUG","tag":"service-server:WebSocketHandler","msg":"응답 전송됨 (크기: 79)"}
{"time":"2026-06-01T23:50:12.955Z","level":"DEBUG","tag":"service-server:WebSocketHandler","msg":"요청 수신됨 [object Object]"}
{"time":"2026-06-01T23:50:12.959Z","level":"DEBUG","tag":"service-server:WebSocketHandler","msg":"응답 전송됨 (크기: 42)"}
{"time":"2026-06-01T23:50:12.967Z","level":"DEBUG","tag":"service-server:WebSocketHandler","msg":"요청 수신됨 [object Object]"}
{"time":"2026-06-01T23:50:12.967Z","level":"DEBUG","tag":"mysql-db-conn","msg":"쿼리 실행 [object Object]"}
{"time":"2026-06-01T23:50:12.969Z","level":"DEBUG","tag":"service-server:WebSocketHandler","msg":"응답 전송됨 (크기: 68)"}
{"time":"2026-06-01T23:50:12.977Z","level":"DEBUG","tag":"service-server:WebSocketHandler","msg":"요청 수신됨 [object Object]"}
{"time":"2026-06-01T23:50:12.977Z","level":"DEBUG","tag":"mysql-db-conn","msg":"쿼리 실행 [object Object]"}
{"time":"2026-06-01T23:50:12.979Z","level":"DEBUG","tag":"service-server:WebSocketHandler","msg":"응답 전송됨 (크기: 92)"}
{"time":"2026-06-01T23:50:12.987Z","level":"DEBUG","tag":"service-server:WebSocketHandler","msg":"요청 수신됨 [object Object]"}
{"time":"2026-06-01T23:50:12.988Z","level":"DEBUG","tag":"mysql-db-conn","msg":"쿼리 실행 [object Object]"}
{"time":"2026-06-01T23:50:12.990Z","level":"DEBUG","tag":"service-server:WebSocketHandler","msg":"응답 전송됨 (크기: 670)"}
{"time":"2026-06-01T23:50:12.999Z","level":"DEBUG","tag":"service-server:WebSocketHandler","msg":"요청 수신됨 [object Object]"}
{"time":"2026-06-01T23:50:13.000Z","level":"DEBUG","tag":"mysql-db-conn","msg":"쿼리 실행 [object Object]"}
{"time":"2026-06-01T23:50:13.002Z","level":"DEBUG","tag":"service-server:WebSocketHandler","msg":"응답 전송됨 (크기: 556)"}
{"time":"2026-06-01T23:50:13.012Z","level":"DEBUG","tag":"service-server:WebSocketHandler","msg":"요청 수신됨 [object Object]"}
{"time":"2026-06-01T23:50:13.012Z","level":"DEBUG","tag":"mysql-db-conn","msg":"쿼리 실행 [object Object]"}
{"time":"2026-06-01T23:50:23.322Z","level":"DEBUG","tag":"service-server:WebSocketHandler","msg":"응답 전송됨 (크기: 194)"}
{"time":"2026-06-01T23:50:23.330Z","level":"DEBUG","tag":"service-server:WebSocketHandler","msg":"요청 수신됨 [object Object]"}
{"time":"2026-06-01T23:50:23.331Z","level":"DEBUG","tag":"service-server:WebSocketHandler","msg":"응답 전송됨 (크기: 45)"}
{"time":"2026-06-01T23:50:23.339Z","level":"DEBUG","tag":"service-server:WebSocketHandler","msg":"요청 수신됨 [object Object]"}
{"time":"2026-06-01T23:50:23.339Z","level":"DEBUG","tag":"service-server:WebSocketHandler","msg":"응답 전송됨 (크기: 40)"}
{"time":"2026-06-01T23:50:52.051Z","level":"DEBUG","tag":"service-server:WebSocketHandler","msg":"요청 수신됨 [object Object]"}
{"time":"2026-06-01T23:50:52.056Z","level":"DEBUG","tag":"mysql-db-conn","msg":"쿼리 실행 [object Object]"}
{"time":"2026-06-01T23:50:52.059Z","level":"DEBUG","tag":"service-server:WebSocketHandler","msg":"응답 전송됨 (크기: 2279)"}
{"time":"2026-06-01T23:50:52.068Z","level":"DEBUG","tag":"service-server:WebSocketHandler","msg":"요청 수신됨 [object Object]"}
{"time":"2026-06-01T23:50:52.069Z","level":"DEBUG","tag":"service-server:WebSocketHandler","msg":"응답 전송됨 (크기: 40)"}
{"time":"2026-06-01T23:50:52.076Z","level":"DEBUG","tag":"service-server:WebSocketHandler","msg":"요청 수신됨 [object Object]"}
{"time":"2026-06-01T23:50:52.076Z","level":"DEBUG","tag":"service-server:WebSocketHandler","msg":"응답 전송됨 (크기: 40)"}
{"time":"2026-06-01T23:50:52.085Z","level":"DEBUG","tag":"service-server:WebSocketHandler","msg":"요청 수신됨 [object Object]"}
{"time":"2026-06-01T23:50:52.085Z","level":"DEBUG","tag":"service-server:WebSocketHandler","msg":"응답 전송됨 (크기: 40)"}
{"time":"2026-06-01T23:50:52.095Z","level":"DEBUG","tag":"service-server:WebSocketHandler","msg":"요청 수신됨 [object Object]"}
{"time":"2026-06-01T23:50:52.101Z","level":"DEBUG","tag":"mysql-db-conn","msg":"쿼리 실행 [object Object]"}
{"time":"2026-06-01T23:50:52.112Z","level":"DEBUG","tag":"service-server:WebSocketHandler","msg":"응답 전송됨 (크기: 2279)"}
{"time":"2026-06-01T23:50:52.123Z","level":"DEBUG","tag":"service-server:WebSocketHandler","msg":"요청 수신됨 [object Object]"}
{"time":"2026-06-01T23:50:52.124Z","level":"DEBUG","tag":"service-server:WebSocketHandler","msg":"응답 전송됨 (크기: 40)"}
{"time":"2026-06-01T23:50:52.137Z","level":"DEBUG","tag":"service-server:WebSocketHandler","msg":"요청 수신됨 [object Object]"}
{"time":"2026-06-01T23:50:52.138Z","level":"DEBUG","tag":"service-server:WebSocketHandler","msg":"응답 전송됨 (크기: 40)"}
{"time":"2026-06-01T23:50:52.150Z","level":"DEBUG","tag":"service-server:WebSocketHandler","msg":"요청 수신됨 [object Object]"}
{"time":"2026-06-01T23:50:52.150Z","level":"DEBUG","tag":"service-server:WebSocketHandler","msg":"응답 전송됨 (크기: 40)"}
{"time":"2026-06-01T23:50:52.162Z","level":"DEBUG","tag":"service-server:WebSocketHandler","msg":"요청 수신됨 [object Object]"}
{"time":"2026-06-01T23:50:52.162Z","level":"DEBUG","tag":"service-server:WebSocketHandler","msg":"응답 전송됨 (크기: 79)"}
{"time":"2026-06-01T23:50:52.176Z","level":"DEBUG","tag":"service-server:WebSocketHandler","msg":"요청 수신됨 [object Object]"}
{"time":"2026-06-01T23:50:52.181Z","level":"DEBUG","tag":"service-server:WebSocketHandler","msg":"응답 전송됨 (크기: 42)"}
{"time":"2026-06-01T23:50:52.188Z","level":"DEBUG","tag":"service-server:WebSocketHandler","msg":"요청 수신됨 [object Object]"}
{"time":"2026-06-01T23:50:52.189Z","level":"DEBUG","tag":"mysql-db-conn","msg":"쿼리 실행 [object Object]"}
{"time":"2026-06-01T23:50:52.191Z","level":"DEBUG","tag":"service-server:WebSocketHandler","msg":"응답 전송됨 (크기: 68)"}
{"time":"2026-06-01T23:50:52.199Z","level":"DEBUG","tag":"service-server:WebSocketHandler","msg":"요청 수신됨 [object Object]"}
{"time":"2026-06-01T23:50:52.199Z","level":"DEBUG","tag":"mysql-db-conn","msg":"쿼리 실행 [object Object]"}
{"time":"2026-06-01T23:50:52.200Z","level":"DEBUG","tag":"service-server:WebSocketHandler","msg":"응답 전송됨 (크기: 92)"}
{"time":"2026-06-01T23:50:52.209Z","level":"DEBUG","tag":"service-server:WebSocketHandler","msg":"요청 수신됨 [object Object]"}
{"time":"2026-06-01T23:50:52.209Z","level":"DEBUG","tag":"mysql-db-conn","msg":"쿼리 실행 [object Object]"}
{"time":"2026-06-01T23:50:52.212Z","level":"DEBUG","tag":"service-server:WebSocketHandler","msg":"응답 전송됨 (크기: 670)"}
{"time":"2026-06-01T23:50:52.221Z","level":"DEBUG","tag":"service-server:WebSocketHandler","msg":"요청 수신됨 [object Object]"}
{"time":"2026-06-01T23:50:52.221Z","level":"DEBUG","tag":"mysql-db-conn","msg":"쿼리 실행 [object Object]"}
{"time":"2026-06-01T23:50:52.224Z","level":"DEBUG","tag":"service-server:WebSocketHandler","msg":"응답 전송됨 (크기: 556)"}
{"time":"2026-06-01T23:50:52.233Z","level":"DEBUG","tag":"service-server:WebSocketHandler","msg":"요청 수신됨 [object Object]"}
{"time":"2026-06-01T23:50:52.233Z","level":"DEBUG","tag":"mysql-db-conn","msg":"쿼리 실행 [object Object]"}
{"time":"2026-06-01T23:51:03.091Z","level":"DEBUG","tag":"service-server:WebSocketHandler","msg":"응답 전송됨 (크기: 194)"}
{"time":"2026-06-01T23:51:03.093Z","level":"DEBUG","tag":"service-server:WebSocketHandler","msg":"클라이언트 연결됨 [object Object]"}
{"time":"2026-06-01T23:51:03.098Z","level":"DEBUG","tag":"service-server:WebSocketHandler","msg":"요청 수신됨 [object Object]"}
{"time":"2026-06-01T23:51:03.098Z","level":"DEBUG","tag":"service-server:WebSocketHandler","msg":"요청 수신됨 [object Object]"}
{"time":"2026-06-01T23:51:03.099Z","level":"DEBUG","tag":"service-server:WebSocketHandler","msg":"응답 전송됨 (크기: 45)"}
{"time":"2026-06-01T23:51:03.099Z","level":"DEBUG","tag":"service-server:WebSocketHandler","msg":"응답 전송됨 (크기: 40)"}
{"time":"2026-06-01T23:51:03.103Z","level":"DEBUG","tag":"service-server:WebSocketHandler","msg":"요청 수신됨 [object Object]"}
{"time":"2026-06-01T23:51:03.103Z","level":"DEBUG","tag":"service-server:WebSocketHandler","msg":"응답 전송됨 (크기: 40)"}
{"time":"2026-06-01T23:51:03.106Z","level":"DEBUG","tag":"service-server:WebSocketHandler","msg":"요청 수신됨 [object Object]"}
{"time":"2026-06-01T23:51:03.106Z","level":"DEBUG","tag":"service-server:WebSocketHandler","msg":"응답 전송됨 (크기: 40)"}
{"time":"2026-06-01T23:51:26.568Z","level":"DEBUG","tag":"service-server:WebSocketHandler","msg":"요청 수신됨 [object Object]"}
{"time":"2026-06-01T23:51:26.579Z","level":"DEBUG","tag":"mysql-db-conn","msg":"쿼리 실행 [object Object]"}
{"time":"2026-06-01T23:51:26.582Z","level":"DEBUG","tag":"service-server:WebSocketHandler","msg":"응답 전송됨 (크기: 2279)"}
{"time":"2026-06-01T23:51:26.591Z","level":"DEBUG","tag":"service-server:WebSocketHandler","msg":"요청 수신됨 [object Object]"}
{"time":"2026-06-01T23:51:26.591Z","level":"DEBUG","tag":"service-server:WebSocketHandler","msg":"응답 전송됨 (크기: 40)"}
{"time":"2026-06-01T23:51:26.599Z","level":"DEBUG","tag":"service-server:WebSocketHandler","msg":"요청 수신됨 [object Object]"}
{"time":"2026-06-01T23:51:26.599Z","level":"DEBUG","tag":"service-server:WebSocketHandler","msg":"응답 전송됨 (크기: 40)"}
{"time":"2026-06-01T23:51:26.607Z","level":"DEBUG","tag":"service-server:WebSocketHandler","msg":"요청 수신됨 [object Object]"}
{"time":"2026-06-01T23:51:26.607Z","level":"DEBUG","tag":"service-server:WebSocketHandler","msg":"응답 전송됨 (크기: 40)"}
{"time":"2026-06-01T23:51:26.619Z","level":"DEBUG","tag":"service-server:WebSocketHandler","msg":"요청 수신됨 [object Object]"}
{"time":"2026-06-01T23:51:26.628Z","level":"DEBUG","tag":"mysql-db-conn","msg":"쿼리 실행 [object Object]"}
{"time":"2026-06-01T23:51:26.632Z","level":"DEBUG","tag":"service-server:WebSocketHandler","msg":"응답 전송됨 (크기: 2279)"}
{"time":"2026-06-01T23:51:26.641Z","level":"DEBUG","tag":"service-server:WebSocketHandler","msg":"요청 수신됨 [object Object]"}
{"time":"2026-06-01T23:51:26.642Z","level":"DEBUG","tag":"service-server:WebSocketHandler","msg":"응답 전송됨 (크기: 40)"}
{"time":"2026-06-01T23:51:26.649Z","level":"DEBUG","tag":"service-server:WebSocketHandler","msg":"요청 수신됨 [object Object]"}
{"time":"2026-06-01T23:51:26.650Z","level":"DEBUG","tag":"service-server:WebSocketHandler","msg":"응답 전송됨 (크기: 40)"}
{"time":"2026-06-01T23:51:26.658Z","level":"DEBUG","tag":"service-server:WebSocketHandler","msg":"요청 수신됨 [object Object]"}
{"time":"2026-06-01T23:51:26.658Z","level":"DEBUG","tag":"service-server:WebSocketHandler","msg":"응답 전송됨 (크기: 40)"}
{"time":"2026-06-01T23:51:26.666Z","level":"DEBUG","tag":"service-server:WebSocketHandler","msg":"요청 수신됨 [object Object]"}
{"time":"2026-06-01T23:51:26.666Z","level":"DEBUG","tag":"service-server:WebSocketHandler","msg":"응답 전송됨 (크기: 79)"}
{"time":"2026-06-01T23:51:26.674Z","level":"DEBUG","tag":"service-server:WebSocketHandler","msg":"요청 수신됨 [object Object]"}
{"time":"2026-06-01T23:51:26.678Z","level":"DEBUG","tag":"service-server:WebSocketHandler","msg":"응답 전송됨 (크기: 42)"}
{"time":"2026-06-01T23:51:26.686Z","level":"DEBUG","tag":"service-server:WebSocketHandler","msg":"요청 수신됨 [object Object]"}
{"time":"2026-06-01T23:51:26.687Z","level":"DEBUG","tag":"mysql-db-conn","msg":"쿼리 실행 [object Object]"}
{"time":"2026-06-01T23:51:26.689Z","level":"DEBUG","tag":"service-server:WebSocketHandler","msg":"응답 전송됨 (크기: 68)"}
{"time":"2026-06-01T23:51:26.696Z","level":"DEBUG","tag":"service-server:WebSocketHandler","msg":"요청 수신됨 [object Object]"}
{"time":"2026-06-01T23:51:26.697Z","level":"DEBUG","tag":"mysql-db-conn","msg":"쿼리 실행 [object Object]"}
{"time":"2026-06-01T23:51:26.698Z","level":"DEBUG","tag":"service-server:WebSocketHandler","msg":"응답 전송됨 (크기: 92)"}
{"time":"2026-06-01T23:51:26.707Z","level":"DEBUG","tag":"service-server:WebSocketHandler","msg":"요청 수신됨 [object Object]"}
{"time":"2026-06-01T23:51:26.707Z","level":"DEBUG","tag":"mysql-db-conn","msg":"쿼리 실행 [object Object]"}
{"time":"2026-06-01T23:51:26.710Z","level":"DEBUG","tag":"service-server:WebSocketHandler","msg":"응답 전송됨 (크기: 670)"}
{"time":"2026-06-01T23:51:26.719Z","level":"DEBUG","tag":"service-server:WebSocketHandler","msg":"요청 수신됨 [object Object]"}
{"time":"2026-06-01T23:51:26.722Z","level":"DEBUG","tag":"service-server:WebSocketHandler","msg":"응답 전송됨 (크기: 556)"}
{"time":"2026-06-01T23:51:26.731Z","level":"DEBUG","tag":"service-server:WebSocketHandler","msg":"요청 수신됨 [object Object]"}
{"time":"2026-06-01T23:51:26.707Z","level":"DEBUG","tag":"mysql-db-conn","msg":"쿼리 실행 [object Object]"}
{"time":"2026-06-01T23:51:26.731Z","level":"DEBUG","tag":"mysql-db-conn","msg":"쿼리 실행 [object Object]"}
{"time":"2026-06-01T23:51:39.648Z","level":"DEBUG","tag":"service-server:WebSocketHandler","msg":"응답 전송됨 (크기: 194)"}
{"time":"2026-06-01T23:51:39.650Z","level":"DEBUG","tag":"service-server:WebSocketHandler","msg":"클라이언트 연결 해제됨: (code: 1001)"}
{"time":"2026-06-01T23:51:39.650Z","level":"DEBUG","tag":"service-server:OrmService","msg":"소켓 종료 감지: 열린 모든 DB 연결을 정리합니다."}
{"time":"2026-06-01T23:52:40.611Z","level":"DEBUG","tag":"service-server:WebSocketHandler","msg":"클라이언트 연결됨 [object Object]"}
{"time":"2026-06-01T23:52:40.646Z","level":"DEBUG","tag":"service-server:WebSocketHandler","msg":"요청 수신됨 [object Object]"}
{"time":"2026-06-01T23:52:40.658Z","level":"DEBUG","tag":"mysql-db-conn","msg":"쿼리 실행 [object Object]"}
{"time":"2026-06-01T23:52:40.662Z","level":"DEBUG","tag":"service-server:WebSocketHandler","msg":"응답 전송됨 (크기: 2279)"}
{"time":"2026-06-01T23:52:40.671Z","level":"DEBUG","tag":"service-server:WebSocketHandler","msg":"요청 수신됨 [object Object]"}
{"time":"2026-06-01T23:52:40.672Z","level":"DEBUG","tag":"service-server:WebSocketHandler","msg":"응답 전송됨 (크기: 40)"}
{"time":"2026-06-01T23:52:40.679Z","level":"DEBUG","tag":"service-server:WebSocketHandler","msg":"요청 수신됨 [object Object]"}
{"time":"2026-06-01T23:52:40.679Z","level":"DEBUG","tag":"service-server:WebSocketHandler","msg":"응답 전송됨 (크기: 40)"}
{"time":"2026-06-01T23:52:40.685Z","level":"DEBUG","tag":"service-server:WebSocketHandler","msg":"요청 수신됨 [object Object]"}
{"time":"2026-06-01T23:52:40.685Z","level":"DEBUG","tag":"service-server:WebSocketHandler","msg":"응답 전송됨 (크기: 79)"}
{"time":"2026-06-01T23:52:40.693Z","level":"DEBUG","tag":"service-server:WebSocketHandler","msg":"요청 수신됨 [object Object]"}
{"time":"2026-06-01T23:52:40.699Z","level":"DEBUG","tag":"service-server:WebSocketHandler","msg":"응답 전송됨 (크기: 42)"}
{"time":"2026-06-01T23:52:40.705Z","level":"DEBUG","tag":"service-server:WebSocketHandler","msg":"요청 수신됨 [object Object]"}
{"time":"2026-06-01T23:52:40.706Z","level":"DEBUG","tag":"mysql-db-conn","msg":"쿼리 실행 [object Object]"}
{"time":"2026-06-01T23:52:40.708Z","level":"DEBUG","tag":"service-server:WebSocketHandler","msg":"응답 전송됨 (크기: 68)"}
{"time":"2026-06-01T23:52:40.715Z","level":"DEBUG","tag":"service-server:WebSocketHandler","msg":"요청 수신됨 [object Object]"}
{"time":"2026-06-01T23:52:40.716Z","level":"DEBUG","tag":"mysql-db-conn","msg":"쿼리 실행 [object Object]"}
{"time":"2026-06-01T23:52:40.717Z","level":"DEBUG","tag":"service-server:WebSocketHandler","msg":"응답 전송됨 (크기: 92)"}
{"time":"2026-06-01T23:52:40.724Z","level":"DEBUG","tag":"service-server:WebSocketHandler","msg":"요청 수신됨 [object Object]"}
{"time":"2026-06-01T23:52:40.724Z","level":"DEBUG","tag":"mysql-db-conn","msg":"쿼리 실행 [object Object]"}
{"time":"2026-06-01T23:52:40.727Z","level":"DEBUG","tag":"service-server:WebSocketHandler","msg":"응답 전송됨 (크기: 670)"}
{"time":"2026-06-01T23:52:40.734Z","level":"DEBUG","tag":"service-server:WebSocketHandler","msg":"요청 수신됨 [object Object]"}
{"time":"2026-06-01T23:52:40.734Z","level":"DEBUG","tag":"mysql-db-conn","msg":"쿼리 실행 [object Object]"}
{"time":"2026-06-01T23:52:40.737Z","level":"DEBUG","tag":"service-server:WebSocketHandler","msg":"응답 전송됨 (크기: 556)"}
{"time":"2026-06-01T23:52:40.744Z","level":"DEBUG","tag":"service-server:WebSocketHandler","msg":"요청 수신됨 [object Object]"}
{"time":"2026-06-01T23:52:40.744Z","level":"DEBUG","tag":"mysql-db-conn","msg":"쿼리 실행 [object Object]"}
{"time":"2026-06-01T23:52:51.308Z","level":"DEBUG","tag":"service-server:WebSocketHandler","msg":"응답 전송됨 (크기: 194)"}
{"time":"2026-06-01T23:52:51.318Z","level":"DEBUG","tag":"service-server:WebSocketHandler","msg":"요청 수신됨 [object Object]"}
{"time":"2026-06-01T23:52:51.319Z","level":"DEBUG","tag":"service-server:WebSocketHandler","msg":"응답 전송됨 (크기: 45)"}
{"time":"2026-06-01T23:52:51.324Z","level":"DEBUG","tag":"service-server:WebSocketHandler","msg":"요청 수신됨 [object Object]"}
{"time":"2026-06-01T23:52:51.324Z","level":"DEBUG","tag":"service-server:WebSocketHandler","msg":"응답 전송됨 (크기: 40)"}
{"time":"2026-06-01T23:52:54.200Z","level":"DEBUG","tag":"service-server:WebSocketHandler","msg":"요청 수신됨 [object Object]"}
{"time":"2026-06-01T23:52:54.212Z","level":"DEBUG","tag":"mysql-db-conn","msg":"쿼리 실행 [object Object]"}
{"time":"2026-06-01T23:52:54.215Z","level":"DEBUG","tag":"service-server:WebSocketHandler","msg":"응답 전송됨 (크기: 2279)"}
{"time":"2026-06-01T23:52:54.222Z","level":"DEBUG","tag":"service-server:WebSocketHandler","msg":"요청 수신됨 [object Object]"}
{"time":"2026-06-01T23:52:54.223Z","level":"DEBUG","tag":"service-server:WebSocketHandler","msg":"응답 전송됨 (크기: 40)"}
{"time":"2026-06-01T23:52:54.230Z","level":"DEBUG","tag":"service-server:WebSocketHandler","msg":"요청 수신됨 [object Object]"}
{"time":"2026-06-01T23:52:54.230Z","level":"DEBUG","tag":"service-server:WebSocketHandler","msg":"응답 전송됨 (크기: 40)"}
{"time":"2026-06-01T23:52:54.236Z","level":"DEBUG","tag":"service-server:WebSocketHandler","msg":"요청 수신됨 [object Object]"}
{"time":"2026-06-01T23:52:54.236Z","level":"DEBUG","tag":"service-server:WebSocketHandler","msg":"응답 전송됨 (크기: 40)"}
{"time":"2026-06-01T23:52:54.246Z","level":"DEBUG","tag":"service-server:WebSocketHandler","msg":"요청 수신됨 [object Object]"}
{"time":"2026-06-01T23:52:54.251Z","level":"DEBUG","tag":"mysql-db-conn","msg":"쿼리 실행 [object Object]"}
{"time":"2026-06-01T23:52:54.256Z","level":"DEBUG","tag":"service-server:WebSocketHandler","msg":"응답 전송됨 (크기: 2279)"}
{"time":"2026-06-01T23:52:54.263Z","level":"DEBUG","tag":"service-server:WebSocketHandler","msg":"요청 수신됨 [object Object]"}
{"time":"2026-06-01T23:52:54.264Z","level":"DEBUG","tag":"service-server:WebSocketHandler","msg":"응답 전송됨 (크기: 40)"}
{"time":"2026-06-01T23:52:54.271Z","level":"DEBUG","tag":"service-server:WebSocketHandler","msg":"요청 수신됨 [object Object]"}
{"time":"2026-06-01T23:52:54.271Z","level":"DEBUG","tag":"service-server:WebSocketHandler","msg":"응답 전송됨 (크기: 40)"}
{"time":"2026-06-01T23:52:54.277Z","level":"DEBUG","tag":"service-server:WebSocketHandler","msg":"요청 수신됨 [object Object]"}
{"time":"2026-06-01T23:52:54.277Z","level":"DEBUG","tag":"service-server:WebSocketHandler","msg":"응답 전송됨 (크기: 40)"}
{"time":"2026-06-01T23:52:54.283Z","level":"DEBUG","tag":"service-server:WebSocketHandler","msg":"요청 수신됨 [object Object]"}
{"time":"2026-06-01T23:52:54.283Z","level":"DEBUG","tag":"service-server:WebSocketHandler","msg":"응답 전송됨 (크기: 79)"}
{"time":"2026-06-01T23:52:54.289Z","level":"DEBUG","tag":"service-server:WebSocketHandler","msg":"요청 수신됨 [object Object]"}
{"time":"2026-06-01T23:52:54.293Z","level":"DEBUG","tag":"service-server:WebSocketHandler","msg":"응답 전송됨 (크기: 42)"}
{"time":"2026-06-01T23:52:54.299Z","level":"DEBUG","tag":"service-server:WebSocketHandler","msg":"요청 수신됨 [object Object]"}
{"time":"2026-06-01T23:52:54.300Z","level":"DEBUG","tag":"mysql-db-conn","msg":"쿼리 실행 [object Object]"}
{"time":"2026-06-01T23:52:54.302Z","level":"DEBUG","tag":"service-server:WebSocketHandler","msg":"응답 전송됨 (크기: 68)"}
{"time":"2026-06-01T23:52:54.307Z","level":"DEBUG","tag":"service-server:WebSocketHandler","msg":"요청 수신됨 [object Object]"}
{"time":"2026-06-01T23:52:54.308Z","level":"DEBUG","tag":"mysql-db-conn","msg":"쿼리 실행 [object Object]"}
{"time":"2026-06-01T23:52:54.309Z","level":"DEBUG","tag":"service-server:WebSocketHandler","msg":"응답 전송됨 (크기: 92)"}
{"time":"2026-06-01T23:52:54.316Z","level":"DEBUG","tag":"service-server:WebSocketHandler","msg":"요청 수신됨 [object Object]"}
{"time":"2026-06-01T23:52:54.316Z","level":"DEBUG","tag":"mysql-db-conn","msg":"쿼리 실행 [object Object]"}
{"time":"2026-06-01T23:52:54.319Z","level":"DEBUG","tag":"service-server:WebSocketHandler","msg":"응답 전송됨 (크기: 670)"}
{"time":"2026-06-01T23:52:54.326Z","level":"DEBUG","tag":"service-server:WebSocketHandler","msg":"요청 수신됨 [object Object]"}
{"time":"2026-06-01T23:52:54.326Z","level":"DEBUG","tag":"mysql-db-conn","msg":"쿼리 실행 [object Object]"}
{"time":"2026-06-01T23:52:54.329Z","level":"DEBUG","tag":"service-server:WebSocketHandler","msg":"응답 전송됨 (크기: 556)"}
{"time":"2026-06-01T23:52:54.336Z","level":"DEBUG","tag":"service-server:WebSocketHandler","msg":"요청 수신됨 [object Object]"}
{"time":"2026-06-01T23:52:54.336Z","level":"DEBUG","tag":"mysql-db-conn","msg":"쿼리 실행 [object Object]"}
{"time":"2026-06-01T23:53:06.430Z","level":"DEBUG","tag":"service-server:WebSocketHandler","msg":"응답 전송됨 (크기: 194)"}
{"time":"2026-06-01T23:53:06.435Z","level":"DEBUG","tag":"service-server:WebSocketHandler","msg":"클라이언트 연결 해제됨: (code: 1005)"}
{"time":"2026-06-01T23:53:06.437Z","level":"DEBUG","tag":"service-server:WebSocketHandler","msg":"요청 수신됨 [object Object]"}
{"time":"2026-06-01T23:53:06.437Z","level":"DEBUG","tag":"service-server:WebSocketHandler","msg":"응답 전송됨 (크기: 45)"}
{"time":"2026-06-01T23:53:06.445Z","level":"DEBUG","tag":"service-server:WebSocketHandler","msg":"요청 수신됨 [object Object]"}
{"time":"2026-06-01T23:53:06.445Z","level":"DEBUG","tag":"service-server:WebSocketHandler","msg":"응답 전송됨 (크기: 40)"}
{"time":"2026-06-01T23:53:08.855Z","level":"DEBUG","tag":"service-server:WebSocketHandler","msg":"요청 수신됨 [object Object]"}
{"time":"2026-06-01T23:53:08.862Z","level":"DEBUG","tag":"mysql-db-conn","msg":"쿼리 실행 [object Object]"}
{"time":"2026-06-01T23:53:08.865Z","level":"DEBUG","tag":"service-server:WebSocketHandler","msg":"응답 전송됨 (크기: 2279)"}
{"time":"2026-06-01T23:53:08.871Z","level":"DEBUG","tag":"service-server:WebSocketHandler","msg":"요청 수신됨 [object Object]"}
{"time":"2026-06-01T23:53:08.872Z","level":"DEBUG","tag":"service-server:WebSocketHandler","msg":"응답 전송됨 (크기: 40)"}
{"time":"2026-06-01T23:53:08.877Z","level":"DEBUG","tag":"service-server:WebSocketHandler","msg":"요청 수신됨 [object Object]"}
{"time":"2026-06-01T23:53:08.877Z","level":"DEBUG","tag":"service-server:WebSocketHandler","msg":"응답 전송됨 (크기: 40)"}
{"time":"2026-06-01T23:53:08.883Z","level":"DEBUG","tag":"service-server:WebSocketHandler","msg":"요청 수신됨 [object Object]"}
{"time":"2026-06-01T23:53:08.884Z","level":"DEBUG","tag":"service-server:WebSocketHandler","msg":"응답 전송됨 (크기: 40)"}
{"time":"2026-06-01T23:53:08.894Z","level":"DEBUG","tag":"service-server:WebSocketHandler","msg":"요청 수신됨 [object Object]"}
{"time":"2026-06-01T23:53:08.899Z","level":"DEBUG","tag":"mysql-db-conn","msg":"쿼리 실행 [object Object]"}
{"time":"2026-06-01T23:53:08.907Z","level":"DEBUG","tag":"service-server:WebSocketHandler","msg":"응답 전송됨 (크기: 2279)"}
{"time":"2026-06-01T23:53:08.914Z","level":"DEBUG","tag":"service-server:WebSocketHandler","msg":"요청 수신됨 [object Object]"}
{"time":"2026-06-01T23:53:08.915Z","level":"DEBUG","tag":"service-server:WebSocketHandler","msg":"응답 전송됨 (크기: 40)"}
{"time":"2026-06-01T23:53:08.922Z","level":"DEBUG","tag":"service-server:WebSocketHandler","msg":"요청 수신됨 [object Object]"}
{"time":"2026-06-01T23:53:08.923Z","level":"DEBUG","tag":"service-server:WebSocketHandler","msg":"응답 전송됨 (크기: 40)"}
{"time":"2026-06-01T23:53:08.930Z","level":"DEBUG","tag":"service-server:WebSocketHandler","msg":"요청 수신됨 [object Object]"}
{"time":"2026-06-01T23:53:08.931Z","level":"DEBUG","tag":"service-server:WebSocketHandler","msg":"응답 전송됨 (크기: 40)"}
{"time":"2026-06-01T23:53:08.936Z","level":"DEBUG","tag":"service-server:WebSocketHandler","msg":"요청 수신됨 [object Object]"}
{"time":"2026-06-01T23:53:08.937Z","level":"DEBUG","tag":"service-server:WebSocketHandler","msg":"응답 전송됨 (크기: 79)"}
{"time":"2026-06-01T23:53:08.943Z","level":"DEBUG","tag":"service-server:WebSocketHandler","msg":"요청 수신됨 [object Object]"}
{"time":"2026-06-01T23:53:08.946Z","level":"DEBUG","tag":"service-server:WebSocketHandler","msg":"응답 전송됨 (크기: 42)"}
{"time":"2026-06-01T23:53:08.953Z","level":"DEBUG","tag":"service-server:WebSocketHandler","msg":"요청 수신됨 [object Object]"}
{"time":"2026-06-01T23:53:08.953Z","level":"DEBUG","tag":"mysql-db-conn","msg":"쿼리 실행 [object Object]"}
{"time":"2026-06-01T23:53:08.955Z","level":"DEBUG","tag":"service-server:WebSocketHandler","msg":"응답 전송됨 (크기: 68)"}
{"time":"2026-06-01T23:53:08.961Z","level":"DEBUG","tag":"service-server:WebSocketHandler","msg":"요청 수신됨 [object Object]"}
{"time":"2026-06-01T23:53:08.961Z","level":"DEBUG","tag":"mysql-db-conn","msg":"쿼리 실행 [object Object]"}
{"time":"2026-06-01T23:53:08.962Z","level":"DEBUG","tag":"service-server:WebSocketHandler","msg":"응답 전송됨 (크기: 92)"}
{"time":"2026-06-01T23:53:08.969Z","level":"DEBUG","tag":"service-server:WebSocketHandler","msg":"요청 수신됨 [object Object]"}
{"time":"2026-06-01T23:53:08.969Z","level":"DEBUG","tag":"mysql-db-conn","msg":"쿼리 실행 [object Object]"}
{"time":"2026-06-01T23:53:08.972Z","level":"DEBUG","tag":"service-server:WebSocketHandler","msg":"응답 전송됨 (크기: 670)"}
{"time":"2026-06-01T23:53:08.979Z","level":"DEBUG","tag":"service-server:WebSocketHandler","msg":"요청 수신됨 [object Object]"}
{"time":"2026-06-01T23:53:08.980Z","level":"DEBUG","tag":"mysql-db-conn","msg":"쿼리 실행 [object Object]"}
{"time":"2026-06-01T23:53:08.982Z","level":"DEBUG","tag":"service-server:WebSocketHandler","msg":"응답 전송됨 (크기: 556)"}
{"time":"2026-06-01T23:53:08.989Z","level":"DEBUG","tag":"service-server:WebSocketHandler","msg":"요청 수신됨 [object Object]"}
{"time":"2026-06-01T23:53:08.990Z","level":"DEBUG","tag":"mysql-db-conn","msg":"쿼리 실행 [object Object]"}
{"time":"2026-06-01T23:53:19.396Z","level":"DEBUG","tag":"service-server:WebSocketHandler","msg":"응답 전송됨 (크기: 194)"}
{"time":"2026-06-01T23:53:19.404Z","level":"DEBUG","tag":"service-server:WebSocketHandler","msg":"요청 수신됨 [object Object]"}
{"time":"2026-06-01T23:53:19.405Z","level":"DEBUG","tag":"service-server:WebSocketHandler","msg":"응답 전송됨 (크기: 45)"}
{"time":"2026-06-01T23:53:19.412Z","level":"DEBUG","tag":"service-server:WebSocketHandler","msg":"요청 수신됨 [object Object]"}
{"time":"2026-06-01T23:53:19.412Z","level":"DEBUG","tag":"service-server:WebSocketHandler","msg":"응답 전송됨 (크기: 40)"}
{"time":"2026-06-01T23:53:22.963Z","level":"DEBUG","tag":"service-server:WebSocketHandler","msg":"요청 수신됨 [object Object]"}
{"time":"2026-06-01T23:53:22.970Z","level":"DEBUG","tag":"mysql-db-conn","msg":"쿼리 실행 [object Object]"}
{"time":"2026-06-01T23:53:22.974Z","level":"DEBUG","tag":"service-server:WebSocketHandler","msg":"응답 전송됨 (크기: 2279)"}
{"time":"2026-06-01T23:53:22.981Z","level":"DEBUG","tag":"service-server:WebSocketHandler","msg":"요청 수신됨 [object Object]"}
{"time":"2026-06-01T23:53:22.982Z","level":"DEBUG","tag":"service-server:WebSocketHandler","msg":"응답 전송됨 (크기: 40)"}
{"time":"2026-06-01T23:53:22.987Z","level":"DEBUG","tag":"service-server:WebSocketHandler","msg":"요청 수신됨 [object Object]"}
{"time":"2026-06-01T23:53:22.987Z","level":"DEBUG","tag":"service-server:WebSocketHandler","msg":"응답 전송됨 (크기: 40)"}
{"time":"2026-06-01T23:53:22.993Z","level":"DEBUG","tag":"service-server:WebSocketHandler","msg":"요청 수신됨 [object Object]"}
{"time":"2026-06-01T23:53:22.993Z","level":"DEBUG","tag":"service-server:WebSocketHandler","msg":"응답 전송됨 (크기: 40)"}
{"time":"2026-06-01T23:53:23.003Z","level":"DEBUG","tag":"service-server:WebSocketHandler","msg":"요청 수신됨 [object Object]"}
{"time":"2026-06-01T23:53:23.010Z","level":"DEBUG","tag":"mysql-db-conn","msg":"쿼리 실행 [object Object]"}
{"time":"2026-06-01T23:53:23.018Z","level":"DEBUG","tag":"service-server:WebSocketHandler","msg":"응답 전송됨 (크기: 2279)"}
{"time":"2026-06-01T23:53:23.024Z","level":"DEBUG","tag":"service-server:WebSocketHandler","msg":"요청 수신됨 [object Object]"}
{"time":"2026-06-01T23:53:23.025Z","level":"DEBUG","tag":"service-server:WebSocketHandler","msg":"응답 전송됨 (크기: 40)"}
{"time":"2026-06-01T23:53:23.032Z","level":"DEBUG","tag":"service-server:WebSocketHandler","msg":"요청 수신됨 [object Object]"}
{"time":"2026-06-01T23:53:23.032Z","level":"DEBUG","tag":"service-server:WebSocketHandler","msg":"응답 전송됨 (크기: 40)"}
{"time":"2026-06-01T23:53:23.038Z","level":"DEBUG","tag":"service-server:WebSocketHandler","msg":"요청 수신됨 [object Object]"}
{"time":"2026-06-01T23:53:23.038Z","level":"DEBUG","tag":"service-server:WebSocketHandler","msg":"응답 전송됨 (크기: 40)"}
{"time":"2026-06-01T23:53:23.044Z","level":"DEBUG","tag":"service-server:WebSocketHandler","msg":"요청 수신됨 [object Object]"}
{"time":"2026-06-01T23:53:23.044Z","level":"DEBUG","tag":"service-server:WebSocketHandler","msg":"응답 전송됨 (크기: 79)"}
{"time":"2026-06-01T23:53:23.050Z","level":"DEBUG","tag":"service-server:WebSocketHandler","msg":"요청 수신됨 [object Object]"}
{"time":"2026-06-01T23:53:23.055Z","level":"DEBUG","tag":"service-server:WebSocketHandler","msg":"응답 전송됨 (크기: 42)"}
{"time":"2026-06-01T23:53:23.062Z","level":"DEBUG","tag":"service-server:WebSocketHandler","msg":"요청 수신됨 [object Object]"}
{"time":"2026-06-01T23:53:23.063Z","level":"DEBUG","tag":"mysql-db-conn","msg":"쿼리 실행 [object Object]"}
{"time":"2026-06-01T23:53:23.064Z","level":"DEBUG","tag":"service-server:WebSocketHandler","msg":"응답 전송됨 (크기: 68)"}
{"time":"2026-06-01T23:53:23.070Z","level":"DEBUG","tag":"service-server:WebSocketHandler","msg":"요청 수신됨 [object Object]"}
{"time":"2026-06-01T23:53:23.071Z","level":"DEBUG","tag":"mysql-db-conn","msg":"쿼리 실행 [object Object]"}
{"time":"2026-06-01T23:53:23.072Z","level":"DEBUG","tag":"service-server:WebSocketHandler","msg":"응답 전송됨 (크기: 92)"}
{"time":"2026-06-01T23:53:23.079Z","level":"DEBUG","tag":"service-server:WebSocketHandler","msg":"요청 수신됨 [object Object]"}
{"time":"2026-06-01T23:53:23.079Z","level":"DEBUG","tag":"mysql-db-conn","msg":"쿼리 실행 [object Object]"}
{"time":"2026-06-01T23:53:23.082Z","level":"DEBUG","tag":"service-server:WebSocketHandler","msg":"응답 전송됨 (크기: 670)"}
{"time":"2026-06-01T23:53:23.089Z","level":"DEBUG","tag":"service-server:WebSocketHandler","msg":"요청 수신됨 [object Object]"}
{"time":"2026-06-01T23:53:23.089Z","level":"DEBUG","tag":"mysql-db-conn","msg":"쿼리 실행 [object Object]"}
{"time":"2026-06-01T23:53:23.092Z","level":"DEBUG","tag":"service-server:WebSocketHandler","msg":"응답 전송됨 (크기: 556)"}
{"time":"2026-06-01T23:53:23.099Z","level":"DEBUG","tag":"service-server:WebSocketHandler","msg":"요청 수신됨 [object Object]"}
{"time":"2026-06-01T23:53:23.099Z","level":"DEBUG","tag":"mysql-db-conn","msg":"쿼리 실행 [object Object]"}
{"time":"2026-06-01T23:53:33.156Z","level":"DEBUG","tag":"service-server:WebSocketHandler","msg":"응답 전송됨 (크기: 194)"}
{"time":"2026-06-01T23:53:33.163Z","level":"DEBUG","tag":"service-server:WebSocketHandler","msg":"요청 수신됨 [object Object]"}
{"time":"2026-06-01T23:53:33.164Z","level":"DEBUG","tag":"service-server:WebSocketHandler","msg":"응답 전송됨 (크기: 45)"}
{"time":"2026-06-01T23:53:33.169Z","level":"DEBUG","tag":"service-server:WebSocketHandler","msg":"요청 수신됨 [object Object]"}
{"time":"2026-06-01T23:53:33.169Z","level":"DEBUG","tag":"service-server:WebSocketHandler","msg":"응답 전송됨 (크기: 40)"}
{"time":"2026-06-01T23:53:37.758Z","level":"DEBUG","tag":"service-server:WebSocketHandler","msg":"요청 수신됨 [object Object]"}
{"time":"2026-06-01T23:53:37.767Z","level":"DEBUG","tag":"mysql-db-conn","msg":"쿼리 실행 [object Object]"}
{"time":"2026-06-01T23:53:37.775Z","level":"DEBUG","tag":"service-server:WebSocketHandler","msg":"응답 전송됨 (크기: 2279)"}
{"time":"2026-06-01T23:53:37.783Z","level":"DEBUG","tag":"service-server:WebSocketHandler","msg":"요청 수신됨 [object Object]"}
{"time":"2026-06-01T23:53:37.784Z","level":"DEBUG","tag":"service-server:WebSocketHandler","msg":"응답 전송됨 (크기: 40)"}
{"time":"2026-06-01T23:53:37.791Z","level":"DEBUG","tag":"service-server:WebSocketHandler","msg":"요청 수신됨 [object Object]"}
{"time":"2026-06-01T23:53:37.791Z","level":"DEBUG","tag":"service-server:WebSocketHandler","msg":"응답 전송됨 (크기: 40)"}
{"time":"2026-06-01T23:53:37.797Z","level":"DEBUG","tag":"service-server:WebSocketHandler","msg":"요청 수신됨 [object Object]"}
{"time":"2026-06-01T23:53:37.797Z","level":"DEBUG","tag":"service-server:WebSocketHandler","msg":"응답 전송됨 (크기: 40)"}
{"time":"2026-06-01T23:53:37.809Z","level":"DEBUG","tag":"service-server:WebSocketHandler","msg":"요청 수신됨 [object Object]"}
{"time":"2026-06-01T23:53:37.815Z","level":"DEBUG","tag":"mysql-db-conn","msg":"쿼리 실행 [object Object]"}
{"time":"2026-06-01T23:53:37.823Z","level":"DEBUG","tag":"service-server:WebSocketHandler","msg":"응답 전송됨 (크기: 2279)"}
{"time":"2026-06-01T23:53:37.830Z","level":"DEBUG","tag":"service-server:WebSocketHandler","msg":"요청 수신됨 [object Object]"}
{"time":"2026-06-01T23:53:37.831Z","level":"DEBUG","tag":"service-server:WebSocketHandler","msg":"응답 전송됨 (크기: 40)"}
{"time":"2026-06-01T23:53:37.837Z","level":"DEBUG","tag":"service-server:WebSocketHandler","msg":"요청 수신됨 [object Object]"}
{"time":"2026-06-01T23:53:37.838Z","level":"DEBUG","tag":"service-server:WebSocketHandler","msg":"응답 전송됨 (크기: 40)"}
{"time":"2026-06-01T23:53:37.844Z","level":"DEBUG","tag":"service-server:WebSocketHandler","msg":"요청 수신됨 [object Object]"}
{"time":"2026-06-01T23:53:37.844Z","level":"DEBUG","tag":"service-server:WebSocketHandler","msg":"응답 전송됨 (크기: 40)"}
{"time":"2026-06-01T23:53:37.852Z","level":"DEBUG","tag":"service-server:WebSocketHandler","msg":"요청 수신됨 [object Object]"}
{"time":"2026-06-01T23:53:37.852Z","level":"DEBUG","tag":"service-server:WebSocketHandler","msg":"응답 전송됨 (크기: 79)"}
{"time":"2026-06-01T23:53:37.858Z","level":"DEBUG","tag":"service-server:WebSocketHandler","msg":"요청 수신됨 [object Object]"}
{"time":"2026-06-01T23:53:37.861Z","level":"DEBUG","tag":"service-server:WebSocketHandler","msg":"응답 전송됨 (크기: 42)"}
{"time":"2026-06-01T23:53:37.868Z","level":"DEBUG","tag":"service-server:WebSocketHandler","msg":"요청 수신됨 [object Object]"}
{"time":"2026-06-01T23:53:37.868Z","level":"DEBUG","tag":"mysql-db-conn","msg":"쿼리 실행 [object Object]"}
{"time":"2026-06-01T23:53:37.870Z","level":"DEBUG","tag":"service-server:WebSocketHandler","msg":"응답 전송됨 (크기: 68)"}
{"time":"2026-06-01T23:53:37.876Z","level":"DEBUG","tag":"service-server:WebSocketHandler","msg":"요청 수신됨 [object Object]"}
{"time":"2026-06-01T23:53:37.877Z","level":"DEBUG","tag":"mysql-db-conn","msg":"쿼리 실행 [object Object]"}
{"time":"2026-06-01T23:53:37.878Z","level":"DEBUG","tag":"service-server:WebSocketHandler","msg":"응답 전송됨 (크기: 92)"}
{"time":"2026-06-01T23:53:37.884Z","level":"DEBUG","tag":"service-server:WebSocketHandler","msg":"요청 수신됨 [object Object]"}
{"time":"2026-06-01T23:53:37.885Z","level":"DEBUG","tag":"mysql-db-conn","msg":"쿼리 실행 [object Object]"}
{"time":"2026-06-01T23:53:37.888Z","level":"DEBUG","tag":"service-server:WebSocketHandler","msg":"응답 전송됨 (크기: 670)"}
{"time":"2026-06-01T23:53:37.895Z","level":"DEBUG","tag":"service-server:WebSocketHandler","msg":"요청 수신됨 [object Object]"}
{"time":"2026-06-01T23:53:37.898Z","level":"DEBUG","tag":"service-server:WebSocketHandler","msg":"응답 전송됨 (크기: 556)"}
{"time":"2026-06-01T23:53:37.905Z","level":"DEBUG","tag":"service-server:WebSocketHandler","msg":"요청 수신됨 [object Object]"}
{"time":"2026-06-01T23:53:37.885Z","level":"DEBUG","tag":"mysql-db-conn","msg":"쿼리 실행 [object Object]"}
{"time":"2026-06-01T23:53:37.905Z","level":"DEBUG","tag":"mysql-db-conn","msg":"쿼리 실행 [object Object]"}
{"time":"2026-06-01T23:53:47.278Z","level":"DEBUG","tag":"service-server:WebSocketHandler","msg":"응답 전송됨 (크기: 194)"}
{"time":"2026-06-01T23:53:47.308Z","level":"DEBUG","tag":"service-server:WebSocketHandler","msg":"클라이언트 연결 해제됨: (code: 1006)"}
{"time":"2026-06-01T23:53:47.308Z","level":"DEBUG","tag":"service-server:OrmService","msg":"소켓 종료 감지: 열린 모든 DB 연결을 정리합니다."}
{"time":"2026-06-01T23:53:54.726Z","level":"DEBUG","tag":"service-server:WebSocketHandler","msg":"클라이언트 연결됨 [object Object]"}
{"time":"2026-06-01T23:53:54.762Z","level":"DEBUG","tag":"service-server:WebSocketHandler","msg":"요청 수신됨 [object Object]"}
{"time":"2026-06-01T23:53:54.774Z","level":"DEBUG","tag":"mysql-db-conn","msg":"쿼리 실행 [object Object]"}
{"time":"2026-06-01T23:53:54.784Z","level":"DEBUG","tag":"service-server:WebSocketHandler","msg":"응답 전송됨 (크기: 2279)"}
{"time":"2026-06-01T23:53:54.792Z","level":"DEBUG","tag":"service-server:WebSocketHandler","msg":"요청 수신됨 [object Object]"}
{"time":"2026-06-01T23:53:54.793Z","level":"DEBUG","tag":"service-server:WebSocketHandler","msg":"응답 전송됨 (크기: 40)"}
{"time":"2026-06-01T23:53:54.802Z","level":"DEBUG","tag":"service-server:WebSocketHandler","msg":"요청 수신됨 [object Object]"}
{"time":"2026-06-01T23:53:54.803Z","level":"DEBUG","tag":"service-server:WebSocketHandler","msg":"응답 전송됨 (크기: 40)"}
{"time":"2026-06-01T23:53:54.811Z","level":"DEBUG","tag":"service-server:WebSocketHandler","msg":"요청 수신됨 [object Object]"}
{"time":"2026-06-01T23:53:54.811Z","level":"DEBUG","tag":"service-server:WebSocketHandler","msg":"응답 전송됨 (크기: 79)"}
{"time":"2026-06-01T23:53:54.819Z","level":"DEBUG","tag":"service-server:WebSocketHandler","msg":"요청 수신됨 [object Object]"}
{"time":"2026-06-01T23:53:54.823Z","level":"DEBUG","tag":"service-server:WebSocketHandler","msg":"응답 전송됨 (크기: 42)"}
{"time":"2026-06-01T23:53:54.831Z","level":"DEBUG","tag":"service-server:WebSocketHandler","msg":"요청 수신됨 [object Object]"}
{"time":"2026-06-01T23:53:54.831Z","level":"DEBUG","tag":"mysql-db-conn","msg":"쿼리 실행 [object Object]"}
{"time":"2026-06-01T23:53:54.833Z","level":"DEBUG","tag":"service-server:WebSocketHandler","msg":"응답 전송됨 (크기: 68)"}
{"time":"2026-06-01T23:53:54.841Z","level":"DEBUG","tag":"service-server:WebSocketHandler","msg":"요청 수신됨 [object Object]"}
{"time":"2026-06-01T23:53:54.841Z","level":"DEBUG","tag":"mysql-db-conn","msg":"쿼리 실행 [object Object]"}
{"time":"2026-06-01T23:53:54.843Z","level":"DEBUG","tag":"service-server:WebSocketHandler","msg":"응답 전송됨 (크기: 92)"}
{"time":"2026-06-01T23:53:54.851Z","level":"DEBUG","tag":"service-server:WebSocketHandler","msg":"요청 수신됨 [object Object]"}
{"time":"2026-06-01T23:53:54.852Z","level":"DEBUG","tag":"mysql-db-conn","msg":"쿼리 실행 [object Object]"}
{"time":"2026-06-01T23:53:54.855Z","level":"DEBUG","tag":"service-server:WebSocketHandler","msg":"응답 전송됨 (크기: 670)"}
{"time":"2026-06-01T23:53:54.864Z","level":"DEBUG","tag":"service-server:WebSocketHandler","msg":"요청 수신됨 [object Object]"}
{"time":"2026-06-01T23:53:54.864Z","level":"DEBUG","tag":"mysql-db-conn","msg":"쿼리 실행 [object Object]"}
{"time":"2026-06-01T23:53:54.867Z","level":"DEBUG","tag":"service-server:WebSocketHandler","msg":"응답 전송됨 (크기: 556)"}
{"time":"2026-06-01T23:53:54.876Z","level":"DEBUG","tag":"service-server:WebSocketHandler","msg":"요청 수신됨 [object Object]"}
{"time":"2026-06-01T23:53:54.876Z","level":"DEBUG","tag":"mysql-db-conn","msg":"쿼리 실행 [object Object]"}
{"time":"2026-06-01T23:54:04.474Z","level":"DEBUG","tag":"service-server:WebSocketHandler","msg":"응답 전송됨 (크기: 194)"}
{"time":"2026-06-01T23:54:04.476Z","level":"DEBUG","tag":"service-server:WebSocketHandler","msg":"클라이언트 연결됨 [object Object]"}
{"time":"2026-06-01T23:54:04.482Z","level":"DEBUG","tag":"service-server:WebSocketHandler","msg":"요청 수신됨 [object Object]"}
{"time":"2026-06-01T23:54:04.483Z","level":"DEBUG","tag":"service-server:WebSocketHandler","msg":"응답 전송됨 (크기: 45)"}
{"time":"2026-06-01T23:54:04.490Z","level":"DEBUG","tag":"service-server:WebSocketHandler","msg":"요청 수신됨 [object Object]"}
{"time":"2026-06-01T23:54:04.490Z","level":"DEBUG","tag":"service-server:WebSocketHandler","msg":"요청 수신됨 [object Object]"}
{"time":"2026-06-01T23:54:04.490Z","level":"DEBUG","tag":"service-server:WebSocketHandler","msg":"응답 전송됨 (크기: 40)"}
{"time":"2026-06-01T23:54:04.491Z","level":"DEBUG","tag":"service-server:WebSocketHandler","msg":"응답 전송됨 (크기: 40)"}
{"time":"2026-06-01T23:54:04.494Z","level":"DEBUG","tag":"service-server:WebSocketHandler","msg":"요청 수신됨 [object Object]"}
{"time":"2026-06-01T23:54:04.495Z","level":"DEBUG","tag":"service-server:WebSocketHandler","msg":"응답 전송됨 (크기: 40)"}
{"time":"2026-06-01T23:54:07.886Z","level":"DEBUG","tag":"service-server:WebSocketHandler","msg":"요청 수신됨 [object Object]"}
{"time":"2026-06-01T23:54:07.895Z","level":"DEBUG","tag":"mysql-db-conn","msg":"쿼리 실행 [object Object]"}
{"time":"2026-06-01T23:54:07.900Z","level":"DEBUG","tag":"service-server:WebSocketHandler","msg":"응답 전송됨 (크기: 2279)"}
{"time":"2026-06-01T23:54:07.908Z","level":"DEBUG","tag":"service-server:WebSocketHandler","msg":"요청 수신됨 [object Object]"}
{"time":"2026-06-01T23:54:07.909Z","level":"DEBUG","tag":"service-server:WebSocketHandler","msg":"응답 전송됨 (크기: 40)"}
{"time":"2026-06-01T23:54:07.916Z","level":"DEBUG","tag":"service-server:WebSocketHandler","msg":"요청 수신됨 [object Object]"}
{"time":"2026-06-01T23:54:07.917Z","level":"DEBUG","tag":"service-server:WebSocketHandler","msg":"응답 전송됨 (크기: 40)"}
{"time":"2026-06-01T23:54:07.924Z","level":"DEBUG","tag":"service-server:WebSocketHandler","msg":"요청 수신됨 [object Object]"}
{"time":"2026-06-01T23:54:07.925Z","level":"DEBUG","tag":"service-server:WebSocketHandler","msg":"응답 전송됨 (크기: 40)"}
{"time":"2026-06-01T23:54:07.935Z","level":"DEBUG","tag":"service-server:WebSocketHandler","msg":"요청 수신됨 [object Object]"}
{"time":"2026-06-01T23:54:07.941Z","level":"DEBUG","tag":"mysql-db-conn","msg":"쿼리 실행 [object Object]"}
{"time":"2026-06-01T23:54:07.948Z","level":"DEBUG","tag":"service-server:WebSocketHandler","msg":"응답 전송됨 (크기: 2279)"}
{"time":"2026-06-01T23:54:07.957Z","level":"DEBUG","tag":"service-server:WebSocketHandler","msg":"요청 수신됨 [object Object]"}
{"time":"2026-06-01T23:54:07.958Z","level":"DEBUG","tag":"service-server:WebSocketHandler","msg":"응답 전송됨 (크기: 40)"}
{"time":"2026-06-01T23:54:07.965Z","level":"DEBUG","tag":"service-server:WebSocketHandler","msg":"요청 수신됨 [object Object]"}
{"time":"2026-06-01T23:54:07.965Z","level":"DEBUG","tag":"service-server:WebSocketHandler","msg":"응답 전송됨 (크기: 40)"}
{"time":"2026-06-01T23:54:07.973Z","level":"DEBUG","tag":"service-server:WebSocketHandler","msg":"요청 수신됨 [object Object]"}
{"time":"2026-06-01T23:54:07.973Z","level":"DEBUG","tag":"service-server:WebSocketHandler","msg":"응답 전송됨 (크기: 40)"}
{"time":"2026-06-01T23:54:07.981Z","level":"DEBUG","tag":"service-server:WebSocketHandler","msg":"요청 수신됨 [object Object]"}
{"time":"2026-06-01T23:54:07.982Z","level":"DEBUG","tag":"service-server:WebSocketHandler","msg":"응답 전송됨 (크기: 79)"}
{"time":"2026-06-01T23:54:07.989Z","level":"DEBUG","tag":"service-server:WebSocketHandler","msg":"요청 수신됨 [object Object]"}
{"time":"2026-06-01T23:54:07.994Z","level":"DEBUG","tag":"service-server:WebSocketHandler","msg":"응답 전송됨 (크기: 42)"}
{"time":"2026-06-01T23:54:08.002Z","level":"DEBUG","tag":"service-server:WebSocketHandler","msg":"요청 수신됨 [object Object]"}
{"time":"2026-06-01T23:54:08.002Z","level":"DEBUG","tag":"mysql-db-conn","msg":"쿼리 실행 [object Object]"}
{"time":"2026-06-01T23:54:08.004Z","level":"DEBUG","tag":"service-server:WebSocketHandler","msg":"응답 전송됨 (크기: 68)"}
{"time":"2026-06-01T23:54:08.014Z","level":"DEBUG","tag":"service-server:WebSocketHandler","msg":"요청 수신됨 [object Object]"}
{"time":"2026-06-01T23:54:08.014Z","level":"DEBUG","tag":"mysql-db-conn","msg":"쿼리 실행 [object Object]"}
{"time":"2026-06-01T23:54:08.016Z","level":"DEBUG","tag":"service-server:WebSocketHandler","msg":"응답 전송됨 (크기: 92)"}
{"time":"2026-06-01T23:54:08.024Z","level":"DEBUG","tag":"service-server:WebSocketHandler","msg":"요청 수신됨 [object Object]"}
{"time":"2026-06-01T23:54:08.024Z","level":"DEBUG","tag":"mysql-db-conn","msg":"쿼리 실행 [object Object]"}
{"time":"2026-06-01T23:54:08.025Z","level":"DEBUG","tag":"service-server:WebSocketHandler","msg":"응답 전송됨 (크기: 670)"}
{"time":"2026-06-01T23:54:08.034Z","level":"DEBUG","tag":"service-server:WebSocketHandler","msg":"요청 수신됨 [object Object]"}
{"time":"2026-06-01T23:54:08.034Z","level":"DEBUG","tag":"mysql-db-conn","msg":"쿼리 실행 [object Object]"}
{"time":"2026-06-01T23:54:08.035Z","level":"DEBUG","tag":"service-server:WebSocketHandler","msg":"응답 전송됨 (크기: 556)"}
{"time":"2026-06-01T23:54:08.044Z","level":"DEBUG","tag":"service-server:WebSocketHandler","msg":"요청 수신됨 [object Object]"}
{"time":"2026-06-01T23:54:08.044Z","level":"DEBUG","tag":"mysql-db-conn","msg":"쿼리 실행 [object Object]"}
{"time":"2026-06-01T23:54:20.075Z","level":"DEBUG","tag":"service-server:WebSocketHandler","msg":"응답 전송됨 (크기: 194)"}
{"time":"2026-06-01T23:54:20.084Z","level":"DEBUG","tag":"service-server:WebSocketHandler","msg":"요청 수신됨 [object Object]"}
{"time":"2026-06-01T23:54:20.085Z","level":"DEBUG","tag":"service-server:WebSocketHandler","msg":"응답 전송됨 (크기: 45)"}
{"time":"2026-06-01T23:54:20.100Z","level":"DEBUG","tag":"service-server:WebSocketHandler","msg":"요청 수신됨 [object Object]"}
{"time":"2026-06-01T23:54:20.100Z","level":"DEBUG","tag":"service-server:WebSocketHandler","msg":"응답 전송됨 (크기: 40)"}
{"time":"2026-06-01T23:54:23.624Z","level":"DEBUG","tag":"service-server:WebSocketHandler","msg":"요청 수신됨 [object Object]"}
{"time":"2026-06-01T23:54:23.631Z","level":"DEBUG","tag":"mysql-db-conn","msg":"쿼리 실행 [object Object]"}
{"time":"2026-06-01T23:54:23.639Z","level":"DEBUG","tag":"service-server:WebSocketHandler","msg":"응답 전송됨 (크기: 2279)"}
{"time":"2026-06-01T23:54:23.646Z","level":"DEBUG","tag":"service-server:WebSocketHandler","msg":"요청 수신됨 [object Object]"}
{"time":"2026-06-01T23:54:23.647Z","level":"DEBUG","tag":"service-server:WebSocketHandler","msg":"응답 전송됨 (크기: 40)"}
{"time":"2026-06-01T23:54:23.656Z","level":"DEBUG","tag":"service-server:WebSocketHandler","msg":"요청 수신됨 [object Object]"}
{"time":"2026-06-01T23:54:23.657Z","level":"DEBUG","tag":"service-server:WebSocketHandler","msg":"응답 전송됨 (크기: 40)"}
{"time":"2026-06-01T23:54:23.664Z","level":"DEBUG","tag":"service-server:WebSocketHandler","msg":"요청 수신됨 [object Object]"}
{"time":"2026-06-01T23:54:23.665Z","level":"DEBUG","tag":"service-server:WebSocketHandler","msg":"응답 전송됨 (크기: 40)"}
{"time":"2026-06-01T23:54:23.677Z","level":"DEBUG","tag":"service-server:WebSocketHandler","msg":"요청 수신됨 [object Object]"}
{"time":"2026-06-01T23:54:23.683Z","level":"DEBUG","tag":"mysql-db-conn","msg":"쿼리 실행 [object Object]"}
{"time":"2026-06-01T23:54:23.690Z","level":"DEBUG","tag":"service-server:WebSocketHandler","msg":"응답 전송됨 (크기: 2279)"}
{"time":"2026-06-01T23:54:23.699Z","level":"DEBUG","tag":"service-server:WebSocketHandler","msg":"요청 수신됨 [object Object]"}
{"time":"2026-06-01T23:54:23.700Z","level":"DEBUG","tag":"service-server:WebSocketHandler","msg":"응답 전송됨 (크기: 40)"}
{"time":"2026-06-01T23:54:23.707Z","level":"DEBUG","tag":"service-server:WebSocketHandler","msg":"요청 수신됨 [object Object]"}
{"time":"2026-06-01T23:54:23.708Z","level":"DEBUG","tag":"service-server:WebSocketHandler","msg":"응답 전송됨 (크기: 40)"}
{"time":"2026-06-01T23:54:23.715Z","level":"DEBUG","tag":"service-server:WebSocketHandler","msg":"요청 수신됨 [object Object]"}
{"time":"2026-06-01T23:54:23.716Z","level":"DEBUG","tag":"service-server:WebSocketHandler","msg":"응답 전송됨 (크기: 40)"}
{"time":"2026-06-01T23:54:23.723Z","level":"DEBUG","tag":"service-server:WebSocketHandler","msg":"요청 수신됨 [object Object]"}
{"time":"2026-06-01T23:54:23.724Z","level":"DEBUG","tag":"service-server:WebSocketHandler","msg":"응답 전송됨 (크기: 79)"}
{"time":"2026-06-01T23:54:23.732Z","level":"DEBUG","tag":"service-server:WebSocketHandler","msg":"요청 수신됨 [object Object]"}
{"time":"2026-06-01T23:54:23.735Z","level":"DEBUG","tag":"service-server:WebSocketHandler","msg":"응답 전송됨 (크기: 42)"}
{"time":"2026-06-01T23:54:23.744Z","level":"DEBUG","tag":"service-server:WebSocketHandler","msg":"요청 수신됨 [object Object]"}
{"time":"2026-06-01T23:54:23.744Z","level":"DEBUG","tag":"mysql-db-conn","msg":"쿼리 실행 [object Object]"}
{"time":"2026-06-01T23:54:23.744Z","level":"DEBUG","tag":"service-server:WebSocketHandler","msg":"응답 전송됨 (크기: 68)"}
{"time":"2026-06-01T23:54:23.752Z","level":"DEBUG","tag":"service-server:WebSocketHandler","msg":"요청 수신됨 [object Object]"}
{"time":"2026-06-01T23:54:23.752Z","level":"DEBUG","tag":"mysql-db-conn","msg":"쿼리 실행 [object Object]"}
{"time":"2026-06-01T23:54:23.752Z","level":"DEBUG","tag":"service-server:WebSocketHandler","msg":"응답 전송됨 (크기: 92)"}
{"time":"2026-06-01T23:54:23.760Z","level":"DEBUG","tag":"service-server:WebSocketHandler","msg":"요청 수신됨 [object Object]"}
{"time":"2026-06-01T23:54:23.760Z","level":"DEBUG","tag":"mysql-db-conn","msg":"쿼리 실행 [object Object]"}
{"time":"2026-06-01T23:54:23.762Z","level":"DEBUG","tag":"service-server:WebSocketHandler","msg":"응답 전송됨 (크기: 670)"}
{"time":"2026-06-01T23:54:23.770Z","level":"DEBUG","tag":"service-server:WebSocketHandler","msg":"요청 수신됨 [object Object]"}
{"time":"2026-06-01T23:54:23.770Z","level":"DEBUG","tag":"mysql-db-conn","msg":"쿼리 실행 [object Object]"}
{"time":"2026-06-01T23:54:23.773Z","level":"DEBUG","tag":"service-server:WebSocketHandler","msg":"응답 전송됨 (크기: 556)"}
{"time":"2026-06-01T23:54:23.782Z","level":"DEBUG","tag":"service-server:WebSocketHandler","msg":"요청 수신됨 [object Object]"}
{"time":"2026-06-01T23:54:23.782Z","level":"DEBUG","tag":"mysql-db-conn","msg":"쿼리 실행 [object Object]"}
{"time":"2026-06-01T23:54:36.135Z","level":"DEBUG","tag":"service-server:WebSocketHandler","msg":"응답 전송됨 (크기: 194)"}
{"time":"2026-06-01T23:54:36.144Z","level":"DEBUG","tag":"service-server:WebSocketHandler","msg":"요청 수신됨 [object Object]"}
{"time":"2026-06-01T23:54:36.144Z","level":"DEBUG","tag":"service-server:WebSocketHandler","msg":"응답 전송됨 (크기: 45)"}
{"time":"2026-06-01T23:54:36.152Z","level":"DEBUG","tag":"service-server:WebSocketHandler","msg":"요청 수신됨 [object Object]"}
{"time":"2026-06-01T23:54:36.152Z","level":"DEBUG","tag":"service-server:WebSocketHandler","msg":"응답 전송됨 (크기: 40)"}
{"time":"2026-06-01T23:56:02.940Z","level":"DEBUG","tag":"service-server:WebSocketHandler","msg":"클라이언트 연결 해제됨: (code: 1005)"}
{"time":"2026-06-01T23:56:39.948Z","level":"DEBUG","tag":"service-server:WebSocketHandler","msg":"클라이언트 연결됨 [object Object]"}
{"time":"2026-06-01T23:56:39.976Z","level":"DEBUG","tag":"service-server:WebSocketHandler","msg":"요청 수신됨 [object Object]"}
{"time":"2026-06-01T23:56:39.978Z","level":"DEBUG","tag":"service-server:WebSocketHandler","msg":"응답 전송됨 (크기: 123)"}
{"time":"2026-06-01T23:56:40.079Z","level":"DEBUG","tag":"service-server:WebSocketHandler","msg":"클라이언트 연결됨 [object Object]"}
{"time":"2026-06-01T23:56:40.116Z","level":"DEBUG","tag":"service-server:WebSocketHandler","msg":"요청 수신됨 [object Object]"}
{"time":"2026-06-01T23:56:40.117Z","level":"DEBUG","tag":"service-server:WebSocketHandler","msg":"응답 전송됨 (크기: 123)"}
{"time":"2026-06-01T23:56:43.396Z","level":"DEBUG","tag":"service-server:WebSocketHandler","msg":"요청 수신됨 [object Object]"}
{"time":"2026-06-01T23:56:43.404Z","level":"DEBUG","tag":"mysql-db-conn","msg":"쿼리 실행 [object Object]"}
{"time":"2026-06-01T23:56:43.408Z","level":"DEBUG","tag":"service-server:WebSocketHandler","msg":"응답 전송됨 (크기: 2279)"}
{"time":"2026-06-01T23:56:43.416Z","level":"DEBUG","tag":"service-server:WebSocketHandler","msg":"요청 수신됨 [object Object]"}
{"time":"2026-06-01T23:56:43.417Z","level":"DEBUG","tag":"service-server:WebSocketHandler","msg":"응답 전송됨 (크기: 40)"}
{"time":"2026-06-01T23:56:43.424Z","level":"DEBUG","tag":"service-server:WebSocketHandler","msg":"요청 수신됨 [object Object]"}
{"time":"2026-06-01T23:56:43.424Z","level":"DEBUG","tag":"service-server:WebSocketHandler","msg":"응답 전송됨 (크기: 40)"}
{"time":"2026-06-01T23:56:43.434Z","level":"DEBUG","tag":"service-server:WebSocketHandler","msg":"요청 수신됨 [object Object]"}
{"time":"2026-06-01T23:56:43.441Z","level":"DEBUG","tag":"mysql-db-conn","msg":"쿼리 실행 [object Object]"}
{"time":"2026-06-01T23:56:43.451Z","level":"DEBUG","tag":"service-server:WebSocketHandler","msg":"응답 전송됨 (크기: 2279)"}
{"time":"2026-06-01T23:56:43.459Z","level":"DEBUG","tag":"service-server:WebSocketHandler","msg":"요청 수신됨 [object Object]"}
{"time":"2026-06-01T23:56:43.460Z","level":"DEBUG","tag":"service-server:WebSocketHandler","msg":"응답 전송됨 (크기: 40)"}
{"time":"2026-06-01T23:56:43.467Z","level":"DEBUG","tag":"service-server:WebSocketHandler","msg":"요청 수신됨 [object Object]"}
{"time":"2026-06-01T23:56:43.467Z","level":"DEBUG","tag":"service-server:WebSocketHandler","msg":"응답 전송됨 (크기: 40)"}
{"time":"2026-06-01T23:56:43.475Z","level":"DEBUG","tag":"service-server:WebSocketHandler","msg":"요청 수신됨 [object Object]"}
{"time":"2026-06-01T23:56:43.475Z","level":"DEBUG","tag":"service-server:WebSocketHandler","msg":"응답 전송됨 (크기: 40)"}
{"time":"2026-06-01T23:56:43.483Z","level":"DEBUG","tag":"service-server:WebSocketHandler","msg":"요청 수신됨 [object Object]"}
{"time":"2026-06-01T23:56:43.483Z","level":"DEBUG","tag":"service-server:WebSocketHandler","msg":"응답 전송됨 (크기: 79)"}
{"time":"2026-06-01T23:56:43.491Z","level":"DEBUG","tag":"service-server:WebSocketHandler","msg":"요청 수신됨 [object Object]"}
{"time":"2026-06-01T23:56:43.498Z","level":"DEBUG","tag":"service-server:WebSocketHandler","msg":"응답 전송됨 (크기: 42)"}
{"time":"2026-06-01T23:56:43.503Z","level":"DEBUG","tag":"service-server:WebSocketHandler","msg":"요청 수신됨 [object Object]"}
{"time":"2026-06-01T23:56:43.504Z","level":"DEBUG","tag":"mysql-db-conn","msg":"쿼리 실행 [object Object]"}
{"time":"2026-06-01T23:56:43.506Z","level":"DEBUG","tag":"service-server:WebSocketHandler","msg":"응답 전송됨 (크기: 68)"}
{"time":"2026-06-01T23:56:43.514Z","level":"DEBUG","tag":"service-server:WebSocketHandler","msg":"요청 수신됨 [object Object]"}
{"time":"2026-06-01T23:56:43.514Z","level":"DEBUG","tag":"mysql-db-conn","msg":"쿼리 실행 [object Object]"}
{"time":"2026-06-01T23:56:43.515Z","level":"DEBUG","tag":"service-server:WebSocketHandler","msg":"응답 전송됨 (크기: 92)"}
{"time":"2026-06-01T23:56:43.522Z","level":"DEBUG","tag":"service-server:WebSocketHandler","msg":"요청 수신됨 [object Object]"}
{"time":"2026-06-01T23:56:43.522Z","level":"DEBUG","tag":"mysql-db-conn","msg":"쿼리 실행 [object Object]"}
{"time":"2026-06-01T23:56:43.525Z","level":"DEBUG","tag":"service-server:WebSocketHandler","msg":"응답 전송됨 (크기: 670)"}
{"time":"2026-06-01T23:56:43.534Z","level":"DEBUG","tag":"service-server:WebSocketHandler","msg":"요청 수신됨 [object Object]"}
{"time":"2026-06-01T23:56:43.534Z","level":"DEBUG","tag":"mysql-db-conn","msg":"쿼리 실행 [object Object]"}
{"time":"2026-06-01T23:56:43.537Z","level":"DEBUG","tag":"service-server:WebSocketHandler","msg":"응답 전송됨 (크기: 556)"}
{"time":"2026-06-01T23:56:43.546Z","level":"DEBUG","tag":"service-server:WebSocketHandler","msg":"요청 수신됨 [object Object]"}
{"time":"2026-06-01T23:56:43.547Z","level":"DEBUG","tag":"mysql-db-conn","msg":"쿼리 실행 [object Object]"}
{"time":"2026-06-01T23:56:54.098Z","level":"DEBUG","tag":"service-server:WebSocketHandler","msg":"응답 전송됨 (크기: 194)"}
{"time":"2026-06-01T23:56:54.103Z","level":"DEBUG","tag":"service-server:WebSocketHandler","msg":"요청 수신됨 [object Object]"}
{"time":"2026-06-01T23:56:54.104Z","level":"DEBUG","tag":"service-server:WebSocketHandler","msg":"응답 전송됨 (크기: 45)"}
{"time":"2026-06-01T23:56:54.111Z","level":"DEBUG","tag":"service-server:WebSocketHandler","msg":"요청 수신됨 [object Object]"}
{"time":"2026-06-01T23:56:54.111Z","level":"DEBUG","tag":"service-server:WebSocketHandler","msg":"응답 전송됨 (크기: 40)"}
{"time":"2026-06-01T23:56:58.832Z","level":"DEBUG","tag":"service-server:WebSocketHandler","msg":"요청 수신됨 [object Object]"}
{"time":"2026-06-01T23:56:58.839Z","level":"DEBUG","tag":"mysql-db-conn","msg":"쿼리 실행 [object Object]"}
{"time":"2026-06-01T23:56:58.842Z","level":"DEBUG","tag":"service-server:WebSocketHandler","msg":"응답 전송됨 (크기: 2279)"}
{"time":"2026-06-01T23:56:58.850Z","level":"DEBUG","tag":"service-server:WebSocketHandler","msg":"요청 수신됨 [object Object]"}
{"time":"2026-06-01T23:56:58.850Z","level":"DEBUG","tag":"service-server:WebSocketHandler","msg":"응답 전송됨 (크기: 40)"}
{"time":"2026-06-01T23:56:58.856Z","level":"DEBUG","tag":"service-server:WebSocketHandler","msg":"요청 수신됨 [object Object]"}
{"time":"2026-06-01T23:56:58.856Z","level":"DEBUG","tag":"service-server:WebSocketHandler","msg":"응답 전송됨 (크기: 40)"}
{"time":"2026-06-01T23:56:58.862Z","level":"DEBUG","tag":"service-server:WebSocketHandler","msg":"요청 수신됨 [object Object]"}
{"time":"2026-06-01T23:56:58.862Z","level":"DEBUG","tag":"service-server:WebSocketHandler","msg":"응답 전송됨 (크기: 40)"}
{"time":"2026-06-01T23:56:58.872Z","level":"DEBUG","tag":"service-server:WebSocketHandler","msg":"요청 수신됨 [object Object]"}
{"time":"2026-06-01T23:56:58.879Z","level":"DEBUG","tag":"mysql-db-conn","msg":"쿼리 실행 [object Object]"}
{"time":"2026-06-01T23:56:58.887Z","level":"DEBUG","tag":"service-server:WebSocketHandler","msg":"응답 전송됨 (크기: 2279)"}
{"time":"2026-06-01T23:56:58.893Z","level":"DEBUG","tag":"service-server:WebSocketHandler","msg":"요청 수신됨 [object Object]"}
{"time":"2026-06-01T23:56:58.894Z","level":"DEBUG","tag":"service-server:WebSocketHandler","msg":"응답 전송됨 (크기: 40)"}
{"time":"2026-06-01T23:56:58.901Z","level":"DEBUG","tag":"service-server:WebSocketHandler","msg":"요청 수신됨 [object Object]"}
{"time":"2026-06-01T23:56:58.901Z","level":"DEBUG","tag":"service-server:WebSocketHandler","msg":"응답 전송됨 (크기: 40)"}
{"time":"2026-06-01T23:56:58.909Z","level":"DEBUG","tag":"service-server:WebSocketHandler","msg":"요청 수신됨 [object Object]"}
{"time":"2026-06-01T23:56:58.909Z","level":"DEBUG","tag":"service-server:WebSocketHandler","msg":"응답 전송됨 (크기: 40)"}
{"time":"2026-06-01T23:56:58.915Z","level":"DEBUG","tag":"service-server:WebSocketHandler","msg":"요청 수신됨 [object Object]"}
{"time":"2026-06-01T23:56:58.915Z","level":"DEBUG","tag":"service-server:WebSocketHandler","msg":"응답 전송됨 (크기: 79)"}
{"time":"2026-06-01T23:56:58.921Z","level":"DEBUG","tag":"service-server:WebSocketHandler","msg":"요청 수신됨 [object Object]"}
{"time":"2026-06-01T23:56:58.925Z","level":"DEBUG","tag":"service-server:WebSocketHandler","msg":"응답 전송됨 (크기: 42)"}
{"time":"2026-06-01T23:56:58.931Z","level":"DEBUG","tag":"service-server:WebSocketHandler","msg":"요청 수신됨 [object Object]"}
{"time":"2026-06-01T23:56:58.931Z","level":"DEBUG","tag":"mysql-db-conn","msg":"쿼리 실행 [object Object]"}
{"time":"2026-06-01T23:56:58.934Z","level":"DEBUG","tag":"service-server:WebSocketHandler","msg":"응답 전송됨 (크기: 68)"}
{"time":"2026-06-01T23:56:58.939Z","level":"DEBUG","tag":"service-server:WebSocketHandler","msg":"요청 수신됨 [object Object]"}
{"time":"2026-06-01T23:56:58.940Z","level":"DEBUG","tag":"mysql-db-conn","msg":"쿼리 실행 [object Object]"}
{"time":"2026-06-01T23:56:58.941Z","level":"DEBUG","tag":"service-server:WebSocketHandler","msg":"응답 전송됨 (크기: 92)"}
{"time":"2026-06-01T23:56:58.948Z","level":"DEBUG","tag":"service-server:WebSocketHandler","msg":"요청 수신됨 [object Object]"}
{"time":"2026-06-01T23:56:58.948Z","level":"DEBUG","tag":"mysql-db-conn","msg":"쿼리 실행 [object Object]"}
{"time":"2026-06-01T23:56:58.951Z","level":"DEBUG","tag":"service-server:WebSocketHandler","msg":"응답 전송됨 (크기: 670)"}
{"time":"2026-06-01T23:56:58.958Z","level":"DEBUG","tag":"service-server:WebSocketHandler","msg":"요청 수신됨 [object Object]"}
{"time":"2026-06-01T23:56:58.961Z","level":"DEBUG","tag":"service-server:WebSocketHandler","msg":"응답 전송됨 (크기: 556)"}
{"time":"2026-06-01T23:56:58.966Z","level":"DEBUG","tag":"service-server:WebSocketHandler","msg":"요청 수신됨 [object Object]"}
{"time":"2026-06-01T23:56:58.948Z","level":"DEBUG","tag":"mysql-db-conn","msg":"쿼리 실행 [object Object]"}
{"time":"2026-06-01T23:56:58.966Z","level":"DEBUG","tag":"mysql-db-conn","msg":"쿼리 실행 [object Object]"}
{"time":"2026-06-01T23:57:08.504Z","level":"DEBUG","tag":"service-server:WebSocketHandler","msg":"응답 전송됨 (크기: 194)"}
{"time":"2026-06-01T23:57:08.506Z","level":"DEBUG","tag":"service-server:WebSocketHandler","msg":"클라이언트 연결됨 [object Object]"}
{"time":"2026-06-01T23:57:08.510Z","level":"DEBUG","tag":"service-server:WebSocketHandler","msg":"요청 수신됨 [object Object]"}
{"time":"2026-06-01T23:57:08.511Z","level":"DEBUG","tag":"service-server:WebSocketHandler","msg":"응답 전송됨 (크기: 45)"}
{"time":"2026-06-01T23:57:08.511Z","level":"DEBUG","tag":"service-server:WebSocketHandler","msg":"요청 수신됨 [object Object]"}
{"time":"2026-06-01T23:57:08.512Z","level":"DEBUG","tag":"service-server:WebSocketHandler","msg":"응답 전송됨 (크기: 40)"}
{"time":"2026-06-01T23:57:08.516Z","level":"DEBUG","tag":"service-server:WebSocketHandler","msg":"요청 수신됨 [object Object]"}
{"time":"2026-06-01T23:57:08.516Z","level":"DEBUG","tag":"service-server:WebSocketHandler","msg":"응답 전송됨 (크기: 40)"}
{"time":"2026-06-01T23:57:08.519Z","level":"DEBUG","tag":"service-server:WebSocketHandler","msg":"요청 수신됨 [object Object]"}
{"time":"2026-06-01T23:57:08.519Z","level":"DEBUG","tag":"service-server:WebSocketHandler","msg":"응답 전송됨 (크기: 40)"}
{"time":"2026-06-01T23:57:12.048Z","level":"DEBUG","tag":"service-server:WebSocketHandler","msg":"요청 수신됨 [object Object]"}
{"time":"2026-06-01T23:57:12.060Z","level":"DEBUG","tag":"mysql-db-conn","msg":"쿼리 실행 [object Object]"}
{"time":"2026-06-01T23:57:12.068Z","level":"DEBUG","tag":"service-server:WebSocketHandler","msg":"응답 전송됨 (크기: 2279)"}
{"time":"2026-06-01T23:57:12.074Z","level":"DEBUG","tag":"service-server:WebSocketHandler","msg":"요청 수신됨 [object Object]"}
{"time":"2026-06-01T23:57:12.075Z","level":"DEBUG","tag":"service-server:WebSocketHandler","msg":"응답 전송됨 (크기: 40)"}
{"time":"2026-06-01T23:57:12.080Z","level":"DEBUG","tag":"service-server:WebSocketHandler","msg":"요청 수신됨 [object Object]"}
{"time":"2026-06-01T23:57:12.080Z","level":"DEBUG","tag":"service-server:WebSocketHandler","msg":"응답 전송됨 (크기: 40)"}
{"time":"2026-06-01T23:57:12.088Z","level":"DEBUG","tag":"service-server:WebSocketHandler","msg":"요청 수신됨 [object Object]"}
{"time":"2026-06-01T23:57:12.089Z","level":"DEBUG","tag":"service-server:WebSocketHandler","msg":"응답 전송됨 (크기: 40)"}
{"time":"2026-06-01T23:57:12.099Z","level":"DEBUG","tag":"service-server:WebSocketHandler","msg":"요청 수신됨 [object Object]"}
{"time":"2026-06-01T23:57:12.102Z","level":"DEBUG","tag":"mysql-db-conn","msg":"쿼리 실행 [object Object]"}
{"time":"2026-06-01T23:57:12.106Z","level":"DEBUG","tag":"service-server:WebSocketHandler","msg":"응답 전송됨 (크기: 2279)"}
{"time":"2026-06-01T23:57:12.111Z","level":"DEBUG","tag":"service-server:WebSocketHandler","msg":"요청 수신됨 [object Object]"}
{"time":"2026-06-01T23:57:12.112Z","level":"DEBUG","tag":"service-server:WebSocketHandler","msg":"응답 전송됨 (크기: 40)"}
{"time":"2026-06-01T23:57:12.117Z","level":"DEBUG","tag":"service-server:WebSocketHandler","msg":"요청 수신됨 [object Object]"}
{"time":"2026-06-01T23:57:12.117Z","level":"DEBUG","tag":"service-server:WebSocketHandler","msg":"응답 전송됨 (크기: 40)"}
{"time":"2026-06-01T23:57:12.123Z","level":"DEBUG","tag":"service-server:WebSocketHandler","msg":"요청 수신됨 [object Object]"}
{"time":"2026-06-01T23:57:12.123Z","level":"DEBUG","tag":"service-server:WebSocketHandler","msg":"응답 전송됨 (크기: 40)"}
{"time":"2026-06-01T23:57:12.131Z","level":"DEBUG","tag":"service-server:WebSocketHandler","msg":"요청 수신됨 [object Object]"}
{"time":"2026-06-01T23:57:12.131Z","level":"DEBUG","tag":"service-server:WebSocketHandler","msg":"응답 전송됨 (크기: 79)"}
{"time":"2026-06-01T23:57:12.139Z","level":"DEBUG","tag":"service-server:WebSocketHandler","msg":"요청 수신됨 [object Object]"}
{"time":"2026-06-01T23:57:12.141Z","level":"DEBUG","tag":"service-server:WebSocketHandler","msg":"응답 전송됨 (크기: 42)"}
{"time":"2026-06-01T23:57:12.147Z","level":"DEBUG","tag":"service-server:WebSocketHandler","msg":"요청 수신됨 [object Object]"}
{"time":"2026-06-01T23:57:12.148Z","level":"DEBUG","tag":"mysql-db-conn","msg":"쿼리 실행 [object Object]"}
{"time":"2026-06-01T23:57:12.148Z","level":"DEBUG","tag":"service-server:WebSocketHandler","msg":"응답 전송됨 (크기: 68)"}
{"time":"2026-06-01T23:57:12.156Z","level":"DEBUG","tag":"service-server:WebSocketHandler","msg":"요청 수신됨 [object Object]"}
{"time":"2026-06-01T23:57:12.156Z","level":"DEBUG","tag":"mysql-db-conn","msg":"쿼리 실행 [object Object]"}
{"time":"2026-06-01T23:57:12.156Z","level":"DEBUG","tag":"service-server:WebSocketHandler","msg":"응답 전송됨 (크기: 92)"}
{"time":"2026-06-01T23:57:12.164Z","level":"DEBUG","tag":"service-server:WebSocketHandler","msg":"요청 수신됨 [object Object]"}
{"time":"2026-06-01T23:57:12.164Z","level":"DEBUG","tag":"mysql-db-conn","msg":"쿼리 실행 [object Object]"}
{"time":"2026-06-01T23:57:12.166Z","level":"DEBUG","tag":"service-server:WebSocketHandler","msg":"응답 전송됨 (크기: 670)"}
{"time":"2026-06-01T23:57:12.172Z","level":"DEBUG","tag":"service-server:WebSocketHandler","msg":"요청 수신됨 [object Object]"}
{"time":"2026-06-01T23:57:12.172Z","level":"DEBUG","tag":"mysql-db-conn","msg":"쿼리 실행 [object Object]"}
{"time":"2026-06-01T23:57:12.175Z","level":"DEBUG","tag":"service-server:WebSocketHandler","msg":"응답 전송됨 (크기: 556)"}
{"time":"2026-06-01T23:57:12.182Z","level":"DEBUG","tag":"service-server:WebSocketHandler","msg":"요청 수신됨 [object Object]"}
{"time":"2026-06-01T23:57:12.183Z","level":"DEBUG","tag":"mysql-db-conn","msg":"쿼리 실행 [object Object]"}
{"time":"2026-06-01T23:57:24.278Z","level":"DEBUG","tag":"service-server:WebSocketHandler","msg":"응답 전송됨 (크기: 194)"}
{"time":"2026-06-01T23:57:24.286Z","level":"DEBUG","tag":"service-server:WebSocketHandler","msg":"요청 수신됨 [object Object]"}
{"time":"2026-06-01T23:57:24.286Z","level":"DEBUG","tag":"service-server:WebSocketHandler","msg":"응답 전송됨 (크기: 45)"}
{"time":"2026-06-01T23:57:24.292Z","level":"DEBUG","tag":"service-server:WebSocketHandler","msg":"요청 수신됨 [object Object]"}
{"time":"2026-06-01T23:57:24.293Z","level":"DEBUG","tag":"service-server:WebSocketHandler","msg":"응답 전송됨 (크기: 40)"}
{"time":"2026-06-01T23:57:27.891Z","level":"DEBUG","tag":"service-server:WebSocketHandler","msg":"요청 수신됨 [object Object]"}
{"time":"2026-06-01T23:57:27.898Z","level":"DEBUG","tag":"mysql-db-conn","msg":"쿼리 실행 [object Object]"}
{"time":"2026-06-01T23:57:27.907Z","level":"DEBUG","tag":"service-server:WebSocketHandler","msg":"응답 전송됨 (크기: 2279)"}
{"time":"2026-06-01T23:57:27.913Z","level":"DEBUG","tag":"service-server:WebSocketHandler","msg":"요청 수신됨 [object Object]"}
{"time":"2026-06-01T23:57:27.914Z","level":"DEBUG","tag":"service-server:WebSocketHandler","msg":"응답 전송됨 (크기: 40)"}
{"time":"2026-06-01T23:57:27.921Z","level":"DEBUG","tag":"service-server:WebSocketHandler","msg":"요청 수신됨 [object Object]"}
{"time":"2026-06-01T23:57:27.921Z","level":"DEBUG","tag":"service-server:WebSocketHandler","msg":"응답 전송됨 (크기: 40)"}
{"time":"2026-06-01T23:57:27.927Z","level":"DEBUG","tag":"service-server:WebSocketHandler","msg":"요청 수신됨 [object Object]"}
{"time":"2026-06-01T23:57:27.927Z","level":"DEBUG","tag":"service-server:WebSocketHandler","msg":"응답 전송됨 (크기: 40)"}
{"time":"2026-06-01T23:57:27.935Z","level":"DEBUG","tag":"service-server:WebSocketHandler","msg":"요청 수신됨 [object Object]"}
{"time":"2026-06-01T23:57:27.941Z","level":"DEBUG","tag":"mysql-db-conn","msg":"쿼리 실행 [object Object]"}
{"time":"2026-06-01T23:57:27.949Z","level":"DEBUG","tag":"service-server:WebSocketHandler","msg":"응답 전송됨 (크기: 2279)"}
{"time":"2026-06-01T23:57:27.956Z","level":"DEBUG","tag":"service-server:WebSocketHandler","msg":"요청 수신됨 [object Object]"}
{"time":"2026-06-01T23:57:27.957Z","level":"DEBUG","tag":"service-server:WebSocketHandler","msg":"응답 전송됨 (크기: 40)"}
{"time":"2026-06-01T23:57:27.964Z","level":"DEBUG","tag":"service-server:WebSocketHandler","msg":"요청 수신됨 [object Object]"}
{"time":"2026-06-01T23:57:27.964Z","level":"DEBUG","tag":"service-server:WebSocketHandler","msg":"응답 전송됨 (크기: 40)"}
{"time":"2026-06-01T23:57:27.970Z","level":"DEBUG","tag":"service-server:WebSocketHandler","msg":"요청 수신됨 [object Object]"}
{"time":"2026-06-01T23:57:27.970Z","level":"DEBUG","tag":"service-server:WebSocketHandler","msg":"응답 전송됨 (크기: 40)"}
{"time":"2026-06-01T23:57:27.976Z","level":"DEBUG","tag":"service-server:WebSocketHandler","msg":"요청 수신됨 [object Object]"}
{"time":"2026-06-01T23:57:27.976Z","level":"DEBUG","tag":"service-server:WebSocketHandler","msg":"응답 전송됨 (크기: 79)"}
{"time":"2026-06-01T23:57:27.982Z","level":"DEBUG","tag":"service-server:WebSocketHandler","msg":"요청 수신됨 [object Object]"}
{"time":"2026-06-01T23:57:27.985Z","level":"DEBUG","tag":"service-server:WebSocketHandler","msg":"응답 전송됨 (크기: 42)"}
{"time":"2026-06-01T23:57:27.992Z","level":"DEBUG","tag":"service-server:WebSocketHandler","msg":"요청 수신됨 [object Object]"}
{"time":"2026-06-01T23:57:27.992Z","level":"DEBUG","tag":"mysql-db-conn","msg":"쿼리 실행 [object Object]"}
{"time":"2026-06-01T23:57:27.994Z","level":"DEBUG","tag":"service-server:WebSocketHandler","msg":"응답 전송됨 (크기: 68)"}
{"time":"2026-06-01T23:57:28.000Z","level":"DEBUG","tag":"service-server:WebSocketHandler","msg":"요청 수신됨 [object Object]"}
{"time":"2026-06-01T23:57:28.001Z","level":"DEBUG","tag":"mysql-db-conn","msg":"쿼리 실행 [object Object]"}
{"time":"2026-06-01T23:57:28.002Z","level":"DEBUG","tag":"service-server:WebSocketHandler","msg":"응답 전송됨 (크기: 92)"}
{"time":"2026-06-01T23:57:28.009Z","level":"DEBUG","tag":"service-server:WebSocketHandler","msg":"요청 수신됨 [object Object]"}
{"time":"2026-06-01T23:57:28.009Z","level":"DEBUG","tag":"mysql-db-conn","msg":"쿼리 실행 [object Object]"}
{"time":"2026-06-01T23:57:28.012Z","level":"DEBUG","tag":"service-server:WebSocketHandler","msg":"응답 전송됨 (크기: 670)"}
{"time":"2026-06-01T23:57:28.019Z","level":"DEBUG","tag":"service-server:WebSocketHandler","msg":"요청 수신됨 [object Object]"}
{"time":"2026-06-01T23:57:28.019Z","level":"DEBUG","tag":"mysql-db-conn","msg":"쿼리 실행 [object Object]"}
{"time":"2026-06-01T23:57:28.022Z","level":"DEBUG","tag":"service-server:WebSocketHandler","msg":"응답 전송됨 (크기: 556)"}
{"time":"2026-06-01T23:57:28.029Z","level":"DEBUG","tag":"service-server:WebSocketHandler","msg":"요청 수신됨 [object Object]"}
{"time":"2026-06-01T23:57:28.029Z","level":"DEBUG","tag":"mysql-db-conn","msg":"쿼리 실행 [object Object]"}
{"time":"2026-06-01T23:57:38.031Z","level":"DEBUG","tag":"service-server:WebSocketHandler","msg":"응답 전송됨 (크기: 194)"}
{"time":"2026-06-01T23:57:38.040Z","level":"DEBUG","tag":"service-server:WebSocketHandler","msg":"요청 수신됨 [object Object]"}
{"time":"2026-06-01T23:57:38.040Z","level":"DEBUG","tag":"service-server:WebSocketHandler","msg":"응답 전송됨 (크기: 45)"}
{"time":"2026-06-01T23:57:38.048Z","level":"DEBUG","tag":"service-server:WebSocketHandler","msg":"요청 수신됨 [object Object]"}
{"time":"2026-06-01T23:57:38.048Z","level":"DEBUG","tag":"service-server:WebSocketHandler","msg":"응답 전송됨 (크기: 40)"}
{"time":"2026-06-01T23:57:42.524Z","level":"DEBUG","tag":"service-server:WebSocketHandler","msg":"요청 수신됨 [object Object]"}
{"time":"2026-06-01T23:57:42.532Z","level":"DEBUG","tag":"mysql-db-conn","msg":"쿼리 실행 [object Object]"}
{"time":"2026-06-01T23:57:42.540Z","level":"DEBUG","tag":"service-server:WebSocketHandler","msg":"응답 전송됨 (크기: 2279)"}
{"time":"2026-06-01T23:57:42.547Z","level":"DEBUG","tag":"service-server:WebSocketHandler","msg":"요청 수신됨 [object Object]"}
{"time":"2026-06-01T23:57:42.548Z","level":"DEBUG","tag":"service-server:WebSocketHandler","msg":"응답 전송됨 (크기: 40)"}
{"time":"2026-06-01T23:57:42.557Z","level":"DEBUG","tag":"service-server:WebSocketHandler","msg":"요청 수신됨 [object Object]"}
{"time":"2026-06-01T23:57:42.557Z","level":"DEBUG","tag":"service-server:WebSocketHandler","msg":"응답 전송됨 (크기: 40)"}
{"time":"2026-06-01T23:57:42.565Z","level":"DEBUG","tag":"service-server:WebSocketHandler","msg":"요청 수신됨 [object Object]"}
{"time":"2026-06-01T23:57:42.565Z","level":"DEBUG","tag":"service-server:WebSocketHandler","msg":"응답 전송됨 (크기: 40)"}
{"time":"2026-06-01T23:57:42.575Z","level":"DEBUG","tag":"service-server:WebSocketHandler","msg":"요청 수신됨 [object Object]"}
{"time":"2026-06-01T23:57:42.581Z","level":"DEBUG","tag":"mysql-db-conn","msg":"쿼리 실행 [object Object]"}
{"time":"2026-06-01T23:57:42.588Z","level":"DEBUG","tag":"service-server:WebSocketHandler","msg":"응답 전송됨 (크기: 2279)"}
{"time":"2026-06-01T23:57:42.595Z","level":"DEBUG","tag":"service-server:WebSocketHandler","msg":"요청 수신됨 [object Object]"}
{"time":"2026-06-01T23:57:42.596Z","level":"DEBUG","tag":"service-server:WebSocketHandler","msg":"응답 전송됨 (크기: 40)"}
{"time":"2026-06-01T23:57:42.603Z","level":"DEBUG","tag":"service-server:WebSocketHandler","msg":"요청 수신됨 [object Object]"}
{"time":"2026-06-01T23:57:42.604Z","level":"DEBUG","tag":"service-server:WebSocketHandler","msg":"응답 전송됨 (크기: 40)"}
{"time":"2026-06-01T23:57:42.612Z","level":"DEBUG","tag":"service-server:WebSocketHandler","msg":"요청 수신됨 [object Object]"}
{"time":"2026-06-01T23:57:42.612Z","level":"DEBUG","tag":"service-server:WebSocketHandler","msg":"응답 전송됨 (크기: 40)"}
{"time":"2026-06-01T23:57:42.620Z","level":"DEBUG","tag":"service-server:WebSocketHandler","msg":"요청 수신됨 [object Object]"}
{"time":"2026-06-01T23:57:42.620Z","level":"DEBUG","tag":"service-server:WebSocketHandler","msg":"응답 전송됨 (크기: 79)"}
{"time":"2026-06-01T23:57:42.628Z","level":"DEBUG","tag":"service-server:WebSocketHandler","msg":"요청 수신됨 [object Object]"}
{"time":"2026-06-01T23:57:42.631Z","level":"DEBUG","tag":"service-server:WebSocketHandler","msg":"응답 전송됨 (크기: 42)"}
{"time":"2026-06-01T23:57:42.640Z","level":"DEBUG","tag":"service-server:WebSocketHandler","msg":"요청 수신됨 [object Object]"}
{"time":"2026-06-01T23:57:42.640Z","level":"DEBUG","tag":"mysql-db-conn","msg":"쿼리 실행 [object Object]"}
{"time":"2026-06-01T23:57:42.641Z","level":"DEBUG","tag":"service-server:WebSocketHandler","msg":"응답 전송됨 (크기: 68)"}
{"time":"2026-06-01T23:57:42.648Z","level":"DEBUG","tag":"service-server:WebSocketHandler","msg":"요청 수신됨 [object Object]"}
{"time":"2026-06-01T23:57:42.648Z","level":"DEBUG","tag":"mysql-db-conn","msg":"쿼리 실행 [object Object]"}
{"time":"2026-06-01T23:57:42.649Z","level":"DEBUG","tag":"service-server:WebSocketHandler","msg":"응답 전송됨 (크기: 92)"}
{"time":"2026-06-01T23:57:42.656Z","level":"DEBUG","tag":"service-server:WebSocketHandler","msg":"요청 수신됨 [object Object]"}
{"time":"2026-06-01T23:57:42.656Z","level":"DEBUG","tag":"mysql-db-conn","msg":"쿼리 실행 [object Object]"}
{"time":"2026-06-01T23:57:42.658Z","level":"DEBUG","tag":"service-server:WebSocketHandler","msg":"응답 전송됨 (크기: 670)"}
{"time":"2026-06-01T23:57:42.664Z","level":"DEBUG","tag":"service-server:WebSocketHandler","msg":"요청 수신됨 [object Object]"}
{"time":"2026-06-01T23:57:42.665Z","level":"DEBUG","tag":"mysql-db-conn","msg":"쿼리 실행 [object Object]"}
{"time":"2026-06-01T23:57:42.667Z","level":"DEBUG","tag":"service-server:WebSocketHandler","msg":"응답 전송됨 (크기: 556)"}
{"time":"2026-06-01T23:57:42.677Z","level":"DEBUG","tag":"service-server:WebSocketHandler","msg":"요청 수신됨 [object Object]"}
{"time":"2026-06-01T23:57:42.677Z","level":"DEBUG","tag":"mysql-db-conn","msg":"쿼리 실행 [object Object]"}
{"time":"2026-06-01T23:57:52.826Z","level":"DEBUG","tag":"service-server:WebSocketHandler","msg":"응답 전송됨 (크기: 194)"}
{"time":"2026-06-01T23:57:52.835Z","level":"DEBUG","tag":"service-server:WebSocketHandler","msg":"요청 수신됨 [object Object]"}
{"time":"2026-06-01T23:57:52.835Z","level":"DEBUG","tag":"service-server:WebSocketHandler","msg":"응답 전송됨 (크기: 45)"}
{"time":"2026-06-01T23:57:52.843Z","level":"DEBUG","tag":"service-server:WebSocketHandler","msg":"요청 수신됨 [object Object]"}
{"time":"2026-06-01T23:57:52.843Z","level":"DEBUG","tag":"service-server:WebSocketHandler","msg":"응답 전송됨 (크기: 40)"}
{"time":"2026-06-01T23:57:55.602Z","level":"DEBUG","tag":"service-server:WebSocketHandler","msg":"요청 수신됨 [object Object]"}
{"time":"2026-06-01T23:57:55.609Z","level":"DEBUG","tag":"mysql-db-conn","msg":"쿼리 실행 [object Object]"}
{"time":"2026-06-01T23:57:55.617Z","level":"DEBUG","tag":"service-server:WebSocketHandler","msg":"응답 전송됨 (크기: 2279)"}
{"time":"2026-06-01T23:57:55.626Z","level":"DEBUG","tag":"service-server:WebSocketHandler","msg":"요청 수신됨 [object Object]"}
{"time":"2026-06-01T23:57:55.627Z","level":"DEBUG","tag":"service-server:WebSocketHandler","msg":"응답 전송됨 (크기: 40)"}
{"time":"2026-06-01T23:57:55.632Z","level":"DEBUG","tag":"service-server:WebSocketHandler","msg":"요청 수신됨 [object Object]"}
{"time":"2026-06-01T23:57:55.632Z","level":"DEBUG","tag":"service-server:WebSocketHandler","msg":"응답 전송됨 (크기: 40)"}
{"time":"2026-06-01T23:57:55.640Z","level":"DEBUG","tag":"service-server:WebSocketHandler","msg":"요청 수신됨 [object Object]"}
{"time":"2026-06-01T23:57:55.640Z","level":"DEBUG","tag":"service-server:WebSocketHandler","msg":"응답 전송됨 (크기: 40)"}
{"time":"2026-06-01T23:57:55.651Z","level":"DEBUG","tag":"service-server:WebSocketHandler","msg":"요청 수신됨 [object Object]"}
{"time":"2026-06-01T23:57:55.655Z","level":"DEBUG","tag":"mysql-db-conn","msg":"쿼리 실행 [object Object]"}
{"time":"2026-06-01T23:57:55.661Z","level":"DEBUG","tag":"service-server:WebSocketHandler","msg":"응답 전송됨 (크기: 2279)"}
{"time":"2026-06-01T23:57:55.669Z","level":"DEBUG","tag":"service-server:WebSocketHandler","msg":"요청 수신됨 [object Object]"}
{"time":"2026-06-01T23:57:55.670Z","level":"DEBUG","tag":"service-server:WebSocketHandler","msg":"응답 전송됨 (크기: 40)"}
{"time":"2026-06-01T23:57:55.675Z","level":"DEBUG","tag":"service-server:WebSocketHandler","msg":"요청 수신됨 [object Object]"}
{"time":"2026-06-01T23:57:55.675Z","level":"DEBUG","tag":"service-server:WebSocketHandler","msg":"응답 전송됨 (크기: 40)"}
{"time":"2026-06-01T23:57:55.681Z","level":"DEBUG","tag":"service-server:WebSocketHandler","msg":"요청 수신됨 [object Object]"}
{"time":"2026-06-01T23:57:55.681Z","level":"DEBUG","tag":"service-server:WebSocketHandler","msg":"응답 전송됨 (크기: 40)"}
{"time":"2026-06-01T23:57:55.689Z","level":"DEBUG","tag":"service-server:WebSocketHandler","msg":"요청 수신됨 [object Object]"}
{"time":"2026-06-01T23:57:55.690Z","level":"DEBUG","tag":"service-server:WebSocketHandler","msg":"응답 전송됨 (크기: 79)"}
{"time":"2026-06-01T23:57:55.697Z","level":"DEBUG","tag":"service-server:WebSocketHandler","msg":"요청 수신됨 [object Object]"}
{"time":"2026-06-01T23:57:55.701Z","level":"DEBUG","tag":"service-server:WebSocketHandler","msg":"응답 전송됨 (크기: 42)"}
{"time":"2026-06-01T23:57:55.708Z","level":"DEBUG","tag":"service-server:WebSocketHandler","msg":"요청 수신됨 [object Object]"}
{"time":"2026-06-01T23:57:55.708Z","level":"DEBUG","tag":"mysql-db-conn","msg":"쿼리 실행 [object Object]"}
{"time":"2026-06-01T23:57:55.710Z","level":"DEBUG","tag":"service-server:WebSocketHandler","msg":"응답 전송됨 (크기: 68)"}
{"time":"2026-06-01T23:57:55.718Z","level":"DEBUG","tag":"service-server:WebSocketHandler","msg":"요청 수신됨 [object Object]"}
{"time":"2026-06-01T23:57:55.718Z","level":"DEBUG","tag":"mysql-db-conn","msg":"쿼리 실행 [object Object]"}
{"time":"2026-06-01T23:57:55.719Z","level":"DEBUG","tag":"service-server:WebSocketHandler","msg":"응답 전송됨 (크기: 92)"}
{"time":"2026-06-01T23:57:55.726Z","level":"DEBUG","tag":"service-server:WebSocketHandler","msg":"요청 수신됨 [object Object]"}
{"time":"2026-06-01T23:57:55.726Z","level":"DEBUG","tag":"mysql-db-conn","msg":"쿼리 실행 [object Object]"}
{"time":"2026-06-01T23:57:55.729Z","level":"DEBUG","tag":"service-server:WebSocketHandler","msg":"응답 전송됨 (크기: 670)"}
{"time":"2026-06-01T23:57:55.736Z","level":"DEBUG","tag":"service-server:WebSocketHandler","msg":"요청 수신됨 [object Object]"}
{"time":"2026-06-01T23:57:55.736Z","level":"DEBUG","tag":"mysql-db-conn","msg":"쿼리 실행 [object Object]"}
{"time":"2026-06-01T23:57:55.739Z","level":"DEBUG","tag":"service-server:WebSocketHandler","msg":"응답 전송됨 (크기: 556)"}
{"time":"2026-06-01T23:57:55.746Z","level":"DEBUG","tag":"service-server:WebSocketHandler","msg":"요청 수신됨 [object Object]"}
{"time":"2026-06-01T23:57:55.746Z","level":"DEBUG","tag":"mysql-db-conn","msg":"쿼리 실행 [object Object]"}
{"time":"2026-06-01T23:58:05.832Z","level":"DEBUG","tag":"service-server:WebSocketHandler","msg":"응답 전송됨 (크기: 194)"}
{"time":"2026-06-01T23:58:05.834Z","level":"DEBUG","tag":"service-server:WebSocketHandler","msg":"클라이언트 연결 해제됨: (code: 1001)"}
{"time":"2026-06-01T23:58:05.834Z","level":"DEBUG","tag":"service-server:OrmService","msg":"소켓 종료 감지: 열린 모든 DB 연결을 정리합니다."}
{"time":"2026-06-01T23:58:15.508Z","level":"DEBUG","tag":"service-server:WebSocketHandler","msg":"클라이언트 연결됨 [object Object]"}
{"time":"2026-06-01T23:58:15.556Z","level":"DEBUG","tag":"service-server:WebSocketHandler","msg":"요청 수신됨 [object Object]"}
{"time":"2026-06-01T23:58:15.565Z","level":"DEBUG","tag":"mysql-db-conn","msg":"쿼리 실행 [object Object]"}
{"time":"2026-06-01T23:58:15.573Z","level":"DEBUG","tag":"service-server:WebSocketHandler","msg":"응답 전송됨 (크기: 2279)"}
{"time":"2026-06-01T23:58:15.582Z","level":"DEBUG","tag":"service-server:WebSocketHandler","msg":"요청 수신됨 [object Object]"}
{"time":"2026-06-01T23:58:15.583Z","level":"DEBUG","tag":"service-server:WebSocketHandler","msg":"응답 전송됨 (크기: 40)"}
{"time":"2026-06-01T23:58:15.590Z","level":"DEBUG","tag":"service-server:WebSocketHandler","msg":"요청 수신됨 [object Object]"}
{"time":"2026-06-01T23:58:15.591Z","level":"DEBUG","tag":"service-server:WebSocketHandler","msg":"응답 전송됨 (크기: 40)"}
{"time":"2026-06-01T23:58:15.598Z","level":"DEBUG","tag":"service-server:WebSocketHandler","msg":"요청 수신됨 [object Object]"}
{"time":"2026-06-01T23:58:15.599Z","level":"DEBUG","tag":"service-server:WebSocketHandler","msg":"응답 전송됨 (크기: 79)"}
{"time":"2026-06-01T23:58:15.607Z","level":"DEBUG","tag":"service-server:WebSocketHandler","msg":"요청 수신됨 [object Object]"}
{"time":"2026-06-01T23:58:15.610Z","level":"DEBUG","tag":"service-server:WebSocketHandler","msg":"응답 전송됨 (크기: 42)"}
{"time":"2026-06-01T23:58:15.617Z","level":"DEBUG","tag":"service-server:WebSocketHandler","msg":"요청 수신됨 [object Object]"}
{"time":"2026-06-01T23:58:15.617Z","level":"DEBUG","tag":"mysql-db-conn","msg":"쿼리 실행 [object Object]"}
{"time":"2026-06-01T23:58:15.619Z","level":"DEBUG","tag":"service-server:WebSocketHandler","msg":"응답 전송됨 (크기: 68)"}
{"time":"2026-06-01T23:58:15.627Z","level":"DEBUG","tag":"service-server:WebSocketHandler","msg":"요청 수신됨 [object Object]"}
{"time":"2026-06-01T23:58:15.627Z","level":"DEBUG","tag":"mysql-db-conn","msg":"쿼리 실행 [object Object]"}
{"time":"2026-06-01T23:58:15.628Z","level":"DEBUG","tag":"service-server:WebSocketHandler","msg":"응답 전송됨 (크기: 92)"}
{"time":"2026-06-01T23:58:15.635Z","level":"DEBUG","tag":"service-server:WebSocketHandler","msg":"요청 수신됨 [object Object]"}
{"time":"2026-06-01T23:58:15.635Z","level":"DEBUG","tag":"mysql-db-conn","msg":"쿼리 실행 [object Object]"}
{"time":"2026-06-01T23:58:15.639Z","level":"DEBUG","tag":"service-server:WebSocketHandler","msg":"응답 전송됨 (크기: 670)"}
{"time":"2026-06-01T23:58:15.645Z","level":"DEBUG","tag":"service-server:WebSocketHandler","msg":"요청 수신됨 [object Object]"}
{"time":"2026-06-01T23:58:15.648Z","level":"DEBUG","tag":"service-server:WebSocketHandler","msg":"응답 전송됨 (크기: 556)"}
{"time":"2026-06-01T23:58:15.655Z","level":"DEBUG","tag":"service-server:WebSocketHandler","msg":"요청 수신됨 [object Object]"}
{"time":"2026-06-01T23:58:15.635Z","level":"DEBUG","tag":"mysql-db-conn","msg":"쿼리 실행 [object Object]"}
{"time":"2026-06-01T23:58:15.656Z","level":"DEBUG","tag":"mysql-db-conn","msg":"쿼리 실행 [object Object]"}
{"time":"2026-06-01T23:58:28.214Z","level":"DEBUG","tag":"service-server:WebSocketHandler","msg":"응답 전송됨 (크기: 194)"}
{"time":"2026-06-01T23:58:28.223Z","level":"DEBUG","tag":"service-server:WebSocketHandler","msg":"클라이언트 연결 해제됨: (code: 1005)"}
{"time":"2026-06-01T23:58:28.224Z","level":"DEBUG","tag":"service-server:WebSocketHandler","msg":"요청 수신됨 [object Object]"}
{"time":"2026-06-01T23:58:28.224Z","level":"DEBUG","tag":"service-server:WebSocketHandler","msg":"응답 전송됨 (크기: 45)"}
{"time":"2026-06-01T23:58:28.232Z","level":"DEBUG","tag":"service-server:WebSocketHandler","msg":"요청 수신됨 [object Object]"}
{"time":"2026-06-01T23:58:28.232Z","level":"DEBUG","tag":"service-server:WebSocketHandler","msg":"응답 전송됨 (크기: 40)"}
{"time":"2026-06-01T23:59:02.945Z","level":"DEBUG","tag":"service-server:WebSocketHandler","msg":"클라이언트 연결 해제됨: (code: 1005)"}
{"time":"2026-06-01T23:59:16.014Z","level":"DEBUG","tag":"service-server:WebSocketHandler","msg":"클라이언트 연결됨 [object Object]"}
{"time":"2026-06-01T23:59:16.023Z","level":"DEBUG","tag":"service-server:WebSocketHandler","msg":"요청 수신됨 [object Object]"}
{"time":"2026-06-01T23:59:16.025Z","level":"DEBUG","tag":"service-server:WebSocketHandler","msg":"응답 전송됨 (크기: 123)"}
{"time":"2026-06-02T00:00:02.950Z","level":"DEBUG","tag":"service-server:WebSocketHandler","msg":"클라이언트 연결됨 [object Object]"}
{"time":"2026-06-02T00:00:02.955Z","level":"DEBUG","tag":"service-server:WebSocketHandler","msg":"요청 수신됨 [object Object]"}
{"time":"2026-06-02T00:00:02.957Z","level":"DEBUG","tag":"service-server:WebSocketHandler","msg":"응답 전송됨 (크기: 40)"}
{"time":"2026-06-02T00:00:02.961Z","level":"DEBUG","tag":"service-server:WebSocketHandler","msg":"요청 수신됨 [object Object]"}
{"time":"2026-06-02T00:00:02.961Z","level":"DEBUG","tag":"service-server:WebSocketHandler","msg":"응답 전송됨 (크기: 40)"}
{"time":"2026-06-02T00:00:38.092Z","level":"DEBUG","tag":"service-server:WebSocketHandler","msg":"요청 수신됨 [object Object]"}
{"time":"2026-06-02T00:00:38.103Z","level":"DEBUG","tag":"mysql-db-conn","msg":"쿼리 실행 [object Object]"}
{"time":"2026-06-02T00:00:38.115Z","level":"DEBUG","tag":"service-server:WebSocketHandler","msg":"응답 전송됨 (크기: 2279)"}
{"time":"2026-06-02T00:00:38.122Z","level":"DEBUG","tag":"service-server:WebSocketHandler","msg":"요청 수신됨 [object Object]"}
{"time":"2026-06-02T00:00:38.124Z","level":"DEBUG","tag":"service-server:WebSocketHandler","msg":"응답 전송됨 (크기: 40)"}
{"time":"2026-06-02T00:00:38.131Z","level":"DEBUG","tag":"service-server:WebSocketHandler","msg":"요청 수신됨 [object Object]"}
{"time":"2026-06-02T00:00:38.131Z","level":"DEBUG","tag":"service-server:WebSocketHandler","msg":"응답 전송됨 (크기: 40)"}
{"time":"2026-06-02T00:00:38.139Z","level":"DEBUG","tag":"service-server:WebSocketHandler","msg":"요청 수신됨 [object Object]"}
{"time":"2026-06-02T00:00:38.139Z","level":"DEBUG","tag":"service-server:WebSocketHandler","msg":"응답 전송됨 (크기: 40)"}
{"time":"2026-06-02T00:00:38.151Z","level":"DEBUG","tag":"service-server:WebSocketHandler","msg":"요청 수신됨 [object Object]"}
{"time":"2026-06-02T00:00:38.158Z","level":"DEBUG","tag":"mysql-db-conn","msg":"쿼리 실행 [object Object]"}
{"time":"2026-06-02T00:00:38.169Z","level":"DEBUG","tag":"service-server:WebSocketHandler","msg":"응답 전송됨 (크기: 2279)"}
{"time":"2026-06-02T00:00:38.176Z","level":"DEBUG","tag":"service-server:WebSocketHandler","msg":"요청 수신됨 [object Object]"}
{"time":"2026-06-02T00:00:38.177Z","level":"DEBUG","tag":"service-server:WebSocketHandler","msg":"응답 전송됨 (크기: 40)"}
{"time":"2026-06-02T00:00:38.185Z","level":"DEBUG","tag":"service-server:WebSocketHandler","msg":"요청 수신됨 [object Object]"}
{"time":"2026-06-02T00:00:38.186Z","level":"DEBUG","tag":"service-server:WebSocketHandler","msg":"응답 전송됨 (크기: 40)"}
{"time":"2026-06-02T00:00:38.194Z","level":"DEBUG","tag":"service-server:WebSocketHandler","msg":"요청 수신됨 [object Object]"}
{"time":"2026-06-02T00:00:38.194Z","level":"DEBUG","tag":"service-server:WebSocketHandler","msg":"응답 전송됨 (크기: 40)"}
{"time":"2026-06-02T00:00:38.202Z","level":"DEBUG","tag":"service-server:WebSocketHandler","msg":"요청 수신됨 [object Object]"}
{"time":"2026-06-02T00:00:38.202Z","level":"DEBUG","tag":"service-server:WebSocketHandler","msg":"응답 전송됨 (크기: 79)"}
{"time":"2026-06-02T00:00:38.210Z","level":"DEBUG","tag":"service-server:WebSocketHandler","msg":"요청 수신됨 [object Object]"}
{"time":"2026-06-02T00:00:38.215Z","level":"DEBUG","tag":"service-server:WebSocketHandler","msg":"응답 전송됨 (크기: 42)"}
{"time":"2026-06-02T00:00:38.222Z","level":"DEBUG","tag":"service-server:WebSocketHandler","msg":"요청 수신됨 [object Object]"}
{"time":"2026-06-02T00:00:38.222Z","level":"DEBUG","tag":"mysql-db-conn","msg":"쿼리 실행 [object Object]"}
{"time":"2026-06-02T00:00:38.225Z","level":"DEBUG","tag":"service-server:WebSocketHandler","msg":"응답 전송됨 (크기: 68)"}
{"time":"2026-06-02T00:00:38.232Z","level":"DEBUG","tag":"service-server:WebSocketHandler","msg":"요청 수신됨 [object Object]"}
{"time":"2026-06-02T00:00:38.233Z","level":"DEBUG","tag":"mysql-db-conn","msg":"쿼리 실행 [object Object]"}
{"time":"2026-06-02T00:00:38.234Z","level":"DEBUG","tag":"service-server:WebSocketHandler","msg":"응답 전송됨 (크기: 92)"}
{"time":"2026-06-02T00:00:38.243Z","level":"DEBUG","tag":"service-server:WebSocketHandler","msg":"요청 수신됨 [object Object]"}
{"time":"2026-06-02T00:00:38.243Z","level":"DEBUG","tag":"mysql-db-conn","msg":"쿼리 실행 [object Object]"}
{"time":"2026-06-02T00:00:38.246Z","level":"DEBUG","tag":"service-server:WebSocketHandler","msg":"응답 전송됨 (크기: 670)"}
{"time":"2026-06-02T00:00:38.253Z","level":"DEBUG","tag":"service-server:WebSocketHandler","msg":"요청 수신됨 [object Object]"}
{"time":"2026-06-02T00:00:38.253Z","level":"DEBUG","tag":"mysql-db-conn","msg":"쿼리 실행 [object Object]"}
{"time":"2026-06-02T00:00:38.256Z","level":"DEBUG","tag":"service-server:WebSocketHandler","msg":"응답 전송됨 (크기: 556)"}
{"time":"2026-06-02T00:00:38.263Z","level":"DEBUG","tag":"service-server:WebSocketHandler","msg":"요청 수신됨 [object Object]"}
{"time":"2026-06-02T00:00:38.263Z","level":"DEBUG","tag":"mysql-db-conn","msg":"쿼리 실행 [object Object]"}
{"time":"2026-06-02T00:00:49.023Z","level":"DEBUG","tag":"service-server:WebSocketHandler","msg":"응답 전송됨 (크기: 194)"}
{"time":"2026-06-02T00:00:49.031Z","level":"DEBUG","tag":"service-server:WebSocketHandler","msg":"요청 수신됨 [object Object]"}
{"time":"2026-06-02T00:00:49.032Z","level":"DEBUG","tag":"service-server:WebSocketHandler","msg":"응답 전송됨 (크기: 45)"}
{"time":"2026-06-02T00:00:49.039Z","level":"DEBUG","tag":"service-server:WebSocketHandler","msg":"요청 수신됨 [object Object]"}
{"time":"2026-06-02T00:00:49.040Z","level":"DEBUG","tag":"service-server:WebSocketHandler","msg":"응답 전송됨 (크기: 40)"}
{"time":"2026-06-02T00:01:15.989Z","level":"DEBUG","tag":"service-server:WebSocketHandler","msg":"클라이언트 연결 해제됨: (code: 1005)"}
{"time":"2026-06-02T00:01:40.749Z","level":"DEBUG","tag":"service-server:WebSocketHandler","msg":"요청 수신됨 [object Object]"}
{"time":"2026-06-02T00:01:40.761Z","level":"DEBUG","tag":"mysql-db-conn","msg":"쿼리 실행 [object Object]"}
{"time":"2026-06-02T00:01:40.767Z","level":"DEBUG","tag":"service-server:WebSocketHandler","msg":"응답 전송됨 (크기: 2279)"}
{"time":"2026-06-02T00:01:40.776Z","level":"DEBUG","tag":"service-server:WebSocketHandler","msg":"요청 수신됨 [object Object]"}
{"time":"2026-06-02T00:01:40.777Z","level":"DEBUG","tag":"service-server:WebSocketHandler","msg":"응답 전송됨 (크기: 40)"}
{"time":"2026-06-02T00:01:40.784Z","level":"DEBUG","tag":"service-server:WebSocketHandler","msg":"요청 수신됨 [object Object]"}
{"time":"2026-06-02T00:01:40.784Z","level":"DEBUG","tag":"service-server:WebSocketHandler","msg":"응답 전송됨 (크기: 40)"}
{"time":"2026-06-02T00:01:40.790Z","level":"DEBUG","tag":"service-server:WebSocketHandler","msg":"요청 수신됨 [object Object]"}
{"time":"2026-06-02T00:01:40.790Z","level":"DEBUG","tag":"service-server:WebSocketHandler","msg":"응답 전송됨 (크기: 40)"}
{"time":"2026-06-02T00:01:40.800Z","level":"DEBUG","tag":"service-server:WebSocketHandler","msg":"요청 수신됨 [object Object]"}
{"time":"2026-06-02T00:01:40.808Z","level":"DEBUG","tag":"mysql-db-conn","msg":"쿼리 실행 [object Object]"}
{"time":"2026-06-02T00:01:40.817Z","level":"DEBUG","tag":"service-server:WebSocketHandler","msg":"응답 전송됨 (크기: 2279)"}
{"time":"2026-06-02T00:01:40.824Z","level":"DEBUG","tag":"service-server:WebSocketHandler","msg":"요청 수신됨 [object Object]"}
{"time":"2026-06-02T00:01:40.826Z","level":"DEBUG","tag":"service-server:WebSocketHandler","msg":"응답 전송됨 (크기: 40)"}
{"time":"2026-06-02T00:01:40.834Z","level":"DEBUG","tag":"service-server:WebSocketHandler","msg":"요청 수신됨 [object Object]"}
{"time":"2026-06-02T00:01:40.835Z","level":"DEBUG","tag":"service-server:WebSocketHandler","msg":"응답 전송됨 (크기: 40)"}
{"time":"2026-06-02T00:01:40.842Z","level":"DEBUG","tag":"service-server:WebSocketHandler","msg":"요청 수신됨 [object Object]"}
{"time":"2026-06-02T00:01:40.843Z","level":"DEBUG","tag":"service-server:WebSocketHandler","msg":"응답 전송됨 (크기: 40)"}
{"time":"2026-06-02T00:01:40.851Z","level":"DEBUG","tag":"service-server:WebSocketHandler","msg":"요청 수신됨 [object Object]"}
{"time":"2026-06-02T00:01:40.851Z","level":"DEBUG","tag":"service-server:WebSocketHandler","msg":"응답 전송됨 (크기: 79)"}
{"time":"2026-06-02T00:01:40.859Z","level":"DEBUG","tag":"service-server:WebSocketHandler","msg":"요청 수신됨 [object Object]"}
{"time":"2026-06-02T00:01:40.863Z","level":"DEBUG","tag":"service-server:WebSocketHandler","msg":"응답 전송됨 (크기: 42)"}
{"time":"2026-06-02T00:01:40.871Z","level":"DEBUG","tag":"service-server:WebSocketHandler","msg":"요청 수신됨 [object Object]"}
{"time":"2026-06-02T00:01:40.871Z","level":"DEBUG","tag":"mysql-db-conn","msg":"쿼리 실행 [object Object]"}
{"time":"2026-06-02T00:01:40.874Z","level":"DEBUG","tag":"service-server:WebSocketHandler","msg":"응답 전송됨 (크기: 68)"}
{"time":"2026-06-02T00:01:40.881Z","level":"DEBUG","tag":"service-server:WebSocketHandler","msg":"요청 수신됨 [object Object]"}
{"time":"2026-06-02T00:01:40.881Z","level":"DEBUG","tag":"mysql-db-conn","msg":"쿼리 실행 [object Object]"}
{"time":"2026-06-02T00:01:40.883Z","level":"DEBUG","tag":"service-server:WebSocketHandler","msg":"응답 전송됨 (크기: 92)"}
{"time":"2026-06-02T00:01:40.891Z","level":"DEBUG","tag":"service-server:WebSocketHandler","msg":"요청 수신됨 [object Object]"}
{"time":"2026-06-02T00:01:40.892Z","level":"DEBUG","tag":"mysql-db-conn","msg":"쿼리 실행 [object Object]"}
{"time":"2026-06-02T00:01:40.895Z","level":"DEBUG","tag":"service-server:WebSocketHandler","msg":"응답 전송됨 (크기: 670)"}
{"time":"2026-06-02T00:01:40.904Z","level":"DEBUG","tag":"service-server:WebSocketHandler","msg":"요청 수신됨 [object Object]"}
{"time":"2026-06-02T00:01:40.904Z","level":"DEBUG","tag":"mysql-db-conn","msg":"쿼리 실행 [object Object]"}
{"time":"2026-06-02T00:01:40.907Z","level":"DEBUG","tag":"service-server:WebSocketHandler","msg":"응답 전송됨 (크기: 556)"}
{"time":"2026-06-02T00:01:40.916Z","level":"DEBUG","tag":"service-server:WebSocketHandler","msg":"요청 수신됨 [object Object]"}
{"time":"2026-06-02T00:01:40.916Z","level":"DEBUG","tag":"mysql-db-conn","msg":"쿼리 실행 [object Object]"}
{"time":"2026-06-02T00:01:51.876Z","level":"DEBUG","tag":"service-server:WebSocketHandler","msg":"응답 전송됨 (크기: 194)"}
{"time":"2026-06-02T00:01:51.883Z","level":"DEBUG","tag":"service-server:WebSocketHandler","msg":"요청 수신됨 [object Object]"}
{"time":"2026-06-02T00:01:51.883Z","level":"DEBUG","tag":"service-server:WebSocketHandler","msg":"응답 전송됨 (크기: 45)"}
{"time":"2026-06-02T00:01:51.891Z","level":"DEBUG","tag":"service-server:WebSocketHandler","msg":"요청 수신됨 [object Object]"}
{"time":"2026-06-02T00:01:51.891Z","level":"DEBUG","tag":"service-server:WebSocketHandler","msg":"응답 전송됨 (크기: 40)"}
{"time":"2026-06-02T00:02:02.946Z","level":"DEBUG","tag":"service-server:WebSocketHandler","msg":"클라이언트 연결 해제됨: (code: 1005)"}
{"time":"2026-06-02T00:02:16.009Z","level":"DEBUG","tag":"service-server:WebSocketHandler","msg":"클라이언트 연결됨 [object Object]"}
{"time":"2026-06-02T00:02:16.016Z","level":"DEBUG","tag":"service-server:WebSocketHandler","msg":"요청 수신됨 [object Object]"}
{"time":"2026-06-02T00:02:16.017Z","level":"DEBUG","tag":"service-server:WebSocketHandler","msg":"응답 전송됨 (크기: 123)"}
{"time":"2026-06-02T00:03:02.949Z","level":"DEBUG","tag":"service-server:WebSocketHandler","msg":"클라이언트 연결됨 [object Object]"}
{"time":"2026-06-02T00:03:02.954Z","level":"DEBUG","tag":"service-server:WebSocketHandler","msg":"요청 수신됨 [object Object]"}
{"time":"2026-06-02T00:03:02.954Z","level":"DEBUG","tag":"service-server:WebSocketHandler","msg":"응답 전송됨 (크기: 40)"}
{"time":"2026-06-02T00:03:02.958Z","level":"DEBUG","tag":"service-server:WebSocketHandler","msg":"요청 수신됨 [object Object]"}
{"time":"2026-06-02T00:03:02.958Z","level":"DEBUG","tag":"service-server:WebSocketHandler","msg":"응답 전송됨 (크기: 40)"}
{"time":"2026-06-02T00:03:20.254Z","level":"DEBUG","tag":"service-server:WebSocketHandler","msg":"요청 수신됨 [object Object]"}
{"time":"2026-06-02T00:03:20.265Z","level":"DEBUG","tag":"mysql-db-conn","msg":"쿼리 실행 [object Object]"}
{"time":"2026-06-02T00:03:20.277Z","level":"DEBUG","tag":"service-server:WebSocketHandler","msg":"응답 전송됨 (크기: 2279)"}
{"time":"2026-06-02T00:03:20.284Z","level":"DEBUG","tag":"service-server:WebSocketHandler","msg":"요청 수신됨 [object Object]"}
{"time":"2026-06-02T00:03:20.285Z","level":"DEBUG","tag":"service-server:WebSocketHandler","msg":"응답 전송됨 (크기: 40)"}
{"time":"2026-06-02T00:03:20.292Z","level":"DEBUG","tag":"service-server:WebSocketHandler","msg":"요청 수신됨 [object Object]"}
{"time":"2026-06-02T00:03:20.292Z","level":"DEBUG","tag":"service-server:WebSocketHandler","msg":"응답 전송됨 (크기: 40)"}
{"time":"2026-06-02T00:03:20.300Z","level":"DEBUG","tag":"service-server:WebSocketHandler","msg":"요청 수신됨 [object Object]"}
{"time":"2026-06-02T00:03:20.301Z","level":"DEBUG","tag":"service-server:WebSocketHandler","msg":"응답 전송됨 (크기: 40)"}
{"time":"2026-06-02T00:03:20.310Z","level":"DEBUG","tag":"service-server:WebSocketHandler","msg":"요청 수신됨 [object Object]"}
{"time":"2026-06-02T00:03:20.318Z","level":"DEBUG","tag":"mysql-db-conn","msg":"쿼리 실행 [object Object]"}
{"time":"2026-06-02T00:03:20.322Z","level":"DEBUG","tag":"service-server:WebSocketHandler","msg":"응답 전송됨 (크기: 2279)"}
{"time":"2026-06-02T00:03:20.329Z","level":"DEBUG","tag":"service-server:WebSocketHandler","msg":"요청 수신됨 [object Object]"}
{"time":"2026-06-02T00:03:20.329Z","level":"DEBUG","tag":"service-server:WebSocketHandler","msg":"응답 전송됨 (크기: 40)"}
{"time":"2026-06-02T00:03:20.337Z","level":"DEBUG","tag":"service-server:WebSocketHandler","msg":"요청 수신됨 [object Object]"}
{"time":"2026-06-02T00:03:20.337Z","level":"DEBUG","tag":"service-server:WebSocketHandler","msg":"응답 전송됨 (크기: 40)"}
{"time":"2026-06-02T00:03:20.345Z","level":"DEBUG","tag":"service-server:WebSocketHandler","msg":"요청 수신됨 [object Object]"}
{"time":"2026-06-02T00:03:20.345Z","level":"DEBUG","tag":"service-server:WebSocketHandler","msg":"응답 전송됨 (크기: 40)"}
{"time":"2026-06-02T00:03:20.353Z","level":"DEBUG","tag":"service-server:WebSocketHandler","msg":"요청 수신됨 [object Object]"}
{"time":"2026-06-02T00:03:20.353Z","level":"DEBUG","tag":"service-server:WebSocketHandler","msg":"응답 전송됨 (크기: 79)"}
{"time":"2026-06-02T00:03:20.359Z","level":"DEBUG","tag":"service-server:WebSocketHandler","msg":"요청 수신됨 [object Object]"}
{"time":"2026-06-02T00:03:20.362Z","level":"DEBUG","tag":"service-server:WebSocketHandler","msg":"응답 전송됨 (크기: 42)"}
{"time":"2026-06-02T00:03:20.369Z","level":"DEBUG","tag":"service-server:WebSocketHandler","msg":"요청 수신됨 [object Object]"}
{"time":"2026-06-02T00:03:20.370Z","level":"DEBUG","tag":"mysql-db-conn","msg":"쿼리 실행 [object Object]"}
{"time":"2026-06-02T00:03:20.372Z","level":"DEBUG","tag":"service-server:WebSocketHandler","msg":"응답 전송됨 (크기: 68)"}
{"time":"2026-06-02T00:03:20.380Z","level":"DEBUG","tag":"service-server:WebSocketHandler","msg":"요청 수신됨 [object Object]"}
{"time":"2026-06-02T00:03:20.380Z","level":"DEBUG","tag":"mysql-db-conn","msg":"쿼리 실행 [object Object]"}
{"time":"2026-06-02T00:03:20.381Z","level":"DEBUG","tag":"service-server:WebSocketHandler","msg":"응답 전송됨 (크기: 92)"}
{"time":"2026-06-02T00:03:20.390Z","level":"DEBUG","tag":"service-server:WebSocketHandler","msg":"요청 수신됨 [object Object]"}
{"time":"2026-06-02T00:03:20.390Z","level":"DEBUG","tag":"mysql-db-conn","msg":"쿼리 실행 [object Object]"}
{"time":"2026-06-02T00:03:20.394Z","level":"DEBUG","tag":"service-server:WebSocketHandler","msg":"응답 전송됨 (크기: 670)"}
{"time":"2026-06-02T00:03:20.402Z","level":"DEBUG","tag":"service-server:WebSocketHandler","msg":"요청 수신됨 [object Object]"}
{"time":"2026-06-02T00:03:20.402Z","level":"DEBUG","tag":"mysql-db-conn","msg":"쿼리 실행 [object Object]"}
{"time":"2026-06-02T00:03:20.406Z","level":"DEBUG","tag":"service-server:WebSocketHandler","msg":"응답 전송됨 (크기: 556)"}
{"time":"2026-06-02T00:03:20.414Z","level":"DEBUG","tag":"service-server:WebSocketHandler","msg":"요청 수신됨 [object Object]"}
{"time":"2026-06-02T00:03:20.415Z","level":"DEBUG","tag":"mysql-db-conn","msg":"쿼리 실행 [object Object]"}
{"time":"2026-06-02T00:03:31.233Z","level":"DEBUG","tag":"service-server:WebSocketHandler","msg":"응답 전송됨 (크기: 194)"}
{"time":"2026-06-02T00:03:31.243Z","level":"DEBUG","tag":"service-server:WebSocketHandler","msg":"요청 수신됨 [object Object]"}
{"time":"2026-06-02T00:03:31.243Z","level":"DEBUG","tag":"service-server:WebSocketHandler","msg":"응답 전송됨 (크기: 45)"}
{"time":"2026-06-02T00:03:31.251Z","level":"DEBUG","tag":"service-server:WebSocketHandler","msg":"요청 수신됨 [object Object]"}
{"time":"2026-06-02T00:03:31.251Z","level":"DEBUG","tag":"service-server:WebSocketHandler","msg":"응답 전송됨 (크기: 40)"}
{"time":"2026-06-02T00:03:42.885Z","level":"DEBUG","tag":"service-server:WebSocketHandler","msg":"요청 수신됨 [object Object]"}
{"time":"2026-06-02T00:03:42.894Z","level":"DEBUG","tag":"mysql-db-conn","msg":"쿼리 실행 [object Object]"}
{"time":"2026-06-02T00:03:42.904Z","level":"DEBUG","tag":"service-server:WebSocketHandler","msg":"응답 전송됨 (크기: 2279)"}
{"time":"2026-06-02T00:03:42.912Z","level":"DEBUG","tag":"service-server:WebSocketHandler","msg":"요청 수신됨 [object Object]"}
{"time":"2026-06-02T00:03:42.912Z","level":"DEBUG","tag":"service-server:WebSocketHandler","msg":"응답 전송됨 (크기: 40)"}
{"time":"2026-06-02T00:03:42.920Z","level":"DEBUG","tag":"service-server:WebSocketHandler","msg":"요청 수신됨 [object Object]"}
{"time":"2026-06-02T00:03:42.920Z","level":"DEBUG","tag":"service-server:WebSocketHandler","msg":"응답 전송됨 (크기: 40)"}
{"time":"2026-06-02T00:03:42.928Z","level":"DEBUG","tag":"service-server:WebSocketHandler","msg":"요청 수신됨 [object Object]"}
{"time":"2026-06-02T00:03:42.928Z","level":"DEBUG","tag":"service-server:WebSocketHandler","msg":"응답 전송됨 (크기: 40)"}
{"time":"2026-06-02T00:03:42.938Z","level":"DEBUG","tag":"service-server:WebSocketHandler","msg":"요청 수신됨 [object Object]"}
{"time":"2026-06-02T00:03:42.942Z","level":"DEBUG","tag":"mysql-db-conn","msg":"쿼리 실행 [object Object]"}
{"time":"2026-06-02T00:03:42.948Z","level":"DEBUG","tag":"service-server:WebSocketHandler","msg":"응답 전송됨 (크기: 2279)"}
{"time":"2026-06-02T00:03:42.955Z","level":"DEBUG","tag":"service-server:WebSocketHandler","msg":"요청 수신됨 [object Object]"}
{"time":"2026-06-02T00:03:42.956Z","level":"DEBUG","tag":"service-server:WebSocketHandler","msg":"응답 전송됨 (크기: 40)"}
{"time":"2026-06-02T00:03:42.963Z","level":"DEBUG","tag":"service-server:WebSocketHandler","msg":"요청 수신됨 [object Object]"}
{"time":"2026-06-02T00:03:42.963Z","level":"DEBUG","tag":"service-server:WebSocketHandler","msg":"응답 전송됨 (크기: 40)"}
{"time":"2026-06-02T00:03:42.971Z","level":"DEBUG","tag":"service-server:WebSocketHandler","msg":"요청 수신됨 [object Object]"}
{"time":"2026-06-02T00:03:42.971Z","level":"DEBUG","tag":"service-server:WebSocketHandler","msg":"응답 전송됨 (크기: 40)"}
{"time":"2026-06-02T00:03:42.979Z","level":"DEBUG","tag":"service-server:WebSocketHandler","msg":"요청 수신됨 [object Object]"}
{"time":"2026-06-02T00:03:42.979Z","level":"DEBUG","tag":"service-server:WebSocketHandler","msg":"응답 전송됨 (크기: 79)"}
{"time":"2026-06-02T00:03:42.987Z","level":"DEBUG","tag":"service-server:WebSocketHandler","msg":"요청 수신됨 [object Object]"}
{"time":"2026-06-02T00:03:42.992Z","level":"DEBUG","tag":"service-server:WebSocketHandler","msg":"응답 전송됨 (크기: 42)"}
{"time":"2026-06-02T00:03:42.997Z","level":"DEBUG","tag":"service-server:WebSocketHandler","msg":"요청 수신됨 [object Object]"}
{"time":"2026-06-02T00:03:42.998Z","level":"DEBUG","tag":"mysql-db-conn","msg":"쿼리 실행 [object Object]"}
{"time":"2026-06-02T00:03:43.000Z","level":"DEBUG","tag":"service-server:WebSocketHandler","msg":"응답 전송됨 (크기: 68)"}
{"time":"2026-06-02T00:03:43.007Z","level":"DEBUG","tag":"service-server:WebSocketHandler","msg":"요청 수신됨 [object Object]"}
{"time":"2026-06-02T00:03:43.008Z","level":"DEBUG","tag":"mysql-db-conn","msg":"쿼리 실행 [object Object]"}
{"time":"2026-06-02T00:03:43.009Z","level":"DEBUG","tag":"service-server:WebSocketHandler","msg":"응답 전송됨 (크기: 92)"}
{"time":"2026-06-02T00:03:43.016Z","level":"DEBUG","tag":"service-server:WebSocketHandler","msg":"요청 수신됨 [object Object]"}
{"time":"2026-06-02T00:03:43.016Z","level":"DEBUG","tag":"mysql-db-conn","msg":"쿼리 실행 [object Object]"}
{"time":"2026-06-02T00:03:43.019Z","level":"DEBUG","tag":"service-server:WebSocketHandler","msg":"응답 전송됨 (크기: 670)"}
{"time":"2026-06-02T00:03:43.028Z","level":"DEBUG","tag":"service-server:WebSocketHandler","msg":"요청 수신됨 [object Object]"}
{"time":"2026-06-02T00:03:43.028Z","level":"DEBUG","tag":"mysql-db-conn","msg":"쿼리 실행 [object Object]"}
{"time":"2026-06-02T00:03:43.031Z","level":"DEBUG","tag":"service-server:WebSocketHandler","msg":"응답 전송됨 (크기: 556)"}
{"time":"2026-06-02T00:03:43.040Z","level":"DEBUG","tag":"service-server:WebSocketHandler","msg":"요청 수신됨 [object Object]"}
{"time":"2026-06-02T00:03:43.040Z","level":"DEBUG","tag":"mysql-db-conn","msg":"쿼리 실행 [object Object]"}
{"time":"2026-06-02T00:03:52.655Z","level":"DEBUG","tag":"service-server:WebSocketHandler","msg":"응답 전송됨 (크기: 194)"}
{"time":"2026-06-02T00:03:52.662Z","level":"DEBUG","tag":"service-server:WebSocketHandler","msg":"요청 수신됨 [object Object]"}
{"time":"2026-06-02T00:03:52.662Z","level":"DEBUG","tag":"service-server:WebSocketHandler","msg":"응답 전송됨 (크기: 45)"}
{"time":"2026-06-02T00:03:52.670Z","level":"DEBUG","tag":"service-server:WebSocketHandler","msg":"요청 수신됨 [object Object]"}
{"time":"2026-06-02T00:03:52.671Z","level":"DEBUG","tag":"service-server:WebSocketHandler","msg":"응답 전송됨 (크기: 40)"}
{"time":"2026-06-02T00:03:56.260Z","level":"DEBUG","tag":"service-server:WebSocketHandler","msg":"요청 수신됨 [object Object]"}
{"time":"2026-06-02T00:03:56.268Z","level":"DEBUG","tag":"mysql-db-conn","msg":"쿼리 실행 [object Object]"}
{"time":"2026-06-02T00:03:56.276Z","level":"DEBUG","tag":"service-server:WebSocketHandler","msg":"응답 전송됨 (크기: 2279)"}
{"time":"2026-06-02T00:03:56.284Z","level":"DEBUG","tag":"service-server:WebSocketHandler","msg":"요청 수신됨 [object Object]"}
{"time":"2026-06-02T00:03:56.284Z","level":"DEBUG","tag":"service-server:WebSocketHandler","msg":"응답 전송됨 (크기: 40)"}
{"time":"2026-06-02T00:03:56.292Z","level":"DEBUG","tag":"service-server:WebSocketHandler","msg":"요청 수신됨 [object Object]"}
{"time":"2026-06-02T00:03:56.292Z","level":"DEBUG","tag":"service-server:WebSocketHandler","msg":"응답 전송됨 (크기: 40)"}
{"time":"2026-06-02T00:03:56.300Z","level":"DEBUG","tag":"service-server:WebSocketHandler","msg":"요청 수신됨 [object Object]"}
{"time":"2026-06-02T00:03:56.300Z","level":"DEBUG","tag":"service-server:WebSocketHandler","msg":"응답 전송됨 (크기: 40)"}
{"time":"2026-06-02T00:03:56.310Z","level":"DEBUG","tag":"service-server:WebSocketHandler","msg":"요청 수신됨 [object Object]"}
{"time":"2026-06-02T00:03:56.315Z","level":"DEBUG","tag":"mysql-db-conn","msg":"쿼리 실행 [object Object]"}
{"time":"2026-06-02T00:03:56.321Z","level":"DEBUG","tag":"service-server:WebSocketHandler","msg":"응답 전송됨 (크기: 2279)"}
{"time":"2026-06-02T00:03:56.329Z","level":"DEBUG","tag":"service-server:WebSocketHandler","msg":"요청 수신됨 [object Object]"}
{"time":"2026-06-02T00:03:56.330Z","level":"DEBUG","tag":"service-server:WebSocketHandler","msg":"응답 전송됨 (크기: 40)"}
{"time":"2026-06-02T00:03:56.337Z","level":"DEBUG","tag":"service-server:WebSocketHandler","msg":"요청 수신됨 [object Object]"}
{"time":"2026-06-02T00:03:56.337Z","level":"DEBUG","tag":"service-server:WebSocketHandler","msg":"응답 전송됨 (크기: 40)"}
{"time":"2026-06-02T00:03:56.345Z","level":"DEBUG","tag":"service-server:WebSocketHandler","msg":"요청 수신됨 [object Object]"}
{"time":"2026-06-02T00:03:56.345Z","level":"DEBUG","tag":"service-server:WebSocketHandler","msg":"응답 전송됨 (크기: 40)"}
{"time":"2026-06-02T00:03:56.353Z","level":"DEBUG","tag":"service-server:WebSocketHandler","msg":"요청 수신됨 [object Object]"}
{"time":"2026-06-02T00:03:56.354Z","level":"DEBUG","tag":"service-server:WebSocketHandler","msg":"응답 전송됨 (크기: 79)"}
{"time":"2026-06-02T00:03:56.361Z","level":"DEBUG","tag":"service-server:WebSocketHandler","msg":"요청 수신됨 [object Object]"}
{"time":"2026-06-02T00:03:56.366Z","level":"DEBUG","tag":"service-server:WebSocketHandler","msg":"응답 전송됨 (크기: 42)"}
{"time":"2026-06-02T00:03:56.373Z","level":"DEBUG","tag":"service-server:WebSocketHandler","msg":"요청 수신됨 [object Object]"}
{"time":"2026-06-02T00:03:56.374Z","level":"DEBUG","tag":"mysql-db-conn","msg":"쿼리 실행 [object Object]"}
{"time":"2026-06-02T00:03:56.376Z","level":"DEBUG","tag":"service-server:WebSocketHandler","msg":"응답 전송됨 (크기: 68)"}
{"time":"2026-06-02T00:03:56.384Z","level":"DEBUG","tag":"service-server:WebSocketHandler","msg":"요청 수신됨 [object Object]"}
{"time":"2026-06-02T00:03:56.384Z","level":"DEBUG","tag":"mysql-db-conn","msg":"쿼리 실행 [object Object]"}
{"time":"2026-06-02T00:03:56.385Z","level":"DEBUG","tag":"service-server:WebSocketHandler","msg":"응답 전송됨 (크기: 92)"}
{"time":"2026-06-02T00:03:56.394Z","level":"DEBUG","tag":"service-server:WebSocketHandler","msg":"요청 수신됨 [object Object]"}
{"time":"2026-06-02T00:03:56.394Z","level":"DEBUG","tag":"mysql-db-conn","msg":"쿼리 실행 [object Object]"}
{"time":"2026-06-02T00:03:56.397Z","level":"DEBUG","tag":"service-server:WebSocketHandler","msg":"응답 전송됨 (크기: 670)"}
{"time":"2026-06-02T00:03:56.406Z","level":"DEBUG","tag":"service-server:WebSocketHandler","msg":"요청 수신됨 [object Object]"}
{"time":"2026-06-02T00:03:56.409Z","level":"DEBUG","tag":"service-server:WebSocketHandler","msg":"응답 전송됨 (크기: 556)"}
{"time":"2026-06-02T00:03:56.418Z","level":"DEBUG","tag":"service-server:WebSocketHandler","msg":"요청 수신됨 [object Object]"}
{"time":"2026-06-02T00:03:56.394Z","level":"DEBUG","tag":"mysql-db-conn","msg":"쿼리 실행 [object Object]"}
{"time":"2026-06-02T00:03:56.418Z","level":"DEBUG","tag":"mysql-db-conn","msg":"쿼리 실행 [object Object]"}
{"time":"2026-06-02T00:04:05.880Z","level":"DEBUG","tag":"service-server:WebSocketHandler","msg":"응답 전송됨 (크기: 194)"}
{"time":"2026-06-02T00:04:05.888Z","level":"DEBUG","tag":"service-server:WebSocketHandler","msg":"요청 수신됨 [object Object]"}
{"time":"2026-06-02T00:04:05.888Z","level":"DEBUG","tag":"service-server:WebSocketHandler","msg":"응답 전송됨 (크기: 45)"}
{"time":"2026-06-02T00:04:05.896Z","level":"DEBUG","tag":"service-server:WebSocketHandler","msg":"요청 수신됨 [object Object]"}
{"time":"2026-06-02T00:04:05.896Z","level":"DEBUG","tag":"service-server:WebSocketHandler","msg":"응답 전송됨 (크기: 40)"}
{"time":"2026-06-02T00:04:13.032Z","level":"DEBUG","tag":"service-server:WebSocketHandler","msg":"요청 수신됨 [object Object]"}
{"time":"2026-06-02T00:04:13.040Z","level":"DEBUG","tag":"mysql-db-conn","msg":"쿼리 실행 [object Object]"}
{"time":"2026-06-02T00:04:13.044Z","level":"DEBUG","tag":"service-server:WebSocketHandler","msg":"응답 전송됨 (크기: 2279)"}
{"time":"2026-06-02T00:04:13.052Z","level":"DEBUG","tag":"service-server:WebSocketHandler","msg":"요청 수신됨 [object Object]"}
{"time":"2026-06-02T00:04:13.053Z","level":"DEBUG","tag":"service-server:WebSocketHandler","msg":"응답 전송됨 (크기: 40)"}
{"time":"2026-06-02T00:04:13.060Z","level":"DEBUG","tag":"service-server:WebSocketHandler","msg":"요청 수신됨 [object Object]"}
{"time":"2026-06-02T00:04:13.060Z","level":"DEBUG","tag":"service-server:WebSocketHandler","msg":"응답 전송됨 (크기: 40)"}
{"time":"2026-06-02T00:04:13.068Z","level":"DEBUG","tag":"service-server:WebSocketHandler","msg":"요청 수신됨 [object Object]"}
{"time":"2026-06-02T00:04:13.069Z","level":"DEBUG","tag":"service-server:WebSocketHandler","msg":"응답 전송됨 (크기: 40)"}
{"time":"2026-06-02T00:04:13.079Z","level":"DEBUG","tag":"service-server:WebSocketHandler","msg":"요청 수신됨 [object Object]"}
{"time":"2026-06-02T00:04:13.084Z","level":"DEBUG","tag":"mysql-db-conn","msg":"쿼리 실행 [object Object]"}
{"time":"2026-06-02T00:04:13.091Z","level":"DEBUG","tag":"service-server:WebSocketHandler","msg":"응답 전송됨 (크기: 2279)"}
{"time":"2026-06-02T00:04:13.097Z","level":"DEBUG","tag":"service-server:WebSocketHandler","msg":"요청 수신됨 [object Object]"}
{"time":"2026-06-02T00:04:13.098Z","level":"DEBUG","tag":"service-server:WebSocketHandler","msg":"응답 전송됨 (크기: 40)"}
{"time":"2026-06-02T00:04:13.105Z","level":"DEBUG","tag":"service-server:WebSocketHandler","msg":"요청 수신됨 [object Object]"}
{"time":"2026-06-02T00:04:13.105Z","level":"DEBUG","tag":"service-server:WebSocketHandler","msg":"응답 전송됨 (크기: 40)"}
{"time":"2026-06-02T00:04:13.113Z","level":"DEBUG","tag":"service-server:WebSocketHandler","msg":"요청 수신됨 [object Object]"}
{"time":"2026-06-02T00:04:13.113Z","level":"DEBUG","tag":"service-server:WebSocketHandler","msg":"응답 전송됨 (크기: 40)"}
{"time":"2026-06-02T00:04:13.121Z","level":"DEBUG","tag":"service-server:WebSocketHandler","msg":"요청 수신됨 [object Object]"}
{"time":"2026-06-02T00:04:13.121Z","level":"DEBUG","tag":"service-server:WebSocketHandler","msg":"응답 전송됨 (크기: 79)"}
{"time":"2026-06-02T00:04:13.129Z","level":"DEBUG","tag":"service-server:WebSocketHandler","msg":"요청 수신됨 [object Object]"}
{"time":"2026-06-02T00:04:13.130Z","level":"DEBUG","tag":"service-server:WebSocketHandler","msg":"응답 전송됨 (크기: 42)"}
{"time":"2026-06-02T00:04:13.137Z","level":"DEBUG","tag":"service-server:WebSocketHandler","msg":"요청 수신됨 [object Object]"}
{"time":"2026-06-02T00:04:13.138Z","level":"DEBUG","tag":"mysql-db-conn","msg":"쿼리 실행 [object Object]"}
{"time":"2026-06-02T00:04:13.138Z","level":"DEBUG","tag":"service-server:WebSocketHandler","msg":"응답 전송됨 (크기: 68)"}
{"time":"2026-06-02T00:04:13.146Z","level":"DEBUG","tag":"service-server:WebSocketHandler","msg":"요청 수신됨 [object Object]"}
{"time":"2026-06-02T00:04:13.146Z","level":"DEBUG","tag":"mysql-db-conn","msg":"쿼리 실행 [object Object]"}
{"time":"2026-06-02T00:04:13.146Z","level":"DEBUG","tag":"service-server:WebSocketHandler","msg":"응답 전송됨 (크기: 92)"}
{"time":"2026-06-02T00:04:13.152Z","level":"DEBUG","tag":"service-server:WebSocketHandler","msg":"요청 수신됨 [object Object]"}
{"time":"2026-06-02T00:04:13.152Z","level":"DEBUG","tag":"mysql-db-conn","msg":"쿼리 실행 [object Object]"}
{"time":"2026-06-02T00:04:13.153Z","level":"DEBUG","tag":"service-server:WebSocketHandler","msg":"응답 전송됨 (크기: 670)"}
{"time":"2026-06-02T00:04:13.160Z","level":"DEBUG","tag":"service-server:WebSocketHandler","msg":"요청 수신됨 [object Object]"}
{"time":"2026-06-02T00:04:13.160Z","level":"DEBUG","tag":"mysql-db-conn","msg":"쿼리 실행 [object Object]"}
{"time":"2026-06-02T00:04:13.161Z","level":"DEBUG","tag":"service-server:WebSocketHandler","msg":"응답 전송됨 (크기: 556)"}
{"time":"2026-06-02T00:04:13.168Z","level":"DEBUG","tag":"service-server:WebSocketHandler","msg":"요청 수신됨 [object Object]"}
{"time":"2026-06-02T00:04:13.168Z","level":"DEBUG","tag":"mysql-db-conn","msg":"쿼리 실행 [object Object]"}
{"time":"2026-06-02T00:04:22.839Z","level":"DEBUG","tag":"service-server:WebSocketHandler","msg":"응답 전송됨 (크기: 194)"}
{"time":"2026-06-02T00:04:22.847Z","level":"DEBUG","tag":"service-server:WebSocketHandler","msg":"클라이언트 연결 해제됨: (code: 1005)"}
{"time":"2026-06-02T00:04:22.848Z","level":"DEBUG","tag":"service-server:WebSocketHandler","msg":"요청 수신됨 [object Object]"}
{"time":"2026-06-02T00:04:22.849Z","level":"DEBUG","tag":"service-server:WebSocketHandler","msg":"응답 전송됨 (크기: 45)"}
{"time":"2026-06-02T00:04:22.856Z","level":"DEBUG","tag":"service-server:WebSocketHandler","msg":"요청 수신됨 [object Object]"}
{"time":"2026-06-02T00:04:22.856Z","level":"DEBUG","tag":"service-server:WebSocketHandler","msg":"응답 전송됨 (크기: 40)"}
{"time":"2026-06-02T00:04:25.849Z","level":"DEBUG","tag":"service-server:WebSocketHandler","msg":"요청 수신됨 [object Object]"}
{"time":"2026-06-02T00:04:25.858Z","level":"DEBUG","tag":"mysql-db-conn","msg":"쿼리 실행 [object Object]"}
{"time":"2026-06-02T00:04:25.863Z","level":"DEBUG","tag":"service-server:WebSocketHandler","msg":"응답 전송됨 (크기: 2279)"}
{"time":"2026-06-02T00:04:25.870Z","level":"DEBUG","tag":"service-server:WebSocketHandler","msg":"요청 수신됨 [object Object]"}
{"time":"2026-06-02T00:04:25.870Z","level":"DEBUG","tag":"service-server:WebSocketHandler","msg":"응답 전송됨 (크기: 40)"}
{"time":"2026-06-02T00:04:25.878Z","level":"DEBUG","tag":"service-server:WebSocketHandler","msg":"요청 수신됨 [object Object]"}
{"time":"2026-06-02T00:04:25.878Z","level":"DEBUG","tag":"service-server:WebSocketHandler","msg":"응답 전송됨 (크기: 40)"}
{"time":"2026-06-02T00:04:25.886Z","level":"DEBUG","tag":"service-server:WebSocketHandler","msg":"요청 수신됨 [object Object]"}
{"time":"2026-06-02T00:04:25.886Z","level":"DEBUG","tag":"service-server:WebSocketHandler","msg":"응답 전송됨 (크기: 40)"}
{"time":"2026-06-02T00:04:25.896Z","level":"DEBUG","tag":"service-server:WebSocketHandler","msg":"요청 수신됨 [object Object]"}
{"time":"2026-06-02T00:04:25.901Z","level":"DEBUG","tag":"mysql-db-conn","msg":"쿼리 실행 [object Object]"}
{"time":"2026-06-02T00:04:25.909Z","level":"DEBUG","tag":"service-server:WebSocketHandler","msg":"응답 전송됨 (크기: 2279)"}
{"time":"2026-06-02T00:04:25.917Z","level":"DEBUG","tag":"service-server:WebSocketHandler","msg":"요청 수신됨 [object Object]"}
{"time":"2026-06-02T00:04:25.918Z","level":"DEBUG","tag":"service-server:WebSocketHandler","msg":"응답 전송됨 (크기: 40)"}
{"time":"2026-06-02T00:04:25.927Z","level":"DEBUG","tag":"service-server:WebSocketHandler","msg":"요청 수신됨 [object Object]"}
{"time":"2026-06-02T00:04:25.927Z","level":"DEBUG","tag":"service-server:WebSocketHandler","msg":"응답 전송됨 (크기: 40)"}
{"time":"2026-06-02T00:04:25.933Z","level":"DEBUG","tag":"service-server:WebSocketHandler","msg":"요청 수신됨 [object Object]"}
{"time":"2026-06-02T00:04:25.933Z","level":"DEBUG","tag":"service-server:WebSocketHandler","msg":"응답 전송됨 (크기: 40)"}
{"time":"2026-06-02T00:04:25.941Z","level":"DEBUG","tag":"service-server:WebSocketHandler","msg":"요청 수신됨 [object Object]"}
{"time":"2026-06-02T00:04:25.941Z","level":"DEBUG","tag":"service-server:WebSocketHandler","msg":"응답 전송됨 (크기: 79)"}
{"time":"2026-06-02T00:04:25.951Z","level":"DEBUG","tag":"service-server:WebSocketHandler","msg":"요청 수신됨 [object Object]"}
{"time":"2026-06-02T00:04:25.955Z","level":"DEBUG","tag":"service-server:WebSocketHandler","msg":"응답 전송됨 (크기: 42)"}
{"time":"2026-06-02T00:04:25.963Z","level":"DEBUG","tag":"service-server:WebSocketHandler","msg":"요청 수신됨 [object Object]"}
{"time":"2026-06-02T00:04:25.963Z","level":"DEBUG","tag":"mysql-db-conn","msg":"쿼리 실행 [object Object]"}
{"time":"2026-06-02T00:04:25.964Z","level":"DEBUG","tag":"service-server:WebSocketHandler","msg":"응답 전송됨 (크기: 68)"}
{"time":"2026-06-02T00:04:25.971Z","level":"DEBUG","tag":"service-server:WebSocketHandler","msg":"요청 수신됨 [object Object]"}
{"time":"2026-06-02T00:04:25.971Z","level":"DEBUG","tag":"mysql-db-conn","msg":"쿼리 실행 [object Object]"}
{"time":"2026-06-02T00:04:25.972Z","level":"DEBUG","tag":"service-server:WebSocketHandler","msg":"응답 전송됨 (크기: 92)"}
{"time":"2026-06-02T00:04:25.979Z","level":"DEBUG","tag":"service-server:WebSocketHandler","msg":"요청 수신됨 [object Object]"}
{"time":"2026-06-02T00:04:25.979Z","level":"DEBUG","tag":"mysql-db-conn","msg":"쿼리 실행 [object Object]"}
{"time":"2026-06-02T00:04:25.981Z","level":"DEBUG","tag":"service-server:WebSocketHandler","msg":"응답 전송됨 (크기: 670)"}
{"time":"2026-06-02T00:04:25.990Z","level":"DEBUG","tag":"service-server:WebSocketHandler","msg":"요청 수신됨 [object Object]"}
{"time":"2026-06-02T00:04:25.990Z","level":"DEBUG","tag":"mysql-db-conn","msg":"쿼리 실행 [object Object]"}
{"time":"2026-06-02T00:04:25.992Z","level":"DEBUG","tag":"service-server:WebSocketHandler","msg":"응답 전송됨 (크기: 556)"}
{"time":"2026-06-02T00:04:26.000Z","level":"DEBUG","tag":"service-server:WebSocketHandler","msg":"요청 수신됨 [object Object]"}
{"time":"2026-06-02T00:04:26.000Z","level":"DEBUG","tag":"mysql-db-conn","msg":"쿼리 실행 [object Object]"}
{"time":"2026-06-02T00:04:35.525Z","level":"DEBUG","tag":"service-server:WebSocketHandler","msg":"응답 전송됨 (크기: 194)"}
{"time":"2026-06-02T00:04:35.535Z","level":"DEBUG","tag":"service-server:WebSocketHandler","msg":"요청 수신됨 [object Object]"}
{"time":"2026-06-02T00:04:35.535Z","level":"DEBUG","tag":"service-server:WebSocketHandler","msg":"응답 전송됨 (크기: 45)"}
{"time":"2026-06-02T00:04:35.543Z","level":"DEBUG","tag":"service-server:WebSocketHandler","msg":"요청 수신됨 [object Object]"}
{"time":"2026-06-02T00:04:35.543Z","level":"DEBUG","tag":"service-server:WebSocketHandler","msg":"응답 전송됨 (크기: 40)"}
{"time":"2026-06-02T00:04:38.081Z","level":"DEBUG","tag":"service-server:WebSocketHandler","msg":"요청 수신됨 [object Object]"}
{"time":"2026-06-02T00:04:38.088Z","level":"DEBUG","tag":"mysql-db-conn","msg":"쿼리 실행 [object Object]"}
{"time":"2026-06-02T00:04:38.096Z","level":"DEBUG","tag":"service-server:WebSocketHandler","msg":"응답 전송됨 (크기: 2279)"}
{"time":"2026-06-02T00:04:38.103Z","level":"DEBUG","tag":"service-server:WebSocketHandler","msg":"요청 수신됨 [object Object]"}
{"time":"2026-06-02T00:04:38.104Z","level":"DEBUG","tag":"service-server:WebSocketHandler","msg":"응답 전송됨 (크기: 40)"}
{"time":"2026-06-02T00:04:38.111Z","level":"DEBUG","tag":"service-server:WebSocketHandler","msg":"요청 수신됨 [object Object]"}
{"time":"2026-06-02T00:04:38.112Z","level":"DEBUG","tag":"service-server:WebSocketHandler","msg":"응답 전송됨 (크기: 40)"}
{"time":"2026-06-02T00:04:38.120Z","level":"DEBUG","tag":"service-server:WebSocketHandler","msg":"요청 수신됨 [object Object]"}
{"time":"2026-06-02T00:04:38.120Z","level":"DEBUG","tag":"service-server:WebSocketHandler","msg":"응답 전송됨 (크기: 40)"}
{"time":"2026-06-02T00:04:38.130Z","level":"DEBUG","tag":"service-server:WebSocketHandler","msg":"요청 수신됨 [object Object]"}
{"time":"2026-06-02T00:04:38.135Z","level":"DEBUG","tag":"mysql-db-conn","msg":"쿼리 실행 [object Object]"}
{"time":"2026-06-02T00:04:38.142Z","level":"DEBUG","tag":"service-server:WebSocketHandler","msg":"응답 전송됨 (크기: 2279)"}
{"time":"2026-06-02T00:04:38.150Z","level":"DEBUG","tag":"service-server:WebSocketHandler","msg":"요청 수신됨 [object Object]"}
{"time":"2026-06-02T00:04:38.151Z","level":"DEBUG","tag":"service-server:WebSocketHandler","msg":"응답 전송됨 (크기: 40)"}
{"time":"2026-06-02T00:04:38.158Z","level":"DEBUG","tag":"service-server:WebSocketHandler","msg":"요청 수신됨 [object Object]"}
{"time":"2026-06-02T00:04:38.159Z","level":"DEBUG","tag":"service-server:WebSocketHandler","msg":"응답 전송됨 (크기: 40)"}
{"time":"2026-06-02T00:04:38.166Z","level":"DEBUG","tag":"service-server:WebSocketHandler","msg":"요청 수신됨 [object Object]"}
{"time":"2026-06-02T00:04:38.167Z","level":"DEBUG","tag":"service-server:WebSocketHandler","msg":"응답 전송됨 (크기: 40)"}
{"time":"2026-06-02T00:04:38.172Z","level":"DEBUG","tag":"service-server:WebSocketHandler","msg":"요청 수신됨 [object Object]"}
{"time":"2026-06-02T00:04:38.173Z","level":"DEBUG","tag":"service-server:WebSocketHandler","msg":"응답 전송됨 (크기: 79)"}
{"time":"2026-06-02T00:04:38.181Z","level":"DEBUG","tag":"service-server:WebSocketHandler","msg":"요청 수신됨 [object Object]"}
{"time":"2026-06-02T00:04:38.184Z","level":"DEBUG","tag":"service-server:WebSocketHandler","msg":"응답 전송됨 (크기: 42)"}
{"time":"2026-06-02T00:04:38.191Z","level":"DEBUG","tag":"service-server:WebSocketHandler","msg":"요청 수신됨 [object Object]"}
{"time":"2026-06-02T00:04:38.191Z","level":"DEBUG","tag":"mysql-db-conn","msg":"쿼리 실행 [object Object]"}
{"time":"2026-06-02T00:04:38.193Z","level":"DEBUG","tag":"service-server:WebSocketHandler","msg":"응답 전송됨 (크기: 68)"}
{"time":"2026-06-02T00:04:38.201Z","level":"DEBUG","tag":"service-server:WebSocketHandler","msg":"요청 수신됨 [object Object]"}
{"time":"2026-06-02T00:04:38.201Z","level":"DEBUG","tag":"mysql-db-conn","msg":"쿼리 실행 [object Object]"}
{"time":"2026-06-02T00:04:38.202Z","level":"DEBUG","tag":"service-server:WebSocketHandler","msg":"응답 전송됨 (크기: 92)"}
{"time":"2026-06-02T00:04:38.211Z","level":"DEBUG","tag":"service-server:WebSocketHandler","msg":"요청 수신됨 [object Object]"}
{"time":"2026-06-02T00:04:38.212Z","level":"DEBUG","tag":"mysql-db-conn","msg":"쿼리 실행 [object Object]"}
{"time":"2026-06-02T00:04:38.215Z","level":"DEBUG","tag":"service-server:WebSocketHandler","msg":"응답 전송됨 (크기: 670)"}
{"time":"2026-06-02T00:04:38.223Z","level":"DEBUG","tag":"service-server:WebSocketHandler","msg":"요청 수신됨 [object Object]"}
{"time":"2026-06-02T00:04:38.224Z","level":"DEBUG","tag":"mysql-db-conn","msg":"쿼리 실행 [object Object]"}
{"time":"2026-06-02T00:04:38.227Z","level":"DEBUG","tag":"service-server:WebSocketHandler","msg":"응답 전송됨 (크기: 556)"}
{"time":"2026-06-02T00:04:38.236Z","level":"DEBUG","tag":"service-server:WebSocketHandler","msg":"요청 수신됨 [object Object]"}
{"time":"2026-06-02T00:04:38.236Z","level":"DEBUG","tag":"mysql-db-conn","msg":"쿼리 실행 [object Object]"}
{"time":"2026-06-02T00:04:48.699Z","level":"DEBUG","tag":"service-server:WebSocketHandler","msg":"응답 전송됨 (크기: 194)"}
{"time":"2026-06-02T00:04:48.708Z","level":"DEBUG","tag":"service-server:WebSocketHandler","msg":"요청 수신됨 [object Object]"}
{"time":"2026-06-02T00:04:48.708Z","level":"DEBUG","tag":"service-server:WebSocketHandler","msg":"응답 전송됨 (크기: 45)"}
{"time":"2026-06-02T00:04:48.716Z","level":"DEBUG","tag":"service-server:WebSocketHandler","msg":"요청 수신됨 [object Object]"}
{"time":"2026-06-02T00:04:48.716Z","level":"DEBUG","tag":"service-server:WebSocketHandler","msg":"응답 전송됨 (크기: 40)"}
{"time":"2026-06-02T00:04:51.517Z","level":"DEBUG","tag":"service-server:WebSocketHandler","msg":"요청 수신됨 [object Object]"}
{"time":"2026-06-02T00:04:51.524Z","level":"DEBUG","tag":"mysql-db-conn","msg":"쿼리 실행 [object Object]"}
{"time":"2026-06-02T00:04:51.531Z","level":"DEBUG","tag":"service-server:WebSocketHandler","msg":"응답 전송됨 (크기: 2279)"}
{"time":"2026-06-02T00:04:51.539Z","level":"DEBUG","tag":"service-server:WebSocketHandler","msg":"요청 수신됨 [object Object]"}
{"time":"2026-06-02T00:04:51.540Z","level":"DEBUG","tag":"service-server:WebSocketHandler","msg":"응답 전송됨 (크기: 40)"}
{"time":"2026-06-02T00:04:51.547Z","level":"DEBUG","tag":"service-server:WebSocketHandler","msg":"요청 수신됨 [object Object]"}
{"time":"2026-06-02T00:04:51.547Z","level":"DEBUG","tag":"service-server:WebSocketHandler","msg":"응답 전송됨 (크기: 40)"}
{"time":"2026-06-02T00:04:51.553Z","level":"DEBUG","tag":"service-server:WebSocketHandler","msg":"요청 수신됨 [object Object]"}
{"time":"2026-06-02T00:04:51.554Z","level":"DEBUG","tag":"service-server:WebSocketHandler","msg":"응답 전송됨 (크기: 40)"}
{"time":"2026-06-02T00:04:51.564Z","level":"DEBUG","tag":"service-server:WebSocketHandler","msg":"요청 수신됨 [object Object]"}
{"time":"2026-06-02T00:04:51.569Z","level":"DEBUG","tag":"mysql-db-conn","msg":"쿼리 실행 [object Object]"}
{"time":"2026-06-02T00:04:51.576Z","level":"DEBUG","tag":"service-server:WebSocketHandler","msg":"응답 전송됨 (크기: 2279)"}
{"time":"2026-06-02T00:04:51.584Z","level":"DEBUG","tag":"service-server:WebSocketHandler","msg":"요청 수신됨 [object Object]"}
{"time":"2026-06-02T00:04:51.585Z","level":"DEBUG","tag":"service-server:WebSocketHandler","msg":"응답 전송됨 (크기: 40)"}
{"time":"2026-06-02T00:04:51.594Z","level":"DEBUG","tag":"service-server:WebSocketHandler","msg":"요청 수신됨 [object Object]"}
{"time":"2026-06-02T00:04:51.594Z","level":"DEBUG","tag":"service-server:WebSocketHandler","msg":"응답 전송됨 (크기: 40)"}
{"time":"2026-06-02T00:04:51.602Z","level":"DEBUG","tag":"service-server:WebSocketHandler","msg":"요청 수신됨 [object Object]"}
{"time":"2026-06-02T00:04:51.602Z","level":"DEBUG","tag":"service-server:WebSocketHandler","msg":"응답 전송됨 (크기: 40)"}
{"time":"2026-06-02T00:04:51.608Z","level":"DEBUG","tag":"service-server:WebSocketHandler","msg":"요청 수신됨 [object Object]"}
{"time":"2026-06-02T00:04:51.609Z","level":"DEBUG","tag":"service-server:WebSocketHandler","msg":"응답 전송됨 (크기: 79)"}
{"time":"2026-06-02T00:04:51.617Z","level":"DEBUG","tag":"service-server:WebSocketHandler","msg":"요청 수신됨 [object Object]"}
{"time":"2026-06-02T00:04:51.620Z","level":"DEBUG","tag":"service-server:WebSocketHandler","msg":"응답 전송됨 (크기: 42)"}
{"time":"2026-06-02T00:04:51.628Z","level":"DEBUG","tag":"service-server:WebSocketHandler","msg":"요청 수신됨 [object Object]"}
{"time":"2026-06-02T00:04:51.629Z","level":"DEBUG","tag":"mysql-db-conn","msg":"쿼리 실행 [object Object]"}
{"time":"2026-06-02T00:04:51.630Z","level":"DEBUG","tag":"service-server:WebSocketHandler","msg":"응답 전송됨 (크기: 68)"}
{"time":"2026-06-02T00:04:51.637Z","level":"DEBUG","tag":"service-server:WebSocketHandler","msg":"요청 수신됨 [object Object]"}
{"time":"2026-06-02T00:04:51.637Z","level":"DEBUG","tag":"mysql-db-conn","msg":"쿼리 실행 [object Object]"}
{"time":"2026-06-02T00:04:51.638Z","level":"DEBUG","tag":"service-server:WebSocketHandler","msg":"응답 전송됨 (크기: 92)"}
{"time":"2026-06-02T00:04:51.647Z","level":"DEBUG","tag":"service-server:WebSocketHandler","msg":"요청 수신됨 [object Object]"}
{"time":"2026-06-02T00:04:51.647Z","level":"DEBUG","tag":"mysql-db-conn","msg":"쿼리 실행 [object Object]"}
{"time":"2026-06-02T00:04:51.650Z","level":"DEBUG","tag":"service-server:WebSocketHandler","msg":"응답 전송됨 (크기: 670)"}
{"time":"2026-06-02T00:04:51.657Z","level":"DEBUG","tag":"service-server:WebSocketHandler","msg":"요청 수신됨 [object Object]"}
{"time":"2026-06-02T00:04:51.657Z","level":"DEBUG","tag":"mysql-db-conn","msg":"쿼리 실행 [object Object]"}
{"time":"2026-06-02T00:04:51.660Z","level":"DEBUG","tag":"service-server:WebSocketHandler","msg":"응답 전송됨 (크기: 556)"}
{"time":"2026-06-02T00:04:51.669Z","level":"DEBUG","tag":"service-server:WebSocketHandler","msg":"요청 수신됨 [object Object]"}
{"time":"2026-06-02T00:04:51.669Z","level":"DEBUG","tag":"mysql-db-conn","msg":"쿼리 실행 [object Object]"}
{"time":"2026-06-02T00:05:03.741Z","level":"DEBUG","tag":"service-server:WebSocketHandler","msg":"응답 전송됨 (크기: 194)"}
{"time":"2026-06-02T00:05:03.746Z","level":"DEBUG","tag":"service-server:WebSocketHandler","msg":"클라이언트 연결 해제됨: (code: 1005)"}
{"time":"2026-06-02T00:05:03.750Z","level":"DEBUG","tag":"service-server:WebSocketHandler","msg":"요청 수신됨 [object Object]"}
{"time":"2026-06-02T00:05:03.750Z","level":"DEBUG","tag":"service-server:WebSocketHandler","msg":"응답 전송됨 (크기: 45)"}
{"time":"2026-06-02T00:05:03.758Z","level":"DEBUG","tag":"service-server:WebSocketHandler","msg":"요청 수신됨 [object Object]"}
{"time":"2026-06-02T00:05:03.758Z","level":"DEBUG","tag":"service-server:WebSocketHandler","msg":"응답 전송됨 (크기: 40)"}
{"time":"2026-06-02T00:05:15.996Z","level":"DEBUG","tag":"service-server:WebSocketHandler","msg":"클라이언트 연결됨 [object Object]"}
{"time":"2026-06-02T00:05:16.005Z","level":"DEBUG","tag":"service-server:WebSocketHandler","msg":"요청 수신됨 [object Object]"}
{"time":"2026-06-02T00:05:16.007Z","level":"DEBUG","tag":"service-server:WebSocketHandler","msg":"응답 전송됨 (크기: 123)"}
{"time":"2026-06-02T00:05:21.759Z","level":"DEBUG","tag":"service-server:WebSocketHandler","msg":"요청 수신됨 [object Object]"}
{"time":"2026-06-02T00:05:21.766Z","level":"DEBUG","tag":"mysql-db-conn","msg":"쿼리 실행 [object Object]"}
{"time":"2026-06-02T00:05:21.774Z","level":"DEBUG","tag":"service-server:WebSocketHandler","msg":"응답 전송됨 (크기: 2279)"}
{"time":"2026-06-02T00:05:21.783Z","level":"DEBUG","tag":"service-server:WebSocketHandler","msg":"요청 수신됨 [object Object]"}
{"time":"2026-06-02T00:05:21.784Z","level":"DEBUG","tag":"service-server:WebSocketHandler","msg":"응답 전송됨 (크기: 40)"}
{"time":"2026-06-02T00:05:21.791Z","level":"DEBUG","tag":"service-server:WebSocketHandler","msg":"요청 수신됨 [object Object]"}
{"time":"2026-06-02T00:05:21.791Z","level":"DEBUG","tag":"service-server:WebSocketHandler","msg":"응답 전송됨 (크기: 40)"}
{"time":"2026-06-02T00:05:21.799Z","level":"DEBUG","tag":"service-server:WebSocketHandler","msg":"요청 수신됨 [object Object]"}
{"time":"2026-06-02T00:05:21.800Z","level":"DEBUG","tag":"service-server:WebSocketHandler","msg":"응답 전송됨 (크기: 40)"}
{"time":"2026-06-02T00:05:21.809Z","level":"DEBUG","tag":"service-server:WebSocketHandler","msg":"요청 수신됨 [object Object]"}
{"time":"2026-06-02T00:05:21.812Z","level":"DEBUG","tag":"mysql-db-conn","msg":"쿼리 실행 [object Object]"}
{"time":"2026-06-02T00:05:21.815Z","level":"DEBUG","tag":"service-server:WebSocketHandler","msg":"응답 전송됨 (크기: 2279)"}
{"time":"2026-06-02T00:05:21.822Z","level":"DEBUG","tag":"service-server:WebSocketHandler","msg":"요청 수신됨 [object Object]"}
{"time":"2026-06-02T00:05:21.823Z","level":"DEBUG","tag":"service-server:WebSocketHandler","msg":"응답 전송됨 (크기: 40)"}
{"time":"2026-06-02T00:05:21.830Z","level":"DEBUG","tag":"service-server:WebSocketHandler","msg":"요청 수신됨 [object Object]"}
{"time":"2026-06-02T00:05:21.830Z","level":"DEBUG","tag":"service-server:WebSocketHandler","msg":"응답 전송됨 (크기: 40)"}
{"time":"2026-06-02T00:05:21.838Z","level":"DEBUG","tag":"service-server:WebSocketHandler","msg":"요청 수신됨 [object Object]"}
{"time":"2026-06-02T00:05:21.838Z","level":"DEBUG","tag":"service-server:WebSocketHandler","msg":"응답 전송됨 (크기: 40)"}
{"time":"2026-06-02T00:05:21.846Z","level":"DEBUG","tag":"service-server:WebSocketHandler","msg":"요청 수신됨 [object Object]"}
{"time":"2026-06-02T00:05:21.846Z","level":"DEBUG","tag":"service-server:WebSocketHandler","msg":"응답 전송됨 (크기: 79)"}
{"time":"2026-06-02T00:05:21.854Z","level":"DEBUG","tag":"service-server:WebSocketHandler","msg":"요청 수신됨 [object Object]"}
{"time":"2026-06-02T00:05:21.857Z","level":"DEBUG","tag":"service-server:WebSocketHandler","msg":"응답 전송됨 (크기: 42)"}
{"time":"2026-06-02T00:05:21.864Z","level":"DEBUG","tag":"service-server:WebSocketHandler","msg":"요청 수신됨 [object Object]"}
{"time":"2026-06-02T00:05:21.865Z","level":"DEBUG","tag":"mysql-db-conn","msg":"쿼리 실행 [object Object]"}
{"time":"2026-06-02T00:05:21.866Z","level":"DEBUG","tag":"service-server:WebSocketHandler","msg":"응답 전송됨 (크기: 68)"}
{"time":"2026-06-02T00:05:21.872Z","level":"DEBUG","tag":"service-server:WebSocketHandler","msg":"요청 수신됨 [object Object]"}
{"time":"2026-06-02T00:05:21.873Z","level":"DEBUG","tag":"mysql-db-conn","msg":"쿼리 실행 [object Object]"}
{"time":"2026-06-02T00:05:21.874Z","level":"DEBUG","tag":"service-server:WebSocketHandler","msg":"응답 전송됨 (크기: 92)"}
{"time":"2026-06-02T00:05:21.881Z","level":"DEBUG","tag":"service-server:WebSocketHandler","msg":"요청 수신됨 [object Object]"}
{"time":"2026-06-02T00:05:21.881Z","level":"DEBUG","tag":"mysql-db-conn","msg":"쿼리 실행 [object Object]"}
{"time":"2026-06-02T00:05:21.884Z","level":"DEBUG","tag":"service-server:WebSocketHandler","msg":"응답 전송됨 (크기: 670)"}
{"time":"2026-06-02T00:05:21.891Z","level":"DEBUG","tag":"service-server:WebSocketHandler","msg":"요청 수신됨 [object Object]"}
{"time":"2026-06-02T00:05:21.894Z","level":"DEBUG","tag":"service-server:WebSocketHandler","msg":"응답 전송됨 (크기: 556)"}
{"time":"2026-06-02T00:05:21.903Z","level":"DEBUG","tag":"service-server:WebSocketHandler","msg":"요청 수신됨 [object Object]"}
{"time":"2026-06-02T00:05:21.881Z","level":"DEBUG","tag":"mysql-db-conn","msg":"쿼리 실행 [object Object]"}
{"time":"2026-06-02T00:05:21.903Z","level":"DEBUG","tag":"mysql-db-conn","msg":"쿼리 실행 [object Object]"}
{"time":"2026-06-02T00:05:32.540Z","level":"DEBUG","tag":"service-server:WebSocketHandler","msg":"응답 전송됨 (크기: 194)"}
{"time":"2026-06-02T00:05:32.548Z","level":"DEBUG","tag":"service-server:WebSocketHandler","msg":"요청 수신됨 [object Object]"}
{"time":"2026-06-02T00:05:32.548Z","level":"DEBUG","tag":"service-server:WebSocketHandler","msg":"응답 전송됨 (크기: 45)"}
{"time":"2026-06-02T00:05:32.556Z","level":"DEBUG","tag":"service-server:WebSocketHandler","msg":"요청 수신됨 [object Object]"}
{"time":"2026-06-02T00:05:32.556Z","level":"DEBUG","tag":"service-server:WebSocketHandler","msg":"응답 전송됨 (크기: 40)"}
{"time":"2026-06-02T00:06:02.958Z","level":"DEBUG","tag":"service-server:WebSocketHandler","msg":"클라이언트 연결됨 [object Object]"}
{"time":"2026-06-02T00:06:02.963Z","level":"DEBUG","tag":"service-server:WebSocketHandler","msg":"요청 수신됨 [object Object]"}
{"time":"2026-06-02T00:06:02.965Z","level":"DEBUG","tag":"service-server:WebSocketHandler","msg":"응답 전송됨 (크기: 40)"}
{"time":"2026-06-02T00:06:02.969Z","level":"DEBUG","tag":"service-server:WebSocketHandler","msg":"요청 수신됨 [object Object]"}
{"time":"2026-06-02T00:06:02.969Z","level":"DEBUG","tag":"service-server:WebSocketHandler","msg":"응답 전송됨 (크기: 40)"}
{"time":"2026-06-02T00:06:03.651Z","level":"DEBUG","tag":"service-server:WebSocketHandler","msg":"클라이언트 연결 해제됨: (code: 1001)"}
{"time":"2026-06-02T00:06:20.491Z","level":"DEBUG","tag":"service-server:WebSocketHandler","msg":"클라이언트 연결됨 [object Object]"}
{"time":"2026-06-02T00:06:20.523Z","level":"DEBUG","tag":"service-server:WebSocketHandler","msg":"요청 수신됨 [object Object]"}
{"time":"2026-06-02T00:06:20.525Z","level":"DEBUG","tag":"service-server:WebSocketHandler","msg":"응답 전송됨 (크기: 123)"}
{"time":"2026-06-02T00:06:20.533Z","level":"DEBUG","tag":"service-server:WebSocketHandler","msg":"요청 수신됨 [object Object]"}
{"time":"2026-06-02T00:06:20.535Z","level":"DEBUG","tag":"service-server:WebSocketHandler","msg":"응답 전송됨 (크기: 123)"}
{"time":"2026-06-02T00:06:22.104Z","level":"DEBUG","tag":"service-server:WebSocketHandler","msg":"요청 수신됨 [object Object]"}
{"time":"2026-06-02T00:06:22.115Z","level":"DEBUG","tag":"mysql-db-conn","msg":"쿼리 실행 [object Object]"}
{"time":"2026-06-02T00:06:22.124Z","level":"DEBUG","tag":"service-server:WebSocketHandler","msg":"응답 전송됨 (크기: 3668)"}
{"time":"2026-06-02T00:06:22.143Z","level":"DEBUG","tag":"service-server:WebSocketHandler","msg":"요청 수신됨 [object Object]"}
{"time":"2026-06-02T00:06:22.144Z","level":"DEBUG","tag":"service-server:WebSocketHandler","msg":"응답 전송됨 (크기: 40)"}
{"time":"2026-06-02T00:06:22.162Z","level":"DEBUG","tag":"service-server:WebSocketHandler","msg":"요청 수신됨 [object Object]"}
{"time":"2026-06-02T00:06:22.162Z","level":"DEBUG","tag":"service-server:WebSocketHandler","msg":"응답 전송됨 (크기: 40)"}
{"time":"2026-06-02T00:06:22.202Z","level":"DEBUG","tag":"service-server:WebSocketHandler","msg":"요청 수신됨 [object Object]"}
{"time":"2026-06-02T00:06:22.209Z","level":"DEBUG","tag":"mysql-db-conn","msg":"쿼리 실행 [object Object]"}
{"time":"2026-06-02T00:06:22.224Z","level":"DEBUG","tag":"service-server:WebSocketHandler","msg":"응답 전송됨 (크기: 3668)"}
{"time":"2026-06-02T00:06:22.242Z","level":"DEBUG","tag":"service-server:WebSocketHandler","msg":"요청 수신됨 [object Object]"}
{"time":"2026-06-02T00:06:22.242Z","level":"DEBUG","tag":"service-server:WebSocketHandler","msg":"응답 전송됨 (크기: 40)"}
{"time":"2026-06-02T00:06:22.254Z","level":"DEBUG","tag":"service-server:WebSocketHandler","msg":"요청 수신됨 [object Object]"}
{"time":"2026-06-02T00:06:22.254Z","level":"DEBUG","tag":"service-server:WebSocketHandler","msg":"응답 전송됨 (크기: 40)"}
{"time":"2026-06-02T00:06:22.270Z","level":"DEBUG","tag":"service-server:WebSocketHandler","msg":"요청 수신됨 [object Object]"}
{"time":"2026-06-02T00:06:22.271Z","level":"DEBUG","tag":"service-server:WebSocketHandler","msg":"응답 전송됨 (크기: 40)"}
{"time":"2026-06-02T00:06:22.287Z","level":"DEBUG","tag":"service-server:WebSocketHandler","msg":"요청 수신됨 [object Object]"}
{"time":"2026-06-02T00:06:22.287Z","level":"DEBUG","tag":"service-server:WebSocketHandler","msg":"응답 전송됨 (크기: 79)"}
{"time":"2026-06-02T00:06:22.305Z","level":"DEBUG","tag":"service-server:WebSocketHandler","msg":"요청 수신됨 [object Object]"}
{"time":"2026-06-02T00:06:22.311Z","level":"DEBUG","tag":"service-server:WebSocketHandler","msg":"응답 전송됨 (크기: 42)"}
{"time":"2026-06-02T00:06:22.328Z","level":"DEBUG","tag":"service-server:WebSocketHandler","msg":"요청 수신됨 [object Object]"}
{"time":"2026-06-02T00:06:22.328Z","level":"DEBUG","tag":"mysql-db-conn","msg":"쿼리 실행 [object Object]"}
{"time":"2026-06-02T00:06:22.330Z","level":"DEBUG","tag":"service-server:WebSocketHandler","msg":"응답 전송됨 (크기: 68)"}
{"time":"2026-06-02T00:06:22.348Z","level":"DEBUG","tag":"service-server:WebSocketHandler","msg":"요청 수신됨 [object Object]"}
{"time":"2026-06-02T00:06:22.348Z","level":"DEBUG","tag":"mysql-db-conn","msg":"쿼리 실행 [object Object]"}
{"time":"2026-06-02T00:06:22.349Z","level":"DEBUG","tag":"service-server:WebSocketHandler","msg":"응답 전송됨 (크기: 92)"}
{"time":"2026-06-02T00:06:22.366Z","level":"DEBUG","tag":"service-server:WebSocketHandler","msg":"요청 수신됨 [object Object]"}
{"time":"2026-06-02T00:06:22.366Z","level":"DEBUG","tag":"mysql-db-conn","msg":"쿼리 실행 [object Object]"}
{"time":"2026-06-02T00:06:22.370Z","level":"DEBUG","tag":"service-server:WebSocketHandler","msg":"응답 전송됨 (크기: 670)"}
{"time":"2026-06-02T00:06:22.378Z","level":"DEBUG","tag":"service-server:WebSocketHandler","msg":"요청 수신됨 [object Object]"}
{"time":"2026-06-02T00:06:22.379Z","level":"DEBUG","tag":"mysql-db-conn","msg":"쿼리 실행 [object Object]"}
{"time":"2026-06-02T00:06:22.382Z","level":"DEBUG","tag":"service-server:WebSocketHandler","msg":"응답 전송됨 (크기: 556)"}
{"time":"2026-06-02T00:06:22.390Z","level":"DEBUG","tag":"service-server:WebSocketHandler","msg":"요청 수신됨 [object Object]"}
{"time":"2026-06-02T00:06:22.391Z","level":"DEBUG","tag":"mysql-db-conn","msg":"쿼리 실행 [object Object]"}
{"time":"2026-06-02T00:06:32.607Z","level":"DEBUG","tag":"service-server:WebSocketHandler","msg":"응답 전송됨 (크기: 194)"}
{"time":"2026-06-02T00:06:32.614Z","level":"DEBUG","tag":"service-server:WebSocketHandler","msg":"요청 수신됨 [object Object]"}
{"time":"2026-06-02T00:06:32.614Z","level":"DEBUG","tag":"service-server:WebSocketHandler","msg":"응답 전송됨 (크기: 45)"}
{"time":"2026-06-02T00:06:32.620Z","level":"DEBUG","tag":"service-server:WebSocketHandler","msg":"요청 수신됨 [object Object]"}
{"time":"2026-06-02T00:06:32.620Z","level":"DEBUG","tag":"service-server:WebSocketHandler","msg":"응답 전송됨 (크기: 40)"}
{"time":"2026-06-02T00:06:35.475Z","level":"DEBUG","tag":"service-server:WebSocketHandler","msg":"요청 수신됨 [object Object]"}
{"time":"2026-06-02T00:06:35.484Z","level":"DEBUG","tag":"mysql-db-conn","msg":"쿼리 실행 [object Object]"}
{"time":"2026-06-02T00:06:35.494Z","level":"DEBUG","tag":"service-server:WebSocketHandler","msg":"응답 전송됨 (크기: 3668)"}
{"time":"2026-06-02T00:06:35.502Z","level":"DEBUG","tag":"service-server:WebSocketHandler","msg":"요청 수신됨 [object Object]"}
{"time":"2026-06-02T00:06:35.502Z","level":"DEBUG","tag":"service-server:WebSocketHandler","msg":"응답 전송됨 (크기: 40)"}
{"time":"2026-06-02T00:06:35.508Z","level":"DEBUG","tag":"service-server:WebSocketHandler","msg":"요청 수신됨 [object Object]"}
{"time":"2026-06-02T00:06:35.508Z","level":"DEBUG","tag":"service-server:WebSocketHandler","msg":"응답 전송됨 (크기: 40)"}
{"time":"2026-06-02T00:06:35.514Z","level":"DEBUG","tag":"service-server:WebSocketHandler","msg":"요청 수신됨 [object Object]"}
{"time":"2026-06-02T00:06:35.514Z","level":"DEBUG","tag":"service-server:WebSocketHandler","msg":"응답 전송됨 (크기: 40)"}
{"time":"2026-06-02T00:06:35.522Z","level":"DEBUG","tag":"service-server:WebSocketHandler","msg":"요청 수신됨 [object Object]"}
{"time":"2026-06-02T00:06:35.525Z","level":"DEBUG","tag":"mysql-db-conn","msg":"쿼리 실행 [object Object]"}
{"time":"2026-06-02T00:06:35.534Z","level":"DEBUG","tag":"service-server:WebSocketHandler","msg":"응답 전송됨 (크기: 3668)"}
{"time":"2026-06-02T00:06:35.551Z","level":"DEBUG","tag":"service-server:WebSocketHandler","msg":"요청 수신됨 [object Object]"}
{"time":"2026-06-02T00:06:35.552Z","level":"DEBUG","tag":"service-server:WebSocketHandler","msg":"응답 전송됨 (크기: 40)"}
{"time":"2026-06-02T00:06:35.559Z","level":"DEBUG","tag":"service-server:WebSocketHandler","msg":"요청 수신됨 [object Object]"}
{"time":"2026-06-02T00:06:35.559Z","level":"DEBUG","tag":"service-server:WebSocketHandler","msg":"응답 전송됨 (크기: 40)"}
{"time":"2026-06-02T00:06:35.565Z","level":"DEBUG","tag":"service-server:WebSocketHandler","msg":"요청 수신됨 [object Object]"}
{"time":"2026-06-02T00:06:35.565Z","level":"DEBUG","tag":"service-server:WebSocketHandler","msg":"응답 전송됨 (크기: 40)"}
{"time":"2026-06-02T00:06:35.571Z","level":"DEBUG","tag":"service-server:WebSocketHandler","msg":"요청 수신됨 [object Object]"}
{"time":"2026-06-02T00:06:35.571Z","level":"DEBUG","tag":"service-server:WebSocketHandler","msg":"응답 전송됨 (크기: 79)"}
{"time":"2026-06-02T00:06:35.577Z","level":"DEBUG","tag":"service-server:WebSocketHandler","msg":"요청 수신됨 [object Object]"}
{"time":"2026-06-02T00:06:35.583Z","level":"DEBUG","tag":"service-server:WebSocketHandler","msg":"응답 전송됨 (크기: 42)"}
{"time":"2026-06-02T00:06:35.589Z","level":"DEBUG","tag":"service-server:WebSocketHandler","msg":"요청 수신됨 [object Object]"}
{"time":"2026-06-02T00:06:35.589Z","level":"DEBUG","tag":"mysql-db-conn","msg":"쿼리 실행 [object Object]"}
{"time":"2026-06-02T00:06:35.592Z","level":"DEBUG","tag":"service-server:WebSocketHandler","msg":"응답 전송됨 (크기: 68)"}
{"time":"2026-06-02T00:06:35.597Z","level":"DEBUG","tag":"service-server:WebSocketHandler","msg":"요청 수신됨 [object Object]"}
{"time":"2026-06-02T00:06:35.598Z","level":"DEBUG","tag":"mysql-db-conn","msg":"쿼리 실행 [object Object]"}
{"time":"2026-06-02T00:06:35.599Z","level":"DEBUG","tag":"service-server:WebSocketHandler","msg":"응답 전송됨 (크기: 92)"}
{"time":"2026-06-02T00:06:35.606Z","level":"DEBUG","tag":"service-server:WebSocketHandler","msg":"요청 수신됨 [object Object]"}
{"time":"2026-06-02T00:06:35.606Z","level":"DEBUG","tag":"mysql-db-conn","msg":"쿼리 실행 [object Object]"}
{"time":"2026-06-02T00:06:35.609Z","level":"DEBUG","tag":"service-server:WebSocketHandler","msg":"응답 전송됨 (크기: 670)"}
{"time":"2026-06-02T00:06:35.616Z","level":"DEBUG","tag":"service-server:WebSocketHandler","msg":"요청 수신됨 [object Object]"}
{"time":"2026-06-02T00:06:35.616Z","level":"DEBUG","tag":"mysql-db-conn","msg":"쿼리 실행 [object Object]"}
{"time":"2026-06-02T00:06:35.619Z","level":"DEBUG","tag":"service-server:WebSocketHandler","msg":"응답 전송됨 (크기: 556)"}
{"time":"2026-06-02T00:06:35.626Z","level":"DEBUG","tag":"service-server:WebSocketHandler","msg":"요청 수신됨 [object Object]"}
{"time":"2026-06-02T00:06:35.626Z","level":"DEBUG","tag":"mysql-db-conn","msg":"쿼리 실행 [object Object]"}
{"time":"2026-06-02T00:06:44.944Z","level":"DEBUG","tag":"service-server:WebSocketHandler","msg":"응답 전송됨 (크기: 194)"}
{"time":"2026-06-02T00:06:44.951Z","level":"DEBUG","tag":"service-server:WebSocketHandler","msg":"요청 수신됨 [object Object]"}
{"time":"2026-06-02T00:06:44.951Z","level":"DEBUG","tag":"service-server:WebSocketHandler","msg":"응답 전송됨 (크기: 45)"}
{"time":"2026-06-02T00:06:44.957Z","level":"DEBUG","tag":"service-server:WebSocketHandler","msg":"요청 수신됨 [object Object]"}
{"time":"2026-06-02T00:06:44.957Z","level":"DEBUG","tag":"service-server:WebSocketHandler","msg":"응답 전송됨 (크기: 40)"}
{"time":"2026-06-02T00:06:48.369Z","level":"DEBUG","tag":"service-server:WebSocketHandler","msg":"요청 수신됨 [object Object]"}
{"time":"2026-06-02T00:06:48.377Z","level":"DEBUG","tag":"mysql-db-conn","msg":"쿼리 실행 [object Object]"}
{"time":"2026-06-02T00:06:48.387Z","level":"DEBUG","tag":"service-server:WebSocketHandler","msg":"응답 전송됨 (크기: 3668)"}
{"time":"2026-06-02T00:06:48.393Z","level":"DEBUG","tag":"service-server:WebSocketHandler","msg":"요청 수신됨 [object Object]"}
{"time":"2026-06-02T00:06:48.394Z","level":"DEBUG","tag":"service-server:WebSocketHandler","msg":"응답 전송됨 (크기: 40)"}
{"time":"2026-06-02T00:06:48.401Z","level":"DEBUG","tag":"service-server:WebSocketHandler","msg":"요청 수신됨 [object Object]"}
{"time":"2026-06-02T00:06:48.402Z","level":"DEBUG","tag":"service-server:WebSocketHandler","msg":"응답 전송됨 (크기: 40)"}
{"time":"2026-06-02T00:06:48.408Z","level":"DEBUG","tag":"service-server:WebSocketHandler","msg":"요청 수신됨 [object Object]"}
{"time":"2026-06-02T00:06:48.408Z","level":"DEBUG","tag":"service-server:WebSocketHandler","msg":"응답 전송됨 (크기: 40)"}
{"time":"2026-06-02T00:06:48.416Z","level":"DEBUG","tag":"service-server:WebSocketHandler","msg":"요청 수신됨 [object Object]"}
{"time":"2026-06-02T00:06:48.419Z","level":"DEBUG","tag":"mysql-db-conn","msg":"쿼리 실행 [object Object]"}
{"time":"2026-06-02T00:06:48.430Z","level":"DEBUG","tag":"service-server:WebSocketHandler","msg":"응답 전송됨 (크기: 3668)"}
{"time":"2026-06-02T00:06:48.437Z","level":"DEBUG","tag":"service-server:WebSocketHandler","msg":"요청 수신됨 [object Object]"}
{"time":"2026-06-02T00:06:48.438Z","level":"DEBUG","tag":"service-server:WebSocketHandler","msg":"응답 전송됨 (크기: 40)"}
{"time":"2026-06-02T00:06:48.444Z","level":"DEBUG","tag":"service-server:WebSocketHandler","msg":"요청 수신됨 [object Object]"}
{"time":"2026-06-02T00:06:48.445Z","level":"DEBUG","tag":"service-server:WebSocketHandler","msg":"응답 전송됨 (크기: 40)"}
{"time":"2026-06-02T00:06:48.452Z","level":"DEBUG","tag":"service-server:WebSocketHandler","msg":"요청 수신됨 [object Object]"}
{"time":"2026-06-02T00:06:48.453Z","level":"DEBUG","tag":"service-server:WebSocketHandler","msg":"응답 전송됨 (크기: 40)"}
{"time":"2026-06-02T00:06:48.461Z","level":"DEBUG","tag":"service-server:WebSocketHandler","msg":"요청 수신됨 [object Object]"}
{"time":"2026-06-02T00:06:48.461Z","level":"DEBUG","tag":"service-server:WebSocketHandler","msg":"응답 전송됨 (크기: 79)"}
{"time":"2026-06-02T00:06:48.469Z","level":"DEBUG","tag":"service-server:WebSocketHandler","msg":"요청 수신됨 [object Object]"}
{"time":"2026-06-02T00:06:48.472Z","level":"DEBUG","tag":"service-server:WebSocketHandler","msg":"응답 전송됨 (크기: 42)"}
{"time":"2026-06-02T00:06:48.479Z","level":"DEBUG","tag":"service-server:WebSocketHandler","msg":"요청 수신됨 [object Object]"}
{"time":"2026-06-02T00:06:48.479Z","level":"DEBUG","tag":"mysql-db-conn","msg":"쿼리 실행 [object Object]"}
{"time":"2026-06-02T00:06:48.481Z","level":"DEBUG","tag":"service-server:WebSocketHandler","msg":"응답 전송됨 (크기: 68)"}
{"time":"2026-06-02T00:06:48.487Z","level":"DEBUG","tag":"service-server:WebSocketHandler","msg":"요청 수신됨 [object Object]"}
{"time":"2026-06-02T00:06:48.487Z","level":"DEBUG","tag":"mysql-db-conn","msg":"쿼리 실행 [object Object]"}
{"time":"2026-06-02T00:06:48.488Z","level":"DEBUG","tag":"service-server:WebSocketHandler","msg":"응답 전송됨 (크기: 92)"}
{"time":"2026-06-02T00:06:48.495Z","level":"DEBUG","tag":"service-server:WebSocketHandler","msg":"요청 수신됨 [object Object]"}
{"time":"2026-06-02T00:06:48.496Z","level":"DEBUG","tag":"mysql-db-conn","msg":"쿼리 실행 [object Object]"}
{"time":"2026-06-02T00:06:48.499Z","level":"DEBUG","tag":"service-server:WebSocketHandler","msg":"응답 전송됨 (크기: 670)"}
{"time":"2026-06-02T00:06:48.505Z","level":"DEBUG","tag":"service-server:WebSocketHandler","msg":"요청 수신됨 [object Object]"}
{"time":"2026-06-02T00:06:48.506Z","level":"DEBUG","tag":"mysql-db-conn","msg":"쿼리 실행 [object Object]"}
{"time":"2026-06-02T00:06:48.509Z","level":"DEBUG","tag":"service-server:WebSocketHandler","msg":"응답 전송됨 (크기: 556)"}
{"time":"2026-06-02T00:06:48.516Z","level":"DEBUG","tag":"service-server:WebSocketHandler","msg":"요청 수신됨 [object Object]"}
{"time":"2026-06-02T00:06:48.516Z","level":"DEBUG","tag":"mysql-db-conn","msg":"쿼리 실행 [object Object]"}
{"time":"2026-06-02T00:06:58.194Z","level":"DEBUG","tag":"service-server:WebSocketHandler","msg":"응답 전송됨 (크기: 194)"}
{"time":"2026-06-02T00:06:58.201Z","level":"DEBUG","tag":"service-server:WebSocketHandler","msg":"요청 수신됨 [object Object]"}
{"time":"2026-06-02T00:06:58.202Z","level":"DEBUG","tag":"service-server:WebSocketHandler","msg":"응답 전송됨 (크기: 45)"}
{"time":"2026-06-02T00:06:58.208Z","level":"DEBUG","tag":"service-server:WebSocketHandler","msg":"요청 수신됨 [object Object]"}
{"time":"2026-06-02T00:06:58.208Z","level":"DEBUG","tag":"service-server:WebSocketHandler","msg":"응답 전송됨 (크기: 40)"}
{"time":"2026-06-02T00:08:02.950Z","level":"DEBUG","tag":"service-server:WebSocketHandler","msg":"클라이언트 연결 해제됨: (code: 1005)"}
{"time":"2026-06-02T00:08:27.576Z","level":"DEBUG","tag":"service-server:WebSocketHandler","msg":"요청 수신됨 [object Object]"}
{"time":"2026-06-02T00:08:27.587Z","level":"DEBUG","tag":"mysql-db-conn","msg":"쿼리 실행 [object Object]"}
{"time":"2026-06-02T00:08:27.594Z","level":"DEBUG","tag":"service-server:WebSocketHandler","msg":"응답 전송됨 (크기: 3668)"}
{"time":"2026-06-02T00:08:27.609Z","level":"DEBUG","tag":"service-server:WebSocketHandler","msg":"요청 수신됨 [object Object]"}
{"time":"2026-06-02T00:08:27.610Z","level":"DEBUG","tag":"service-server:WebSocketHandler","msg":"응답 전송됨 (크기: 40)"}
{"time":"2026-06-02T00:08:27.617Z","level":"DEBUG","tag":"service-server:WebSocketHandler","msg":"요청 수신됨 [object Object]"}
{"time":"2026-06-02T00:08:27.617Z","level":"DEBUG","tag":"service-server:WebSocketHandler","msg":"응답 전송됨 (크기: 40)"}
{"time":"2026-06-02T00:08:27.623Z","level":"DEBUG","tag":"service-server:WebSocketHandler","msg":"요청 수신됨 [object Object]"}
{"time":"2026-06-02T00:08:27.623Z","level":"DEBUG","tag":"service-server:WebSocketHandler","msg":"응답 전송됨 (크기: 40)"}
{"time":"2026-06-02T00:08:27.632Z","level":"DEBUG","tag":"service-server:WebSocketHandler","msg":"요청 수신됨 [object Object]"}
{"time":"2026-06-02T00:08:27.638Z","level":"DEBUG","tag":"mysql-db-conn","msg":"쿼리 실행 [object Object]"}
{"time":"2026-06-02T00:08:27.661Z","level":"DEBUG","tag":"service-server:WebSocketHandler","msg":"응답 전송됨 (크기: 3668)"}
{"time":"2026-06-02T00:08:27.668Z","level":"DEBUG","tag":"service-server:WebSocketHandler","msg":"요청 수신됨 [object Object]"}
{"time":"2026-06-02T00:08:27.669Z","level":"DEBUG","tag":"service-server:WebSocketHandler","msg":"응답 전송됨 (크기: 40)"}
{"time":"2026-06-02T00:08:27.680Z","level":"DEBUG","tag":"service-server:WebSocketHandler","msg":"요청 수신됨 [object Object]"}
{"time":"2026-06-02T00:08:27.680Z","level":"DEBUG","tag":"service-server:WebSocketHandler","msg":"응답 전송됨 (크기: 40)"}
{"time":"2026-06-02T00:08:27.690Z","level":"DEBUG","tag":"service-server:WebSocketHandler","msg":"요청 수신됨 [object Object]"}
{"time":"2026-06-02T00:08:27.690Z","level":"DEBUG","tag":"service-server:WebSocketHandler","msg":"응답 전송됨 (크기: 40)"}
{"time":"2026-06-02T00:08:27.696Z","level":"DEBUG","tag":"service-server:WebSocketHandler","msg":"요청 수신됨 [object Object]"}
{"time":"2026-06-02T00:08:27.697Z","level":"DEBUG","tag":"service-server:WebSocketHandler","msg":"응답 전송됨 (크기: 79)"}
{"time":"2026-06-02T00:08:27.704Z","level":"DEBUG","tag":"service-server:WebSocketHandler","msg":"요청 수신됨 [object Object]"}
{"time":"2026-06-02T00:08:27.706Z","level":"DEBUG","tag":"service-server:WebSocketHandler","msg":"응답 전송됨 (크기: 42)"}
{"time":"2026-06-02T00:08:27.712Z","level":"DEBUG","tag":"service-server:WebSocketHandler","msg":"요청 수신됨 [object Object]"}
{"time":"2026-06-02T00:08:27.712Z","level":"DEBUG","tag":"mysql-db-conn","msg":"쿼리 실행 [object Object]"}
{"time":"2026-06-02T00:08:27.713Z","level":"DEBUG","tag":"service-server:WebSocketHandler","msg":"응답 전송됨 (크기: 68)"}
{"time":"2026-06-02T00:08:27.720Z","level":"DEBUG","tag":"service-server:WebSocketHandler","msg":"요청 수신됨 [object Object]"}
{"time":"2026-06-02T00:08:27.720Z","level":"DEBUG","tag":"mysql-db-conn","msg":"쿼리 실행 [object Object]"}
{"time":"2026-06-02T00:08:27.721Z","level":"DEBUG","tag":"service-server:WebSocketHandler","msg":"응답 전송됨 (크기: 92)"}
{"time":"2026-06-02T00:08:27.729Z","level":"DEBUG","tag":"service-server:WebSocketHandler","msg":"요청 수신됨 [object Object]"}
{"time":"2026-06-02T00:08:27.729Z","level":"DEBUG","tag":"mysql-db-conn","msg":"쿼리 실행 [object Object]"}
{"time":"2026-06-02T00:08:27.731Z","level":"DEBUG","tag":"service-server:WebSocketHandler","msg":"응답 전송됨 (크기: 670)"}
{"time":"2026-06-02T00:08:27.743Z","level":"DEBUG","tag":"service-server:WebSocketHandler","msg":"요청 수신됨 [object Object]"}
{"time":"2026-06-02T00:08:27.743Z","level":"DEBUG","tag":"mysql-db-conn","msg":"쿼리 실행 [object Object]"}
{"time":"2026-06-02T00:08:27.745Z","level":"DEBUG","tag":"service-server:WebSocketHandler","msg":"응답 전송됨 (크기: 556)"}
{"time":"2026-06-02T00:08:27.755Z","level":"DEBUG","tag":"service-server:WebSocketHandler","msg":"요청 수신됨 [object Object]"}
{"time":"2026-06-02T00:08:27.755Z","level":"DEBUG","tag":"mysql-db-conn","msg":"쿼리 실행 [object Object]"}
{"time":"2026-06-02T00:08:38.583Z","level":"DEBUG","tag":"service-server:WebSocketHandler","msg":"응답 전송됨 (크기: 194)"}
{"time":"2026-06-02T00:08:38.590Z","level":"DEBUG","tag":"service-server:WebSocketHandler","msg":"요청 수신됨 [object Object]"}
{"time":"2026-06-02T00:08:38.590Z","level":"DEBUG","tag":"service-server:WebSocketHandler","msg":"응답 전송됨 (크기: 45)"}
{"time":"2026-06-02T00:08:38.596Z","level":"DEBUG","tag":"service-server:WebSocketHandler","msg":"요청 수신됨 [object Object]"}
{"time":"2026-06-02T00:08:38.596Z","level":"DEBUG","tag":"service-server:WebSocketHandler","msg":"응답 전송됨 (크기: 40)"}
{"time":"2026-06-02T00:08:40.729Z","level":"DEBUG","tag":"service-server:WebSocketHandler","msg":"요청 수신됨 [object Object]"}
{"time":"2026-06-02T00:08:40.738Z","level":"DEBUG","tag":"mysql-db-conn","msg":"쿼리 실행 [object Object]"}
{"time":"2026-06-02T00:08:40.747Z","level":"DEBUG","tag":"service-server:WebSocketHandler","msg":"응답 전송됨 (크기: 3668)"}
{"time":"2026-06-02T00:08:40.756Z","level":"DEBUG","tag":"service-server:WebSocketHandler","msg":"요청 수신됨 [object Object]"}
{"time":"2026-06-02T00:08:40.756Z","level":"DEBUG","tag":"service-server:WebSocketHandler","msg":"응답 전송됨 (크기: 40)"}
{"time":"2026-06-02T00:08:40.762Z","level":"DEBUG","tag":"service-server:WebSocketHandler","msg":"요청 수신됨 [object Object]"}
{"time":"2026-06-02T00:08:40.762Z","level":"DEBUG","tag":"service-server:WebSocketHandler","msg":"응답 전송됨 (크기: 40)"}
{"time":"2026-06-02T00:08:40.770Z","level":"DEBUG","tag":"service-server:WebSocketHandler","msg":"요청 수신됨 [object Object]"}
{"time":"2026-06-02T00:08:40.770Z","level":"DEBUG","tag":"service-server:WebSocketHandler","msg":"응답 전송됨 (크기: 40)"}
{"time":"2026-06-02T00:08:40.780Z","level":"DEBUG","tag":"service-server:WebSocketHandler","msg":"요청 수신됨 [object Object]"}
{"time":"2026-06-02T00:08:40.784Z","level":"DEBUG","tag":"mysql-db-conn","msg":"쿼리 실행 [object Object]"}
{"time":"2026-06-02T00:08:40.794Z","level":"DEBUG","tag":"service-server:WebSocketHandler","msg":"응답 전송됨 (크기: 3668)"}
{"time":"2026-06-02T00:08:40.803Z","level":"DEBUG","tag":"service-server:WebSocketHandler","msg":"요청 수신됨 [object Object]"}
{"time":"2026-06-02T00:08:40.804Z","level":"DEBUG","tag":"service-server:WebSocketHandler","msg":"응답 전송됨 (크기: 40)"}
{"time":"2026-06-02T00:08:40.811Z","level":"DEBUG","tag":"service-server:WebSocketHandler","msg":"요청 수신됨 [object Object]"}
{"time":"2026-06-02T00:08:40.811Z","level":"DEBUG","tag":"service-server:WebSocketHandler","msg":"응답 전송됨 (크기: 40)"}
{"time":"2026-06-02T00:08:40.819Z","level":"DEBUG","tag":"service-server:WebSocketHandler","msg":"요청 수신됨 [object Object]"}
{"time":"2026-06-02T00:08:40.819Z","level":"DEBUG","tag":"service-server:WebSocketHandler","msg":"응답 전송됨 (크기: 40)"}
{"time":"2026-06-02T00:08:40.827Z","level":"DEBUG","tag":"service-server:WebSocketHandler","msg":"요청 수신됨 [object Object]"}
{"time":"2026-06-02T00:08:40.827Z","level":"DEBUG","tag":"service-server:WebSocketHandler","msg":"응답 전송됨 (크기: 79)"}
{"time":"2026-06-02T00:08:40.833Z","level":"DEBUG","tag":"service-server:WebSocketHandler","msg":"요청 수신됨 [object Object]"}
{"time":"2026-06-02T00:08:40.837Z","level":"DEBUG","tag":"service-server:WebSocketHandler","msg":"응답 전송됨 (크기: 42)"}
{"time":"2026-06-02T00:08:40.845Z","level":"DEBUG","tag":"service-server:WebSocketHandler","msg":"요청 수신됨 [object Object]"}
{"time":"2026-06-02T00:08:40.846Z","level":"DEBUG","tag":"mysql-db-conn","msg":"쿼리 실행 [object Object]"}
{"time":"2026-06-02T00:08:40.848Z","level":"DEBUG","tag":"service-server:WebSocketHandler","msg":"응답 전송됨 (크기: 68)"}
{"time":"2026-06-02T00:08:40.853Z","level":"DEBUG","tag":"service-server:WebSocketHandler","msg":"요청 수신됨 [object Object]"}
{"time":"2026-06-02T00:08:40.854Z","level":"DEBUG","tag":"mysql-db-conn","msg":"쿼리 실행 [object Object]"}
{"time":"2026-06-02T00:08:40.855Z","level":"DEBUG","tag":"service-server:WebSocketHandler","msg":"응답 전송됨 (크기: 92)"}
{"time":"2026-06-02T00:08:40.862Z","level":"DEBUG","tag":"service-server:WebSocketHandler","msg":"요청 수신됨 [object Object]"}
{"time":"2026-06-02T00:08:40.862Z","level":"DEBUG","tag":"mysql-db-conn","msg":"쿼리 실행 [object Object]"}
{"time":"2026-06-02T00:08:40.865Z","level":"DEBUG","tag":"service-server:WebSocketHandler","msg":"응답 전송됨 (크기: 670)"}
{"time":"2026-06-02T00:08:40.872Z","level":"DEBUG","tag":"service-server:WebSocketHandler","msg":"요청 수신됨 [object Object]"}
{"time":"2026-06-02T00:08:40.875Z","level":"DEBUG","tag":"service-server:WebSocketHandler","msg":"응답 전송됨 (크기: 556)"}
{"time":"2026-06-02T00:08:40.882Z","level":"DEBUG","tag":"service-server:WebSocketHandler","msg":"요청 수신됨 [object Object]"}
{"time":"2026-06-02T00:08:40.862Z","level":"DEBUG","tag":"mysql-db-conn","msg":"쿼리 실행 [object Object]"}
{"time":"2026-06-02T00:08:40.882Z","level":"DEBUG","tag":"mysql-db-conn","msg":"쿼리 실행 [object Object]"}
{"time":"2026-06-02T00:08:50.871Z","level":"DEBUG","tag":"service-server:WebSocketHandler","msg":"응답 전송됨 (크기: 194)"}
{"time":"2026-06-02T00:08:50.872Z","level":"DEBUG","tag":"service-server:WebSocketHandler","msg":"요청 수신됨 [object Object]"}
{"time":"2026-06-02T00:08:50.875Z","level":"DEBUG","tag":"mysql-db-conn","msg":"쿼리 실행 [object Object]"}
{"time":"2026-06-02T00:08:50.877Z","level":"DEBUG","tag":"service-server:WebSocketHandler","msg":"응답 전송됨 (크기: 2279)"}
{"time":"2026-06-02T00:08:50.878Z","level":"DEBUG","tag":"service-server:WebSocketHandler","msg":"요청 수신됨 [object Object]"}
{"time":"2026-06-02T00:08:50.878Z","level":"DEBUG","tag":"service-server:WebSocketHandler","msg":"응답 전송됨 (크기: 45)"}
{"time":"2026-06-02T00:08:50.884Z","level":"DEBUG","tag":"service-server:WebSocketHandler","msg":"요청 수신됨 [object Object]"}
{"time":"2026-06-02T00:08:50.884Z","level":"DEBUG","tag":"service-server:WebSocketHandler","msg":"응답 전송됨 (크기: 40)"}
{"time":"2026-06-02T00:08:50.887Z","level":"DEBUG","tag":"service-server:WebSocketHandler","msg":"요청 수신됨 [object Object]"}
{"time":"2026-06-02T00:08:50.888Z","level":"DEBUG","tag":"service-server:WebSocketHandler","msg":"응답 전송됨 (크기: 40)"}
{"time":"2026-06-02T00:08:50.895Z","level":"DEBUG","tag":"service-server:WebSocketHandler","msg":"요청 수신됨 [object Object]"}
{"time":"2026-06-02T00:08:50.895Z","level":"DEBUG","tag":"service-server:WebSocketHandler","msg":"응답 전송됨 (크기: 40)"}
{"time":"2026-06-02T00:08:50.903Z","level":"DEBUG","tag":"service-server:WebSocketHandler","msg":"요청 수신됨 [object Object]"}
{"time":"2026-06-02T00:08:50.903Z","level":"DEBUG","tag":"service-server:WebSocketHandler","msg":"응답 전송됨 (크기: 40)"}
{"time":"2026-06-02T00:08:50.918Z","level":"DEBUG","tag":"service-server:WebSocketHandler","msg":"요청 수신됨 [object Object]"}
{"time":"2026-06-02T00:08:50.920Z","level":"DEBUG","tag":"mysql-db-conn","msg":"쿼리 실행 [object Object]"}
{"time":"2026-06-02T00:08:50.923Z","level":"DEBUG","tag":"service-server:WebSocketHandler","msg":"응답 전송됨 (크기: 2279)"}
{"time":"2026-06-02T00:08:50.930Z","level":"DEBUG","tag":"service-server:WebSocketHandler","msg":"요청 수신됨 [object Object]"}
{"time":"2026-06-02T00:08:50.931Z","level":"DEBUG","tag":"service-server:WebSocketHandler","msg":"응답 전송됨 (크기: 40)"}
{"time":"2026-06-02T00:08:50.938Z","level":"DEBUG","tag":"service-server:WebSocketHandler","msg":"요청 수신됨 [object Object]"}
{"time":"2026-06-02T00:08:50.938Z","level":"DEBUG","tag":"service-server:WebSocketHandler","msg":"응답 전송됨 (크기: 40)"}
{"time":"2026-06-02T00:08:50.944Z","level":"DEBUG","tag":"service-server:WebSocketHandler","msg":"요청 수신됨 [object Object]"}
{"time":"2026-06-02T00:08:50.945Z","level":"DEBUG","tag":"service-server:WebSocketHandler","msg":"응답 전송됨 (크기: 40)"}
{"time":"2026-06-02T00:08:50.952Z","level":"DEBUG","tag":"service-server:WebSocketHandler","msg":"요청 수신됨 [object Object]"}
{"time":"2026-06-02T00:08:50.953Z","level":"DEBUG","tag":"service-server:WebSocketHandler","msg":"응답 전송됨 (크기: 79)"}
{"time":"2026-06-02T00:08:50.960Z","level":"DEBUG","tag":"service-server:WebSocketHandler","msg":"요청 수신됨 [object Object]"}
{"time":"2026-06-02T00:08:50.963Z","level":"DEBUG","tag":"service-server:WebSocketHandler","msg":"응답 전송됨 (크기: 42)"}
{"time":"2026-06-02T00:08:50.969Z","level":"DEBUG","tag":"service-server:WebSocketHandler","msg":"요청 수신됨 [object Object]"}
{"time":"2026-06-02T00:08:50.969Z","level":"DEBUG","tag":"mysql-db-conn","msg":"쿼리 실행 [object Object]"}
{"time":"2026-06-02T00:08:50.970Z","level":"DEBUG","tag":"service-server:WebSocketHandler","msg":"응답 전송됨 (크기: 68)"}
{"time":"2026-06-02T00:08:50.977Z","level":"DEBUG","tag":"service-server:WebSocketHandler","msg":"요청 수신됨 [object Object]"}
{"time":"2026-06-02T00:08:50.977Z","level":"DEBUG","tag":"mysql-db-conn","msg":"쿼리 실행 [object Object]"}
{"time":"2026-06-02T00:08:50.978Z","level":"DEBUG","tag":"service-server:WebSocketHandler","msg":"응답 전송됨 (크기: 92)"}
{"time":"2026-06-02T00:08:50.987Z","level":"DEBUG","tag":"service-server:WebSocketHandler","msg":"요청 수신됨 [object Object]"}
{"time":"2026-06-02T00:08:50.987Z","level":"DEBUG","tag":"mysql-db-conn","msg":"쿼리 실행 [object Object]"}
{"time":"2026-06-02T00:08:50.990Z","level":"DEBUG","tag":"service-server:WebSocketHandler","msg":"응답 전송됨 (크기: 670)"}
{"time":"2026-06-02T00:08:50.997Z","level":"DEBUG","tag":"service-server:WebSocketHandler","msg":"요청 수신됨 [object Object]"}
{"time":"2026-06-02T00:08:50.998Z","level":"DEBUG","tag":"mysql-db-conn","msg":"쿼리 실행 [object Object]"}
{"time":"2026-06-02T00:08:51.000Z","level":"DEBUG","tag":"service-server:WebSocketHandler","msg":"응답 전송됨 (크기: 556)"}
{"time":"2026-06-02T00:08:51.007Z","level":"DEBUG","tag":"service-server:WebSocketHandler","msg":"요청 수신됨 [object Object]"}
{"time":"2026-06-02T00:08:51.007Z","level":"DEBUG","tag":"mysql-db-conn","msg":"쿼리 실행 [object Object]"}
{"time":"2026-06-02T00:09:02.646Z","level":"DEBUG","tag":"service-server:WebSocketHandler","msg":"응답 전송됨 (크기: 194)"}
{"time":"2026-06-02T00:09:02.654Z","level":"DEBUG","tag":"service-server:WebSocketHandler","msg":"요청 수신됨 [object Object]"}
{"time":"2026-06-02T00:09:02.655Z","level":"DEBUG","tag":"service-server:WebSocketHandler","msg":"응답 전송됨 (크기: 45)"}
{"time":"2026-06-02T00:09:02.662Z","level":"DEBUG","tag":"service-server:WebSocketHandler","msg":"요청 수신됨 [object Object]"}
{"time":"2026-06-02T00:09:02.663Z","level":"DEBUG","tag":"service-server:WebSocketHandler","msg":"응답 전송됨 (크기: 40)"}
{"time":"2026-06-02T00:09:02.955Z","level":"DEBUG","tag":"service-server:WebSocketHandler","msg":"클라이언트 연결됨 [object Object]"}
{"time":"2026-06-02T00:09:02.961Z","level":"DEBUG","tag":"service-server:WebSocketHandler","msg":"요청 수신됨 [object Object]"}
{"time":"2026-06-02T00:09:02.962Z","level":"DEBUG","tag":"service-server:WebSocketHandler","msg":"응답 전송됨 (크기: 40)"}
{"time":"2026-06-02T00:09:02.966Z","level":"DEBUG","tag":"service-server:WebSocketHandler","msg":"요청 수신됨 [object Object]"}
{"time":"2026-06-02T00:09:02.966Z","level":"DEBUG","tag":"service-server:WebSocketHandler","msg":"응답 전송됨 (크기: 40)"}
{"time":"2026-06-02T00:09:06.646Z","level":"DEBUG","tag":"service-server:WebSocketHandler","msg":"요청 수신됨 [object Object]"}
{"time":"2026-06-02T00:09:06.652Z","level":"DEBUG","tag":"mysql-db-conn","msg":"쿼리 실행 [object Object]"}
{"time":"2026-06-02T00:09:06.656Z","level":"DEBUG","tag":"service-server:WebSocketHandler","msg":"응답 전송됨 (크기: 2279)"}
{"time":"2026-06-02T00:09:06.664Z","level":"DEBUG","tag":"service-server:WebSocketHandler","msg":"요청 수신됨 [object Object]"}
{"time":"2026-06-02T00:09:06.665Z","level":"DEBUG","tag":"service-server:WebSocketHandler","msg":"응답 전송됨 (크기: 40)"}
{"time":"2026-06-02T00:09:06.672Z","level":"DEBUG","tag":"service-server:WebSocketHandler","msg":"요청 수신됨 [object Object]"}
{"time":"2026-06-02T00:09:06.672Z","level":"DEBUG","tag":"service-server:WebSocketHandler","msg":"응답 전송됨 (크기: 40)"}
{"time":"2026-06-02T00:09:06.680Z","level":"DEBUG","tag":"service-server:WebSocketHandler","msg":"요청 수신됨 [object Object]"}
{"time":"2026-06-02T00:09:06.680Z","level":"DEBUG","tag":"service-server:WebSocketHandler","msg":"응답 전송됨 (크기: 40)"}
{"time":"2026-06-02T00:09:06.690Z","level":"DEBUG","tag":"service-server:WebSocketHandler","msg":"요청 수신됨 [object Object]"}
{"time":"2026-06-02T00:09:06.696Z","level":"DEBUG","tag":"mysql-db-conn","msg":"쿼리 실행 [object Object]"}
{"time":"2026-06-02T00:09:06.703Z","level":"DEBUG","tag":"service-server:WebSocketHandler","msg":"응답 전송됨 (크기: 2279)"}
{"time":"2026-06-02T00:09:06.711Z","level":"DEBUG","tag":"service-server:WebSocketHandler","msg":"요청 수신됨 [object Object]"}
{"time":"2026-06-02T00:09:06.712Z","level":"DEBUG","tag":"service-server:WebSocketHandler","msg":"응답 전송됨 (크기: 40)"}
{"time":"2026-06-02T00:09:06.719Z","level":"DEBUG","tag":"service-server:WebSocketHandler","msg":"요청 수신됨 [object Object]"}
{"time":"2026-06-02T00:09:06.719Z","level":"DEBUG","tag":"service-server:WebSocketHandler","msg":"응답 전송됨 (크기: 40)"}
{"time":"2026-06-02T00:09:06.727Z","level":"DEBUG","tag":"service-server:WebSocketHandler","msg":"요청 수신됨 [object Object]"}
{"time":"2026-06-02T00:09:06.727Z","level":"DEBUG","tag":"service-server:WebSocketHandler","msg":"응답 전송됨 (크기: 40)"}
{"time":"2026-06-02T00:09:06.735Z","level":"DEBUG","tag":"service-server:WebSocketHandler","msg":"요청 수신됨 [object Object]"}
{"time":"2026-06-02T00:09:06.736Z","level":"DEBUG","tag":"service-server:WebSocketHandler","msg":"응답 전송됨 (크기: 79)"}
{"time":"2026-06-02T00:09:06.743Z","level":"DEBUG","tag":"service-server:WebSocketHandler","msg":"요청 수신됨 [object Object]"}
{"time":"2026-06-02T00:09:06.746Z","level":"DEBUG","tag":"service-server:WebSocketHandler","msg":"응답 전송됨 (크기: 42)"}
{"time":"2026-06-02T00:09:06.754Z","level":"DEBUG","tag":"service-server:WebSocketHandler","msg":"요청 수신됨 [object Object]"}
{"time":"2026-06-02T00:09:06.754Z","level":"DEBUG","tag":"mysql-db-conn","msg":"쿼리 실행 [object Object]"}
{"time":"2026-06-02T00:09:06.756Z","level":"DEBUG","tag":"service-server:WebSocketHandler","msg":"응답 전송됨 (크기: 68)"}
{"time":"2026-06-02T00:09:06.763Z","level":"DEBUG","tag":"service-server:WebSocketHandler","msg":"요청 수신됨 [object Object]"}
{"time":"2026-06-02T00:09:06.764Z","level":"DEBUG","tag":"mysql-db-conn","msg":"쿼리 실행 [object Object]"}
{"time":"2026-06-02T00:09:06.765Z","level":"DEBUG","tag":"service-server:WebSocketHandler","msg":"응답 전송됨 (크기: 92)"}
{"time":"2026-06-02T00:09:06.772Z","level":"DEBUG","tag":"service-server:WebSocketHandler","msg":"요청 수신됨 [object Object]"}
{"time":"2026-06-02T00:09:06.772Z","level":"DEBUG","tag":"mysql-db-conn","msg":"쿼리 실행 [object Object]"}
{"time":"2026-06-02T00:09:06.775Z","level":"DEBUG","tag":"service-server:WebSocketHandler","msg":"응답 전송됨 (크기: 670)"}
{"time":"2026-06-02T00:09:06.784Z","level":"DEBUG","tag":"service-server:WebSocketHandler","msg":"요청 수신됨 [object Object]"}
{"time":"2026-06-02T00:09:06.784Z","level":"DEBUG","tag":"mysql-db-conn","msg":"쿼리 실행 [object Object]"}
{"time":"2026-06-02T00:09:06.787Z","level":"DEBUG","tag":"service-server:WebSocketHandler","msg":"응답 전송됨 (크기: 556)"}
{"time":"2026-06-02T00:09:06.794Z","level":"DEBUG","tag":"service-server:WebSocketHandler","msg":"요청 수신됨 [object Object]"}
{"time":"2026-06-02T00:09:06.794Z","level":"DEBUG","tag":"mysql-db-conn","msg":"쿼리 실행 [object Object]"}
{"time":"2026-06-02T00:09:16.982Z","level":"DEBUG","tag":"service-server:WebSocketHandler","msg":"응답 전송됨 (크기: 194)"}
{"time":"2026-06-02T00:09:16.990Z","level":"DEBUG","tag":"service-server:WebSocketHandler","msg":"요청 수신됨 [object Object]"}
{"time":"2026-06-02T00:09:16.990Z","level":"DEBUG","tag":"service-server:WebSocketHandler","msg":"응답 전송됨 (크기: 45)"}
{"time":"2026-06-02T00:09:16.998Z","level":"DEBUG","tag":"service-server:WebSocketHandler","msg":"요청 수신됨 [object Object]"}
{"time":"2026-06-02T00:09:16.998Z","level":"DEBUG","tag":"service-server:WebSocketHandler","msg":"응답 전송됨 (크기: 40)"}
{"time":"2026-06-02T00:09:20.772Z","level":"DEBUG","tag":"service-server:WebSocketHandler","msg":"요청 수신됨 [object Object]"}
{"time":"2026-06-02T00:09:20.779Z","level":"DEBUG","tag":"mysql-db-conn","msg":"쿼리 실행 [object Object]"}
{"time":"2026-06-02T00:09:20.787Z","level":"DEBUG","tag":"service-server:WebSocketHandler","msg":"응답 전송됨 (크기: 2279)"}
{"time":"2026-06-02T00:09:20.794Z","level":"DEBUG","tag":"service-server:WebSocketHandler","msg":"요청 수신됨 [object Object]"}
{"time":"2026-06-02T00:09:20.796Z","level":"DEBUG","tag":"service-server:WebSocketHandler","msg":"응답 전송됨 (크기: 40)"}
{"time":"2026-06-02T00:09:20.803Z","level":"DEBUG","tag":"service-server:WebSocketHandler","msg":"요청 수신됨 [object Object]"}
{"time":"2026-06-02T00:09:20.803Z","level":"DEBUG","tag":"service-server:WebSocketHandler","msg":"응답 전송됨 (크기: 40)"}
{"time":"2026-06-02T00:09:20.809Z","level":"DEBUG","tag":"service-server:WebSocketHandler","msg":"요청 수신됨 [object Object]"}
{"time":"2026-06-02T00:09:20.809Z","level":"DEBUG","tag":"service-server:WebSocketHandler","msg":"응답 전송됨 (크기: 40)"}
{"time":"2026-06-02T00:09:20.819Z","level":"DEBUG","tag":"service-server:WebSocketHandler","msg":"요청 수신됨 [object Object]"}
{"time":"2026-06-02T00:09:20.825Z","level":"DEBUG","tag":"mysql-db-conn","msg":"쿼리 실행 [object Object]"}
{"time":"2026-06-02T00:09:20.832Z","level":"DEBUG","tag":"service-server:WebSocketHandler","msg":"응답 전송됨 (크기: 2279)"}
{"time":"2026-06-02T00:09:20.839Z","level":"DEBUG","tag":"service-server:WebSocketHandler","msg":"요청 수신됨 [object Object]"}
{"time":"2026-06-02T00:09:20.840Z","level":"DEBUG","tag":"service-server:WebSocketHandler","msg":"응답 전송됨 (크기: 40)"}
{"time":"2026-06-02T00:09:20.847Z","level":"DEBUG","tag":"service-server:WebSocketHandler","msg":"요청 수신됨 [object Object]"}
{"time":"2026-06-02T00:09:20.847Z","level":"DEBUG","tag":"service-server:WebSocketHandler","msg":"응답 전송됨 (크기: 40)"}
{"time":"2026-06-02T00:09:20.855Z","level":"DEBUG","tag":"service-server:WebSocketHandler","msg":"요청 수신됨 [object Object]"}
{"time":"2026-06-02T00:09:20.856Z","level":"DEBUG","tag":"service-server:WebSocketHandler","msg":"응답 전송됨 (크기: 40)"}
{"time":"2026-06-02T00:09:20.865Z","level":"DEBUG","tag":"service-server:WebSocketHandler","msg":"요청 수신됨 [object Object]"}
{"time":"2026-06-02T00:09:20.866Z","level":"DEBUG","tag":"service-server:WebSocketHandler","msg":"응답 전송됨 (크기: 79)"}
{"time":"2026-06-02T00:09:20.872Z","level":"DEBUG","tag":"service-server:WebSocketHandler","msg":"요청 수신됨 [object Object]"}
{"time":"2026-06-02T00:09:20.875Z","level":"DEBUG","tag":"service-server:WebSocketHandler","msg":"응답 전송됨 (크기: 42)"}
{"time":"2026-06-02T00:09:20.884Z","level":"DEBUG","tag":"service-server:WebSocketHandler","msg":"요청 수신됨 [object Object]"}
{"time":"2026-06-02T00:09:20.884Z","level":"DEBUG","tag":"mysql-db-conn","msg":"쿼리 실행 [object Object]"}
{"time":"2026-06-02T00:09:20.886Z","level":"DEBUG","tag":"service-server:WebSocketHandler","msg":"응답 전송됨 (크기: 68)"}
{"time":"2026-06-02T00:09:20.894Z","level":"DEBUG","tag":"service-server:WebSocketHandler","msg":"요청 수신됨 [object Object]"}
{"time":"2026-06-02T00:09:20.894Z","level":"DEBUG","tag":"mysql-db-conn","msg":"쿼리 실행 [object Object]"}
{"time":"2026-06-02T00:09:20.896Z","level":"DEBUG","tag":"service-server:WebSocketHandler","msg":"응답 전송됨 (크기: 92)"}
{"time":"2026-06-02T00:09:20.904Z","level":"DEBUG","tag":"service-server:WebSocketHandler","msg":"요청 수신됨 [object Object]"}
{"time":"2026-06-02T00:09:20.905Z","level":"DEBUG","tag":"mysql-db-conn","msg":"쿼리 실행 [object Object]"}
{"time":"2026-06-02T00:09:20.908Z","level":"DEBUG","tag":"service-server:WebSocketHandler","msg":"응답 전송됨 (크기: 670)"}
{"time":"2026-06-02T00:09:20.916Z","level":"DEBUG","tag":"service-server:WebSocketHandler","msg":"요청 수신됨 [object Object]"}
{"time":"2026-06-02T00:09:20.917Z","level":"DEBUG","tag":"mysql-db-conn","msg":"쿼리 실행 [object Object]"}
{"time":"2026-06-02T00:09:20.919Z","level":"DEBUG","tag":"service-server:WebSocketHandler","msg":"응답 전송됨 (크기: 556)"}
{"time":"2026-06-02T00:09:20.929Z","level":"DEBUG","tag":"service-server:WebSocketHandler","msg":"요청 수신됨 [object Object]"}
{"time":"2026-06-02T00:09:20.929Z","level":"DEBUG","tag":"mysql-db-conn","msg":"쿼리 실행 [object Object]"}
{"time":"2026-06-02T00:09:30.961Z","level":"DEBUG","tag":"service-server:WebSocketHandler","msg":"응답 전송됨 (크기: 194)"}
{"time":"2026-06-02T00:09:30.971Z","level":"DEBUG","tag":"service-server:WebSocketHandler","msg":"요청 수신됨 [object Object]"}
{"time":"2026-06-02T00:09:30.971Z","level":"DEBUG","tag":"service-server:WebSocketHandler","msg":"응답 전송됨 (크기: 45)"}
{"time":"2026-06-02T00:09:30.979Z","level":"DEBUG","tag":"service-server:WebSocketHandler","msg":"요청 수신됨 [object Object]"}
{"time":"2026-06-02T00:09:30.979Z","level":"DEBUG","tag":"service-server:WebSocketHandler","msg":"응답 전송됨 (크기: 40)"}
{"time":"2026-06-02T00:09:34.937Z","level":"DEBUG","tag":"service-server:WebSocketHandler","msg":"요청 수신됨 [object Object]"}
{"time":"2026-06-02T00:09:34.944Z","level":"DEBUG","tag":"mysql-db-conn","msg":"쿼리 실행 [object Object]"}
{"time":"2026-06-02T00:09:34.952Z","level":"DEBUG","tag":"service-server:WebSocketHandler","msg":"응답 전송됨 (크기: 2279)"}
{"time":"2026-06-02T00:09:34.959Z","level":"DEBUG","tag":"service-server:WebSocketHandler","msg":"요청 수신됨 [object Object]"}
{"time":"2026-06-02T00:09:34.960Z","level":"DEBUG","tag":"service-server:WebSocketHandler","msg":"응답 전송됨 (크기: 40)"}
{"time":"2026-06-02T00:09:34.967Z","level":"DEBUG","tag":"service-server:WebSocketHandler","msg":"요청 수신됨 [object Object]"}
{"time":"2026-06-02T00:09:34.968Z","level":"DEBUG","tag":"service-server:WebSocketHandler","msg":"응답 전송됨 (크기: 40)"}
{"time":"2026-06-02T00:09:34.973Z","level":"DEBUG","tag":"service-server:WebSocketHandler","msg":"요청 수신됨 [object Object]"}
{"time":"2026-06-02T00:09:34.974Z","level":"DEBUG","tag":"service-server:WebSocketHandler","msg":"응답 전송됨 (크기: 40)"}
{"time":"2026-06-02T00:09:34.984Z","level":"DEBUG","tag":"service-server:WebSocketHandler","msg":"요청 수신됨 [object Object]"}
{"time":"2026-06-02T00:09:34.990Z","level":"DEBUG","tag":"mysql-db-conn","msg":"쿼리 실행 [object Object]"}
{"time":"2026-06-02T00:09:34.997Z","level":"DEBUG","tag":"service-server:WebSocketHandler","msg":"응답 전송됨 (크기: 2279)"}
{"time":"2026-06-02T00:09:35.004Z","level":"DEBUG","tag":"service-server:WebSocketHandler","msg":"요청 수신됨 [object Object]"}
{"time":"2026-06-02T00:09:35.005Z","level":"DEBUG","tag":"service-server:WebSocketHandler","msg":"응답 전송됨 (크기: 40)"}
{"time":"2026-06-02T00:09:35.012Z","level":"DEBUG","tag":"service-server:WebSocketHandler","msg":"요청 수신됨 [object Object]"}
{"time":"2026-06-02T00:09:35.012Z","level":"DEBUG","tag":"service-server:WebSocketHandler","msg":"응답 전송됨 (크기: 40)"}
{"time":"2026-06-02T00:09:35.020Z","level":"DEBUG","tag":"service-server:WebSocketHandler","msg":"요청 수신됨 [object Object]"}
{"time":"2026-06-02T00:09:35.020Z","level":"DEBUG","tag":"service-server:WebSocketHandler","msg":"응답 전송됨 (크기: 40)"}
{"time":"2026-06-02T00:09:35.028Z","level":"DEBUG","tag":"service-server:WebSocketHandler","msg":"요청 수신됨 [object Object]"}
{"time":"2026-06-02T00:09:35.029Z","level":"DEBUG","tag":"service-server:WebSocketHandler","msg":"응답 전송됨 (크기: 79)"}
{"time":"2026-06-02T00:09:35.036Z","level":"DEBUG","tag":"service-server:WebSocketHandler","msg":"요청 수신됨 [object Object]"}
{"time":"2026-06-02T00:09:35.040Z","level":"DEBUG","tag":"service-server:WebSocketHandler","msg":"응답 전송됨 (크기: 42)"}
{"time":"2026-06-02T00:09:35.047Z","level":"DEBUG","tag":"service-server:WebSocketHandler","msg":"요청 수신됨 [object Object]"}
{"time":"2026-06-02T00:09:35.047Z","level":"DEBUG","tag":"mysql-db-conn","msg":"쿼리 실행 [object Object]"}
{"time":"2026-06-02T00:09:35.049Z","level":"DEBUG","tag":"service-server:WebSocketHandler","msg":"응답 전송됨 (크기: 68)"}
{"time":"2026-06-02T00:09:35.057Z","level":"DEBUG","tag":"service-server:WebSocketHandler","msg":"요청 수신됨 [object Object]"}
{"time":"2026-06-02T00:09:35.057Z","level":"DEBUG","tag":"mysql-db-conn","msg":"쿼리 실행 [object Object]"}
{"time":"2026-06-02T00:09:35.058Z","level":"DEBUG","tag":"service-server:WebSocketHandler","msg":"응답 전송됨 (크기: 92)"}
{"time":"2026-06-02T00:09:35.065Z","level":"DEBUG","tag":"service-server:WebSocketHandler","msg":"요청 수신됨 [object Object]"}
{"time":"2026-06-02T00:09:35.065Z","level":"DEBUG","tag":"mysql-db-conn","msg":"쿼리 실행 [object Object]"}
{"time":"2026-06-02T00:09:35.069Z","level":"DEBUG","tag":"service-server:WebSocketHandler","msg":"응답 전송됨 (크기: 670)"}
{"time":"2026-06-02T00:09:35.075Z","level":"DEBUG","tag":"service-server:WebSocketHandler","msg":"요청 수신됨 [object Object]"}
{"time":"2026-06-02T00:09:35.075Z","level":"DEBUG","tag":"mysql-db-conn","msg":"쿼리 실행 [object Object]"}
{"time":"2026-06-02T00:09:35.078Z","level":"DEBUG","tag":"service-server:WebSocketHandler","msg":"응답 전송됨 (크기: 556)"}
{"time":"2026-06-02T00:09:35.087Z","level":"DEBUG","tag":"service-server:WebSocketHandler","msg":"요청 수신됨 [object Object]"}
{"time":"2026-06-02T00:09:35.088Z","level":"DEBUG","tag":"mysql-db-conn","msg":"쿼리 실행 [object Object]"}
{"time":"2026-06-02T00:09:45.190Z","level":"DEBUG","tag":"service-server:WebSocketHandler","msg":"응답 전송됨 (크기: 194)"}
{"time":"2026-06-02T00:09:45.198Z","level":"DEBUG","tag":"service-server:WebSocketHandler","msg":"요청 수신됨 [object Object]"}
{"time":"2026-06-02T00:09:45.198Z","level":"DEBUG","tag":"service-server:WebSocketHandler","msg":"응답 전송됨 (크기: 45)"}
{"time":"2026-06-02T00:09:45.206Z","level":"DEBUG","tag":"service-server:WebSocketHandler","msg":"요청 수신됨 [object Object]"}
{"time":"2026-06-02T00:09:45.206Z","level":"DEBUG","tag":"service-server:WebSocketHandler","msg":"응답 전송됨 (크기: 40)"}
{"time":"2026-06-02T00:09:49.048Z","level":"DEBUG","tag":"service-server:WebSocketHandler","msg":"요청 수신됨 [object Object]"}
{"time":"2026-06-02T00:09:49.055Z","level":"DEBUG","tag":"mysql-db-conn","msg":"쿼리 실행 [object Object]"}
{"time":"2026-06-02T00:09:49.062Z","level":"DEBUG","tag":"service-server:WebSocketHandler","msg":"응답 전송됨 (크기: 2279)"}
{"time":"2026-06-02T00:09:49.070Z","level":"DEBUG","tag":"service-server:WebSocketHandler","msg":"요청 수신됨 [object Object]"}
{"time":"2026-06-02T00:09:49.071Z","level":"DEBUG","tag":"service-server:WebSocketHandler","msg":"응답 전송됨 (크기: 40)"}
{"time":"2026-06-02T00:09:49.078Z","level":"DEBUG","tag":"service-server:WebSocketHandler","msg":"요청 수신됨 [object Object]"}
{"time":"2026-06-02T00:09:49.078Z","level":"DEBUG","tag":"service-server:WebSocketHandler","msg":"응답 전송됨 (크기: 40)"}
{"time":"2026-06-02T00:09:49.086Z","level":"DEBUG","tag":"service-server:WebSocketHandler","msg":"요청 수신됨 [object Object]"}
{"time":"2026-06-02T00:09:49.087Z","level":"DEBUG","tag":"service-server:WebSocketHandler","msg":"응답 전송됨 (크기: 40)"}
{"time":"2026-06-02T00:09:49.094Z","level":"DEBUG","tag":"service-server:WebSocketHandler","msg":"요청 수신됨 [object Object]"}
{"time":"2026-06-02T00:09:49.100Z","level":"DEBUG","tag":"mysql-db-conn","msg":"쿼리 실행 [object Object]"}
{"time":"2026-06-02T00:09:49.107Z","level":"DEBUG","tag":"service-server:WebSocketHandler","msg":"응답 전송됨 (크기: 2279)"}
{"time":"2026-06-02T00:09:49.115Z","level":"DEBUG","tag":"service-server:WebSocketHandler","msg":"요청 수신됨 [object Object]"}
{"time":"2026-06-02T00:09:49.116Z","level":"DEBUG","tag":"service-server:WebSocketHandler","msg":"응답 전송됨 (크기: 40)"}
{"time":"2026-06-02T00:09:49.123Z","level":"DEBUG","tag":"service-server:WebSocketHandler","msg":"요청 수신됨 [object Object]"}
{"time":"2026-06-02T00:09:49.123Z","level":"DEBUG","tag":"service-server:WebSocketHandler","msg":"응답 전송됨 (크기: 40)"}
{"time":"2026-06-02T00:09:49.131Z","level":"DEBUG","tag":"service-server:WebSocketHandler","msg":"요청 수신됨 [object Object]"}
{"time":"2026-06-02T00:09:49.131Z","level":"DEBUG","tag":"service-server:WebSocketHandler","msg":"응답 전송됨 (크기: 40)"}
{"time":"2026-06-02T00:09:49.139Z","level":"DEBUG","tag":"service-server:WebSocketHandler","msg":"요청 수신됨 [object Object]"}
{"time":"2026-06-02T00:09:49.140Z","level":"DEBUG","tag":"service-server:WebSocketHandler","msg":"응답 전송됨 (크기: 79)"}
{"time":"2026-06-02T00:09:49.147Z","level":"DEBUG","tag":"service-server:WebSocketHandler","msg":"요청 수신됨 [object Object]"}
{"time":"2026-06-02T00:09:49.150Z","level":"DEBUG","tag":"service-server:WebSocketHandler","msg":"응답 전송됨 (크기: 42)"}
{"time":"2026-06-02T00:09:49.157Z","level":"DEBUG","tag":"service-server:WebSocketHandler","msg":"요청 수신됨 [object Object]"}
{"time":"2026-06-02T00:09:49.158Z","level":"DEBUG","tag":"mysql-db-conn","msg":"쿼리 실행 [object Object]"}
{"time":"2026-06-02T00:09:49.159Z","level":"DEBUG","tag":"service-server:WebSocketHandler","msg":"응답 전송됨 (크기: 68)"}
{"time":"2026-06-02T00:09:49.168Z","level":"DEBUG","tag":"service-server:WebSocketHandler","msg":"요청 수신됨 [object Object]"}
{"time":"2026-06-02T00:09:49.168Z","level":"DEBUG","tag":"mysql-db-conn","msg":"쿼리 실행 [object Object]"}
{"time":"2026-06-02T00:09:49.169Z","level":"DEBUG","tag":"service-server:WebSocketHandler","msg":"응답 전송됨 (크기: 92)"}
{"time":"2026-06-02T00:09:49.176Z","level":"DEBUG","tag":"service-server:WebSocketHandler","msg":"요청 수신됨 [object Object]"}
{"time":"2026-06-02T00:09:49.176Z","level":"DEBUG","tag":"mysql-db-conn","msg":"쿼리 실행 [object Object]"}
{"time":"2026-06-02T00:09:49.179Z","level":"DEBUG","tag":"service-server:WebSocketHandler","msg":"응답 전송됨 (크기: 670)"}
{"time":"2026-06-02T00:09:49.188Z","level":"DEBUG","tag":"service-server:WebSocketHandler","msg":"요청 수신됨 [object Object]"}
{"time":"2026-06-02T00:09:49.191Z","level":"DEBUG","tag":"service-server:WebSocketHandler","msg":"응답 전송됨 (크기: 556)"}
{"time":"2026-06-02T00:09:49.200Z","level":"DEBUG","tag":"service-server:WebSocketHandler","msg":"요청 수신됨 [object Object]"}
{"time":"2026-06-02T00:09:49.176Z","level":"DEBUG","tag":"mysql-db-conn","msg":"쿼리 실행 [object Object]"}
{"time":"2026-06-02T00:09:49.200Z","level":"DEBUG","tag":"mysql-db-conn","msg":"쿼리 실행 [object Object]"}
{"time":"2026-06-02T00:09:58.495Z","level":"DEBUG","tag":"service-server:WebSocketHandler","msg":"응답 전송됨 (크기: 194)"}
{"time":"2026-06-02T00:09:58.505Z","level":"DEBUG","tag":"service-server:WebSocketHandler","msg":"요청 수신됨 [object Object]"}
{"time":"2026-06-02T00:09:58.505Z","level":"DEBUG","tag":"service-server:WebSocketHandler","msg":"응답 전송됨 (크기: 45)"}
{"time":"2026-06-02T00:09:58.513Z","level":"DEBUG","tag":"service-server:WebSocketHandler","msg":"요청 수신됨 [object Object]"}
{"time":"2026-06-02T00:09:58.513Z","level":"DEBUG","tag":"service-server:WebSocketHandler","msg":"응답 전송됨 (크기: 40)"}
{"time":"2026-06-02T00:10:56.993Z","level":"DEBUG","tag":"service-server:WebSocketHandler","msg":"요청 수신됨 [object Object]"}
{"time":"2026-06-02T00:10:57.004Z","level":"DEBUG","tag":"mysql-db-conn","msg":"쿼리 실행 [object Object]"}
{"time":"2026-06-02T00:10:57.016Z","level":"DEBUG","tag":"service-server:WebSocketHandler","msg":"응답 전송됨 (크기: 2279)"}
{"time":"2026-06-02T00:10:57.024Z","level":"DEBUG","tag":"service-server:WebSocketHandler","msg":"요청 수신됨 [object Object]"}
{"time":"2026-06-02T00:10:57.025Z","level":"DEBUG","tag":"service-server:WebSocketHandler","msg":"응답 전송됨 (크기: 40)"}
{"time":"2026-06-02T00:10:57.032Z","level":"DEBUG","tag":"service-server:WebSocketHandler","msg":"요청 수신됨 [object Object]"}
{"time":"2026-06-02T00:10:57.032Z","level":"DEBUG","tag":"service-server:WebSocketHandler","msg":"응답 전송됨 (크기: 40)"}
{"time":"2026-06-02T00:10:57.040Z","level":"DEBUG","tag":"service-server:WebSocketHandler","msg":"요청 수신됨 [object Object]"}
{"time":"2026-06-02T00:10:57.040Z","level":"DEBUG","tag":"service-server:WebSocketHandler","msg":"응답 전송됨 (크기: 40)"}
{"time":"2026-06-02T00:10:57.050Z","level":"DEBUG","tag":"service-server:WebSocketHandler","msg":"요청 수신됨 [object Object]"}
{"time":"2026-06-02T00:10:57.057Z","level":"DEBUG","tag":"mysql-db-conn","msg":"쿼리 실행 [object Object]"}
{"time":"2026-06-02T00:10:57.068Z","level":"DEBUG","tag":"service-server:WebSocketHandler","msg":"응답 전송됨 (크기: 2279)"}
{"time":"2026-06-02T00:10:57.076Z","level":"DEBUG","tag":"service-server:WebSocketHandler","msg":"요청 수신됨 [object Object]"}
{"time":"2026-06-02T00:10:57.078Z","level":"DEBUG","tag":"service-server:WebSocketHandler","msg":"응답 전송됨 (크기: 40)"}
{"time":"2026-06-02T00:10:57.084Z","level":"DEBUG","tag":"service-server:WebSocketHandler","msg":"요청 수신됨 [object Object]"}
{"time":"2026-06-02T00:10:57.085Z","level":"DEBUG","tag":"service-server:WebSocketHandler","msg":"응답 전송됨 (크기: 40)"}
{"time":"2026-06-02T00:10:57.093Z","level":"DEBUG","tag":"service-server:WebSocketHandler","msg":"요청 수신됨 [object Object]"}
{"time":"2026-06-02T00:10:57.093Z","level":"DEBUG","tag":"service-server:WebSocketHandler","msg":"응답 전송됨 (크기: 40)"}
{"time":"2026-06-02T00:10:57.101Z","level":"DEBUG","tag":"service-server:WebSocketHandler","msg":"요청 수신됨 [object Object]"}
{"time":"2026-06-02T00:10:57.101Z","level":"DEBUG","tag":"service-server:WebSocketHandler","msg":"응답 전송됨 (크기: 79)"}
{"time":"2026-06-02T00:10:57.109Z","level":"DEBUG","tag":"service-server:WebSocketHandler","msg":"요청 수신됨 [object Object]"}
{"time":"2026-06-02T00:10:57.114Z","level":"DEBUG","tag":"service-server:WebSocketHandler","msg":"응답 전송됨 (크기: 42)"}
{"time":"2026-06-02T00:10:57.123Z","level":"DEBUG","tag":"service-server:WebSocketHandler","msg":"요청 수신됨 [object Object]"}
{"time":"2026-06-02T00:10:57.123Z","level":"DEBUG","tag":"mysql-db-conn","msg":"쿼리 실행 [object Object]"}
{"time":"2026-06-02T00:10:57.125Z","level":"DEBUG","tag":"service-server:WebSocketHandler","msg":"응답 전송됨 (크기: 68)"}
{"time":"2026-06-02T00:10:57.133Z","level":"DEBUG","tag":"service-server:WebSocketHandler","msg":"요청 수신됨 [object Object]"}
{"time":"2026-06-02T00:10:57.133Z","level":"DEBUG","tag":"mysql-db-conn","msg":"쿼리 실행 [object Object]"}
{"time":"2026-06-02T00:10:57.135Z","level":"DEBUG","tag":"service-server:WebSocketHandler","msg":"응답 전송됨 (크기: 92)"}
{"time":"2026-06-02T00:10:57.143Z","level":"DEBUG","tag":"service-server:WebSocketHandler","msg":"요청 수신됨 [object Object]"}
{"time":"2026-06-02T00:10:57.144Z","level":"DEBUG","tag":"mysql-db-conn","msg":"쿼리 실행 [object Object]"}
{"time":"2026-06-02T00:10:57.147Z","level":"DEBUG","tag":"service-server:WebSocketHandler","msg":"응답 전송됨 (크기: 670)"}
{"time":"2026-06-02T00:10:57.156Z","level":"DEBUG","tag":"service-server:WebSocketHandler","msg":"요청 수신됨 [object Object]"}
{"time":"2026-06-02T00:10:57.156Z","level":"DEBUG","tag":"mysql-db-conn","msg":"쿼리 실행 [object Object]"}
{"time":"2026-06-02T00:10:57.159Z","level":"DEBUG","tag":"service-server:WebSocketHandler","msg":"응답 전송됨 (크기: 556)"}
{"time":"2026-06-02T00:10:57.166Z","level":"DEBUG","tag":"service-server:WebSocketHandler","msg":"요청 수신됨 [object Object]"}
{"time":"2026-06-02T00:10:57.166Z","level":"DEBUG","tag":"mysql-db-conn","msg":"쿼리 실행 [object Object]"}
{"time":"2026-06-02T00:11:08.049Z","level":"DEBUG","tag":"service-server:WebSocketHandler","msg":"응답 전송됨 (크기: 194)"}
{"time":"2026-06-02T00:11:08.056Z","level":"DEBUG","tag":"service-server:WebSocketHandler","msg":"클라이언트 연결 해제됨: (code: 1005)"}
{"time":"2026-06-02T00:11:08.058Z","level":"DEBUG","tag":"service-server:WebSocketHandler","msg":"요청 수신됨 [object Object]"}
{"time":"2026-06-02T00:11:08.058Z","level":"DEBUG","tag":"service-server:WebSocketHandler","msg":"응답 전송됨 (크기: 45)"}
{"time":"2026-06-02T00:11:08.066Z","level":"DEBUG","tag":"service-server:WebSocketHandler","msg":"요청 수신됨 [object Object]"}
{"time":"2026-06-02T00:11:08.067Z","level":"DEBUG","tag":"service-server:WebSocketHandler","msg":"응답 전송됨 (크기: 40)"}
{"time":"2026-06-02T00:11:11.337Z","level":"DEBUG","tag":"service-server:WebSocketHandler","msg":"요청 수신됨 [object Object]"}
{"time":"2026-06-02T00:11:11.346Z","level":"DEBUG","tag":"mysql-db-conn","msg":"쿼리 실행 [object Object]"}
{"time":"2026-06-02T00:11:11.354Z","level":"DEBUG","tag":"service-server:WebSocketHandler","msg":"응답 전송됨 (크기: 2279)"}
{"time":"2026-06-02T00:11:11.363Z","level":"DEBUG","tag":"service-server:WebSocketHandler","msg":"요청 수신됨 [object Object]"}
{"time":"2026-06-02T00:11:11.365Z","level":"DEBUG","tag":"service-server:WebSocketHandler","msg":"응답 전송됨 (크기: 40)"}
{"time":"2026-06-02T00:11:11.374Z","level":"DEBUG","tag":"service-server:WebSocketHandler","msg":"요청 수신됨 [object Object]"}
{"time":"2026-06-02T00:11:11.374Z","level":"DEBUG","tag":"service-server:WebSocketHandler","msg":"응답 전송됨 (크기: 40)"}
{"time":"2026-06-02T00:11:11.382Z","level":"DEBUG","tag":"service-server:WebSocketHandler","msg":"요청 수신됨 [object Object]"}
{"time":"2026-06-02T00:11:11.382Z","level":"DEBUG","tag":"service-server:WebSocketHandler","msg":"응답 전송됨 (크기: 40)"}
{"time":"2026-06-02T00:11:11.394Z","level":"DEBUG","tag":"service-server:WebSocketHandler","msg":"요청 수신됨 [object Object]"}
{"time":"2026-06-02T00:11:11.400Z","level":"DEBUG","tag":"mysql-db-conn","msg":"쿼리 실행 [object Object]"}
{"time":"2026-06-02T00:11:11.407Z","level":"DEBUG","tag":"service-server:WebSocketHandler","msg":"응답 전송됨 (크기: 2279)"}
{"time":"2026-06-02T00:11:11.414Z","level":"DEBUG","tag":"service-server:WebSocketHandler","msg":"요청 수신됨 [object Object]"}
{"time":"2026-06-02T00:11:11.415Z","level":"DEBUG","tag":"service-server:WebSocketHandler","msg":"응답 전송됨 (크기: 40)"}
{"time":"2026-06-02T00:11:11.422Z","level":"DEBUG","tag":"service-server:WebSocketHandler","msg":"요청 수신됨 [object Object]"}
{"time":"2026-06-02T00:11:11.423Z","level":"DEBUG","tag":"service-server:WebSocketHandler","msg":"응답 전송됨 (크기: 40)"}
{"time":"2026-06-02T00:11:11.428Z","level":"DEBUG","tag":"service-server:WebSocketHandler","msg":"요청 수신됨 [object Object]"}
{"time":"2026-06-02T00:11:11.429Z","level":"DEBUG","tag":"service-server:WebSocketHandler","msg":"응답 전송됨 (크기: 40)"}
{"time":"2026-06-02T00:11:11.437Z","level":"DEBUG","tag":"service-server:WebSocketHandler","msg":"요청 수신됨 [object Object]"}
{"time":"2026-06-02T00:11:11.437Z","level":"DEBUG","tag":"service-server:WebSocketHandler","msg":"응답 전송됨 (크기: 79)"}
{"time":"2026-06-02T00:11:11.445Z","level":"DEBUG","tag":"service-server:WebSocketHandler","msg":"요청 수신됨 [object Object]"}
{"time":"2026-06-02T00:11:11.449Z","level":"DEBUG","tag":"service-server:WebSocketHandler","msg":"응답 전송됨 (크기: 42)"}
{"time":"2026-06-02T00:11:11.457Z","level":"DEBUG","tag":"service-server:WebSocketHandler","msg":"요청 수신됨 [object Object]"}
{"time":"2026-06-02T00:11:11.457Z","level":"DEBUG","tag":"mysql-db-conn","msg":"쿼리 실행 [object Object]"}
{"time":"2026-06-02T00:11:11.459Z","level":"DEBUG","tag":"service-server:WebSocketHandler","msg":"응답 전송됨 (크기: 68)"}
{"time":"2026-06-02T00:11:11.467Z","level":"DEBUG","tag":"service-server:WebSocketHandler","msg":"요청 수신됨 [object Object]"}
{"time":"2026-06-02T00:11:11.467Z","level":"DEBUG","tag":"mysql-db-conn","msg":"쿼리 실행 [object Object]"}
{"time":"2026-06-02T00:11:11.469Z","level":"DEBUG","tag":"service-server:WebSocketHandler","msg":"응답 전송됨 (크기: 92)"}
{"time":"2026-06-02T00:11:11.477Z","level":"DEBUG","tag":"service-server:WebSocketHandler","msg":"요청 수신됨 [object Object]"}
{"time":"2026-06-02T00:11:11.478Z","level":"DEBUG","tag":"mysql-db-conn","msg":"쿼리 실행 [object Object]"}
{"time":"2026-06-02T00:11:11.481Z","level":"DEBUG","tag":"service-server:WebSocketHandler","msg":"응답 전송됨 (크기: 670)"}
{"time":"2026-06-02T00:11:11.490Z","level":"DEBUG","tag":"service-server:WebSocketHandler","msg":"요청 수신됨 [object Object]"}
{"time":"2026-06-02T00:11:11.490Z","level":"DEBUG","tag":"mysql-db-conn","msg":"쿼리 실행 [object Object]"}
{"time":"2026-06-02T00:11:11.493Z","level":"DEBUG","tag":"service-server:WebSocketHandler","msg":"응답 전송됨 (크기: 556)"}
{"time":"2026-06-02T00:11:11.500Z","level":"DEBUG","tag":"service-server:WebSocketHandler","msg":"요청 수신됨 [object Object]"}
{"time":"2026-06-02T00:11:11.500Z","level":"DEBUG","tag":"mysql-db-conn","msg":"쿼리 실행 [object Object]"}
{"time":"2026-06-02T00:11:20.731Z","level":"DEBUG","tag":"service-server:WebSocketHandler","msg":"응답 전송됨 (크기: 194)"}
{"time":"2026-06-02T00:11:20.738Z","level":"DEBUG","tag":"service-server:WebSocketHandler","msg":"클라이언트 연결 해제됨: (code: 1005)"}
{"time":"2026-06-02T00:11:20.738Z","level":"DEBUG","tag":"service-server:OrmService","msg":"소켓 종료 감지: 열린 모든 DB 연결을 정리합니다."}
{"time":"2026-06-02T00:11:20.739Z","level":"DEBUG","tag":"service-server:WebSocketHandler","msg":"요청 수신됨 [object Object]"}
{"time":"2026-06-02T00:11:20.739Z","level":"DEBUG","tag":"service-server:WebSocketHandler","msg":"응답 전송됨 (크기: 45)"}
{"time":"2026-06-02T00:11:20.747Z","level":"DEBUG","tag":"service-server:WebSocketHandler","msg":"요청 수신됨 [object Object]"}
{"time":"2026-06-02T00:11:20.747Z","level":"DEBUG","tag":"service-server:WebSocketHandler","msg":"응답 전송됨 (크기: 40)"}
{"time":"2026-06-02T00:11:24.941Z","level":"DEBUG","tag":"service-server:WebSocketHandler","msg":"요청 수신됨 [object Object]"}
{"time":"2026-06-02T00:11:24.949Z","level":"DEBUG","tag":"mysql-db-conn","msg":"쿼리 실행 [object Object]"}
{"time":"2026-06-02T00:11:24.956Z","level":"DEBUG","tag":"service-server:WebSocketHandler","msg":"응답 전송됨 (크기: 2279)"}
{"time":"2026-06-02T00:11:24.965Z","level":"DEBUG","tag":"service-server:WebSocketHandler","msg":"요청 수신됨 [object Object]"}
{"time":"2026-06-02T00:11:24.966Z","level":"DEBUG","tag":"service-server:WebSocketHandler","msg":"응답 전송됨 (크기: 40)"}
{"time":"2026-06-02T00:11:24.973Z","level":"DEBUG","tag":"service-server:WebSocketHandler","msg":"요청 수신됨 [object Object]"}
{"time":"2026-06-02T00:11:24.974Z","level":"DEBUG","tag":"service-server:WebSocketHandler","msg":"응답 전송됨 (크기: 40)"}
{"time":"2026-06-02T00:11:24.982Z","level":"DEBUG","tag":"service-server:WebSocketHandler","msg":"요청 수신됨 [object Object]"}
{"time":"2026-06-02T00:11:24.982Z","level":"DEBUG","tag":"service-server:WebSocketHandler","msg":"응답 전송됨 (크기: 40)"}
{"time":"2026-06-02T00:11:24.992Z","level":"DEBUG","tag":"service-server:WebSocketHandler","msg":"요청 수신됨 [object Object]"}
{"time":"2026-06-02T00:11:24.998Z","level":"DEBUG","tag":"mysql-db-conn","msg":"쿼리 실행 [object Object]"}
{"time":"2026-06-02T00:11:25.001Z","level":"DEBUG","tag":"service-server:WebSocketHandler","msg":"응답 전송됨 (크기: 2279)"}
{"time":"2026-06-02T00:11:25.008Z","level":"DEBUG","tag":"service-server:WebSocketHandler","msg":"요청 수신됨 [object Object]"}
{"time":"2026-06-02T00:11:25.008Z","level":"DEBUG","tag":"service-server:WebSocketHandler","msg":"응답 전송됨 (크기: 40)"}
{"time":"2026-06-02T00:11:25.016Z","level":"DEBUG","tag":"service-server:WebSocketHandler","msg":"요청 수신됨 [object Object]"}
{"time":"2026-06-02T00:11:25.016Z","level":"DEBUG","tag":"service-server:WebSocketHandler","msg":"응답 전송됨 (크기: 40)"}
{"time":"2026-06-02T00:11:25.024Z","level":"DEBUG","tag":"service-server:WebSocketHandler","msg":"요청 수신됨 [object Object]"}
{"time":"2026-06-02T00:11:25.024Z","level":"DEBUG","tag":"service-server:WebSocketHandler","msg":"응답 전송됨 (크기: 40)"}
{"time":"2026-06-02T00:11:25.030Z","level":"DEBUG","tag":"service-server:WebSocketHandler","msg":"요청 수신됨 [object Object]"}
{"time":"2026-06-02T00:11:25.031Z","level":"DEBUG","tag":"service-server:WebSocketHandler","msg":"응답 전송됨 (크기: 79)"}
{"time":"2026-06-02T00:11:25.039Z","level":"DEBUG","tag":"service-server:WebSocketHandler","msg":"요청 수신됨 [object Object]"}
{"time":"2026-06-02T00:11:25.041Z","level":"DEBUG","tag":"service-server:WebSocketHandler","msg":"응답 전송됨 (크기: 42)"}
{"time":"2026-06-02T00:11:25.049Z","level":"DEBUG","tag":"service-server:WebSocketHandler","msg":"요청 수신됨 [object Object]"}
{"time":"2026-06-02T00:11:25.049Z","level":"DEBUG","tag":"mysql-db-conn","msg":"쿼리 실행 [object Object]"}
{"time":"2026-06-02T00:11:25.051Z","level":"DEBUG","tag":"service-server:WebSocketHandler","msg":"응답 전송됨 (크기: 68)"}
{"time":"2026-06-02T00:11:25.059Z","level":"DEBUG","tag":"service-server:WebSocketHandler","msg":"요청 수신됨 [object Object]"}
{"time":"2026-06-02T00:11:25.059Z","level":"DEBUG","tag":"mysql-db-conn","msg":"쿼리 실행 [object Object]"}
{"time":"2026-06-02T00:11:25.061Z","level":"DEBUG","tag":"service-server:WebSocketHandler","msg":"응답 전송됨 (크기: 92)"}
{"time":"2026-06-02T00:11:25.067Z","level":"DEBUG","tag":"service-server:WebSocketHandler","msg":"요청 수신됨 [object Object]"}
{"time":"2026-06-02T00:11:25.068Z","level":"DEBUG","tag":"mysql-db-conn","msg":"쿼리 실행 [object Object]"}
{"time":"2026-06-02T00:11:25.071Z","level":"DEBUG","tag":"service-server:WebSocketHandler","msg":"응답 전송됨 (크기: 670)"}
{"time":"2026-06-02T00:11:25.079Z","level":"DEBUG","tag":"service-server:WebSocketHandler","msg":"요청 수신됨 [object Object]"}
{"time":"2026-06-02T00:11:25.080Z","level":"DEBUG","tag":"mysql-db-conn","msg":"쿼리 실행 [object Object]"}
{"time":"2026-06-02T00:11:25.083Z","level":"DEBUG","tag":"service-server:WebSocketHandler","msg":"응답 전송됨 (크기: 556)"}
{"time":"2026-06-02T00:11:25.092Z","level":"DEBUG","tag":"service-server:WebSocketHandler","msg":"요청 수신됨 [object Object]"}
{"time":"2026-06-02T00:11:25.092Z","level":"DEBUG","tag":"mysql-db-conn","msg":"쿼리 실행 [object Object]"}
{"time":"2026-06-02T00:11:37.192Z","level":"DEBUG","tag":"service-server:WebSocketHandler","msg":"응답 전송됨 (크기: 194)"}
{"time":"2026-06-02T00:11:37.198Z","level":"DEBUG","tag":"service-server:WebSocketHandler","msg":"요청 수신됨 [object Object]"}
{"time":"2026-06-02T00:11:37.199Z","level":"DEBUG","tag":"service-server:WebSocketHandler","msg":"응답 전송됨 (크기: 45)"}
{"time":"2026-06-02T00:11:37.204Z","level":"DEBUG","tag":"service-server:WebSocketHandler","msg":"요청 수신됨 [object Object]"}
{"time":"2026-06-02T00:11:37.204Z","level":"DEBUG","tag":"service-server:WebSocketHandler","msg":"응답 전송됨 (크기: 40)"}
{"time":"2026-06-02T00:11:40.660Z","level":"DEBUG","tag":"service-server:WebSocketHandler","msg":"요청 수신됨 [object Object]"}
{"time":"2026-06-02T00:11:40.667Z","level":"DEBUG","tag":"mysql-db-conn","msg":"쿼리 실행 [object Object]"}
{"time":"2026-06-02T00:11:40.675Z","level":"DEBUG","tag":"service-server:WebSocketHandler","msg":"응답 전송됨 (크기: 2279)"}
{"time":"2026-06-02T00:11:40.681Z","level":"DEBUG","tag":"service-server:WebSocketHandler","msg":"요청 수신됨 [object Object]"}
{"time":"2026-06-02T00:11:40.682Z","level":"DEBUG","tag":"service-server:WebSocketHandler","msg":"응답 전송됨 (크기: 40)"}
{"time":"2026-06-02T00:11:40.689Z","level":"DEBUG","tag":"service-server:WebSocketHandler","msg":"요청 수신됨 [object Object]"}
{"time":"2026-06-02T00:11:40.689Z","level":"DEBUG","tag":"service-server:WebSocketHandler","msg":"응답 전송됨 (크기: 40)"}
{"time":"2026-06-02T00:11:40.695Z","level":"DEBUG","tag":"service-server:WebSocketHandler","msg":"요청 수신됨 [object Object]"}
{"time":"2026-06-02T00:11:40.695Z","level":"DEBUG","tag":"service-server:WebSocketHandler","msg":"응답 전송됨 (크기: 40)"}
{"time":"2026-06-02T00:11:40.703Z","level":"DEBUG","tag":"service-server:WebSocketHandler","msg":"요청 수신됨 [object Object]"}
{"time":"2026-06-02T00:11:40.708Z","level":"DEBUG","tag":"mysql-db-conn","msg":"쿼리 실행 [object Object]"}
{"time":"2026-06-02T00:11:40.715Z","level":"DEBUG","tag":"service-server:WebSocketHandler","msg":"응답 전송됨 (크기: 2279)"}
{"time":"2026-06-02T00:11:40.721Z","level":"DEBUG","tag":"service-server:WebSocketHandler","msg":"요청 수신됨 [object Object]"}
{"time":"2026-06-02T00:11:40.722Z","level":"DEBUG","tag":"service-server:WebSocketHandler","msg":"응답 전송됨 (크기: 40)"}
{"time":"2026-06-02T00:11:40.729Z","level":"DEBUG","tag":"service-server:WebSocketHandler","msg":"요청 수신됨 [object Object]"}
{"time":"2026-06-02T00:11:40.730Z","level":"DEBUG","tag":"service-server:WebSocketHandler","msg":"응답 전송됨 (크기: 40)"}
{"time":"2026-06-02T00:11:40.735Z","level":"DEBUG","tag":"service-server:WebSocketHandler","msg":"요청 수신됨 [object Object]"}
{"time":"2026-06-02T00:11:40.736Z","level":"DEBUG","tag":"service-server:WebSocketHandler","msg":"응답 전송됨 (크기: 40)"}
{"time":"2026-06-02T00:11:40.741Z","level":"DEBUG","tag":"service-server:WebSocketHandler","msg":"요청 수신됨 [object Object]"}
{"time":"2026-06-02T00:11:40.742Z","level":"DEBUG","tag":"service-server:WebSocketHandler","msg":"응답 전송됨 (크기: 79)"}
{"time":"2026-06-02T00:11:40.748Z","level":"DEBUG","tag":"service-server:WebSocketHandler","msg":"요청 수신됨 [object Object]"}
{"time":"2026-06-02T00:11:40.751Z","level":"DEBUG","tag":"service-server:WebSocketHandler","msg":"응답 전송됨 (크기: 42)"}
{"time":"2026-06-02T00:11:40.758Z","level":"DEBUG","tag":"service-server:WebSocketHandler","msg":"요청 수신됨 [object Object]"}
{"time":"2026-06-02T00:11:40.758Z","level":"DEBUG","tag":"mysql-db-conn","msg":"쿼리 실행 [object Object]"}
{"time":"2026-06-02T00:11:40.760Z","level":"DEBUG","tag":"service-server:WebSocketHandler","msg":"응답 전송됨 (크기: 68)"}
{"time":"2026-06-02T00:11:40.766Z","level":"DEBUG","tag":"service-server:WebSocketHandler","msg":"요청 수신됨 [object Object]"}
{"time":"2026-06-02T00:11:40.766Z","level":"DEBUG","tag":"mysql-db-conn","msg":"쿼리 실행 [object Object]"}
{"time":"2026-06-02T00:11:40.767Z","level":"DEBUG","tag":"service-server:WebSocketHandler","msg":"응답 전송됨 (크기: 92)"}
{"time":"2026-06-02T00:11:40.774Z","level":"DEBUG","tag":"service-server:WebSocketHandler","msg":"요청 수신됨 [object Object]"}
{"time":"2026-06-02T00:11:40.774Z","level":"DEBUG","tag":"mysql-db-conn","msg":"쿼리 실행 [object Object]"}
{"time":"2026-06-02T00:11:40.777Z","level":"DEBUG","tag":"service-server:WebSocketHandler","msg":"응답 전송됨 (크기: 670)"}
{"time":"2026-06-02T00:11:40.784Z","level":"DEBUG","tag":"service-server:WebSocketHandler","msg":"요청 수신됨 [object Object]"}
{"time":"2026-06-02T00:11:40.784Z","level":"DEBUG","tag":"mysql-db-conn","msg":"쿼리 실행 [object Object]"}
{"time":"2026-06-02T00:11:40.787Z","level":"DEBUG","tag":"service-server:WebSocketHandler","msg":"응답 전송됨 (크기: 556)"}
{"time":"2026-06-02T00:11:40.793Z","level":"DEBUG","tag":"service-server:WebSocketHandler","msg":"요청 수신됨 [object Object]"}
{"time":"2026-06-02T00:11:40.793Z","level":"DEBUG","tag":"mysql-db-conn","msg":"쿼리 실행 [object Object]"}
{"time":"2026-06-02T00:11:52.871Z","level":"DEBUG","tag":"service-server:WebSocketHandler","msg":"응답 전송됨 (크기: 194)"}
{"time":"2026-06-02T00:11:52.878Z","level":"DEBUG","tag":"service-server:WebSocketHandler","msg":"요청 수신됨 [object Object]"}
{"time":"2026-06-02T00:11:52.879Z","level":"DEBUG","tag":"service-server:WebSocketHandler","msg":"응답 전송됨 (크기: 45)"}
{"time":"2026-06-02T00:11:52.887Z","level":"DEBUG","tag":"service-server:WebSocketHandler","msg":"요청 수신됨 [object Object]"}
{"time":"2026-06-02T00:11:52.887Z","level":"DEBUG","tag":"service-server:WebSocketHandler","msg":"응답 전송됨 (크기: 40)"}
{"time":"2026-06-02T00:12:02.954Z","level":"DEBUG","tag":"service-server:WebSocketHandler","msg":"클라이언트 연결됨 [object Object]"}
{"time":"2026-06-02T00:12:02.959Z","level":"DEBUG","tag":"service-server:WebSocketHandler","msg":"요청 수신됨 [object Object]"}
{"time":"2026-06-02T00:12:02.961Z","level":"DEBUG","tag":"service-server:WebSocketHandler","msg":"응답 전송됨 (크기: 40)"}
{"time":"2026-06-02T00:12:02.965Z","level":"DEBUG","tag":"service-server:WebSocketHandler","msg":"요청 수신됨 [object Object]"}
{"time":"2026-06-02T00:12:02.965Z","level":"DEBUG","tag":"service-server:WebSocketHandler","msg":"응답 전송됨 (크기: 40)"}
{"time":"2026-06-02T00:12:06.142Z","level":"DEBUG","tag":"service-server:WebSocketHandler","msg":"요청 수신됨 [object Object]"}
{"time":"2026-06-02T00:12:06.150Z","level":"DEBUG","tag":"mysql-db-conn","msg":"쿼리 실행 [object Object]"}
{"time":"2026-06-02T00:12:06.158Z","level":"DEBUG","tag":"service-server:WebSocketHandler","msg":"응답 전송됨 (크기: 2279)"}
{"time":"2026-06-02T00:12:06.167Z","level":"DEBUG","tag":"service-server:WebSocketHandler","msg":"요청 수신됨 [object Object]"}
{"time":"2026-06-02T00:12:06.168Z","level":"DEBUG","tag":"service-server:WebSocketHandler","msg":"응답 전송됨 (크기: 40)"}
{"time":"2026-06-02T00:12:06.175Z","level":"DEBUG","tag":"service-server:WebSocketHandler","msg":"요청 수신됨 [object Object]"}
{"time":"2026-06-02T00:12:06.175Z","level":"DEBUG","tag":"service-server:WebSocketHandler","msg":"응답 전송됨 (크기: 40)"}
{"time":"2026-06-02T00:12:06.183Z","level":"DEBUG","tag":"service-server:WebSocketHandler","msg":"요청 수신됨 [object Object]"}
{"time":"2026-06-02T00:12:06.183Z","level":"DEBUG","tag":"service-server:WebSocketHandler","msg":"응답 전송됨 (크기: 40)"}
{"time":"2026-06-02T00:12:06.193Z","level":"DEBUG","tag":"service-server:WebSocketHandler","msg":"요청 수신됨 [object Object]"}
{"time":"2026-06-02T00:12:06.199Z","level":"DEBUG","tag":"mysql-db-conn","msg":"쿼리 실행 [object Object]"}
{"time":"2026-06-02T00:12:06.206Z","level":"DEBUG","tag":"service-server:WebSocketHandler","msg":"응답 전송됨 (크기: 2279)"}
{"time":"2026-06-02T00:12:06.214Z","level":"DEBUG","tag":"service-server:WebSocketHandler","msg":"요청 수신됨 [object Object]"}
{"time":"2026-06-02T00:12:06.215Z","level":"DEBUG","tag":"service-server:WebSocketHandler","msg":"응답 전송됨 (크기: 40)"}
{"time":"2026-06-02T00:12:06.222Z","level":"DEBUG","tag":"service-server:WebSocketHandler","msg":"요청 수신됨 [object Object]"}
{"time":"2026-06-02T00:12:06.222Z","level":"DEBUG","tag":"service-server:WebSocketHandler","msg":"응답 전송됨 (크기: 40)"}
{"time":"2026-06-02T00:12:06.230Z","level":"DEBUG","tag":"service-server:WebSocketHandler","msg":"요청 수신됨 [object Object]"}
{"time":"2026-06-02T00:12:06.230Z","level":"DEBUG","tag":"service-server:WebSocketHandler","msg":"응답 전송됨 (크기: 40)"}
{"time":"2026-06-02T00:12:06.238Z","level":"DEBUG","tag":"service-server:WebSocketHandler","msg":"요청 수신됨 [object Object]"}
{"time":"2026-06-02T00:12:06.239Z","level":"DEBUG","tag":"service-server:WebSocketHandler","msg":"응답 전송됨 (크기: 79)"}
{"time":"2026-06-02T00:12:06.246Z","level":"DEBUG","tag":"service-server:WebSocketHandler","msg":"요청 수신됨 [object Object]"}
{"time":"2026-06-02T00:12:06.250Z","level":"DEBUG","tag":"service-server:WebSocketHandler","msg":"응답 전송됨 (크기: 42)"}
{"time":"2026-06-02T00:12:06.256Z","level":"DEBUG","tag":"service-server:WebSocketHandler","msg":"요청 수신됨 [object Object]"}
{"time":"2026-06-02T00:12:06.256Z","level":"DEBUG","tag":"mysql-db-conn","msg":"쿼리 실행 [object Object]"}
{"time":"2026-06-02T00:12:06.257Z","level":"DEBUG","tag":"service-server:WebSocketHandler","msg":"응답 전송됨 (크기: 68)"}
{"time":"2026-06-02T00:12:06.264Z","level":"DEBUG","tag":"service-server:WebSocketHandler","msg":"요청 수신됨 [object Object]"}
{"time":"2026-06-02T00:12:06.264Z","level":"DEBUG","tag":"mysql-db-conn","msg":"쿼리 실행 [object Object]"}
{"time":"2026-06-02T00:12:06.265Z","level":"DEBUG","tag":"service-server:WebSocketHandler","msg":"응답 전송됨 (크기: 92)"}
{"time":"2026-06-02T00:12:06.272Z","level":"DEBUG","tag":"service-server:WebSocketHandler","msg":"요청 수신됨 [object Object]"}
{"time":"2026-06-02T00:12:06.273Z","level":"DEBUG","tag":"mysql-db-conn","msg":"쿼리 실행 [object Object]"}
{"time":"2026-06-02T00:12:06.274Z","level":"DEBUG","tag":"service-server:WebSocketHandler","msg":"응답 전송됨 (크기: 670)"}
{"time":"2026-06-02T00:12:06.283Z","level":"DEBUG","tag":"service-server:WebSocketHandler","msg":"요청 수신됨 [object Object]"}
{"time":"2026-06-02T00:12:06.284Z","level":"DEBUG","tag":"service-server:WebSocketHandler","msg":"응답 전송됨 (크기: 556)"}
{"time":"2026-06-02T00:12:06.293Z","level":"DEBUG","tag":"service-server:WebSocketHandler","msg":"요청 수신됨 [object Object]"}
{"time":"2026-06-02T00:12:06.273Z","level":"DEBUG","tag":"mysql-db-conn","msg":"쿼리 실행 [object Object]"}
{"time":"2026-06-02T00:12:06.293Z","level":"DEBUG","tag":"mysql-db-conn","msg":"쿼리 실행 [object Object]"}
{"time":"2026-06-02T00:12:16.889Z","level":"DEBUG","tag":"service-server:WebSocketHandler","msg":"응답 전송됨 (크기: 194)"}
{"time":"2026-06-02T00:12:16.891Z","level":"DEBUG","tag":"service-server:WebSocketHandler","msg":"클라이언트 연결됨 [object Object]"}
{"time":"2026-06-02T00:12:16.897Z","level":"DEBUG","tag":"service-server:WebSocketHandler","msg":"요청 수신됨 [object Object]"}
{"time":"2026-06-02T00:12:16.898Z","level":"DEBUG","tag":"service-server:WebSocketHandler","msg":"응답 전송됨 (크기: 45)"}
{"time":"2026-06-02T00:12:16.902Z","level":"DEBUG","tag":"service-server:WebSocketHandler","msg":"요청 수신됨 [object Object]"}
{"time":"2026-06-02T00:12:16.903Z","level":"DEBUG","tag":"service-server:WebSocketHandler","msg":"응답 전송됨 (크기: 40)"}
{"time":"2026-06-02T00:12:16.903Z","level":"DEBUG","tag":"service-server:WebSocketHandler","msg":"요청 수신됨 [object Object]"}
{"time":"2026-06-02T00:12:16.904Z","level":"DEBUG","tag":"service-server:WebSocketHandler","msg":"응답 전송됨 (크기: 40)"}
{"time":"2026-06-02T00:12:29.505Z","level":"DEBUG","tag":"service-server:WebSocketHandler","msg":"요청 수신됨 [object Object]"}
{"time":"2026-06-02T00:12:29.512Z","level":"DEBUG","tag":"mysql-db-conn","msg":"쿼리 실행 [object Object]"}
{"time":"2026-06-02T00:12:29.517Z","level":"DEBUG","tag":"service-server:WebSocketHandler","msg":"응답 전송됨 (크기: 2279)"}
{"time":"2026-06-02T00:12:29.523Z","level":"DEBUG","tag":"service-server:WebSocketHandler","msg":"요청 수신됨 [object Object]"}
{"time":"2026-06-02T00:12:29.524Z","level":"DEBUG","tag":"service-server:WebSocketHandler","msg":"응답 전송됨 (크기: 40)"}
{"time":"2026-06-02T00:12:29.532Z","level":"DEBUG","tag":"service-server:WebSocketHandler","msg":"요청 수신됨 [object Object]"}
{"time":"2026-06-02T00:12:29.532Z","level":"DEBUG","tag":"service-server:WebSocketHandler","msg":"응답 전송됨 (크기: 40)"}
{"time":"2026-06-02T00:12:29.540Z","level":"DEBUG","tag":"service-server:WebSocketHandler","msg":"요청 수신됨 [object Object]"}
{"time":"2026-06-02T00:12:29.540Z","level":"DEBUG","tag":"service-server:WebSocketHandler","msg":"응답 전송됨 (크기: 40)"}
{"time":"2026-06-02T00:12:29.550Z","level":"DEBUG","tag":"service-server:WebSocketHandler","msg":"요청 수신됨 [object Object]"}
{"time":"2026-06-02T00:12:29.556Z","level":"DEBUG","tag":"mysql-db-conn","msg":"쿼리 실행 [object Object]"}
{"time":"2026-06-02T00:12:29.563Z","level":"DEBUG","tag":"service-server:WebSocketHandler","msg":"응답 전송됨 (크기: 2279)"}
{"time":"2026-06-02T00:12:29.570Z","level":"DEBUG","tag":"service-server:WebSocketHandler","msg":"요청 수신됨 [object Object]"}
{"time":"2026-06-02T00:12:29.571Z","level":"DEBUG","tag":"service-server:WebSocketHandler","msg":"응답 전송됨 (크기: 40)"}
{"time":"2026-06-02T00:12:29.578Z","level":"DEBUG","tag":"service-server:WebSocketHandler","msg":"요청 수신됨 [object Object]"}
{"time":"2026-06-02T00:12:29.579Z","level":"DEBUG","tag":"service-server:WebSocketHandler","msg":"응답 전송됨 (크기: 40)"}
{"time":"2026-06-02T00:12:29.584Z","level":"DEBUG","tag":"service-server:WebSocketHandler","msg":"요청 수신됨 [object Object]"}
{"time":"2026-06-02T00:12:29.585Z","level":"DEBUG","tag":"service-server:WebSocketHandler","msg":"응답 전송됨 (크기: 40)"}
{"time":"2026-06-02T00:12:29.593Z","level":"DEBUG","tag":"service-server:WebSocketHandler","msg":"요청 수신됨 [object Object]"}
{"time":"2026-06-02T00:12:29.593Z","level":"DEBUG","tag":"service-server:WebSocketHandler","msg":"응답 전송됨 (크기: 79)"}
{"time":"2026-06-02T00:12:29.601Z","level":"DEBUG","tag":"service-server:WebSocketHandler","msg":"요청 수신됨 [object Object]"}
{"time":"2026-06-02T00:12:29.605Z","level":"DEBUG","tag":"service-server:WebSocketHandler","msg":"응답 전송됨 (크기: 42)"}
{"time":"2026-06-02T00:12:29.611Z","level":"DEBUG","tag":"service-server:WebSocketHandler","msg":"요청 수신됨 [object Object]"}
{"time":"2026-06-02T00:12:29.611Z","level":"DEBUG","tag":"mysql-db-conn","msg":"쿼리 실행 [object Object]"}
{"time":"2026-06-02T00:12:29.613Z","level":"DEBUG","tag":"service-server:WebSocketHandler","msg":"응답 전송됨 (크기: 68)"}
{"time":"2026-06-02T00:12:29.621Z","level":"DEBUG","tag":"service-server:WebSocketHandler","msg":"요청 수신됨 [object Object]"}
{"time":"2026-06-02T00:12:29.621Z","level":"DEBUG","tag":"mysql-db-conn","msg":"쿼리 실행 [object Object]"}
{"time":"2026-06-02T00:12:29.623Z","level":"DEBUG","tag":"service-server:WebSocketHandler","msg":"응답 전송됨 (크기: 92)"}
{"time":"2026-06-02T00:12:29.629Z","level":"DEBUG","tag":"service-server:WebSocketHandler","msg":"요청 수신됨 [object Object]"}
{"time":"2026-06-02T00:12:29.630Z","level":"DEBUG","tag":"mysql-db-conn","msg":"쿼리 실행 [object Object]"}
{"time":"2026-06-02T00:12:29.633Z","level":"DEBUG","tag":"service-server:WebSocketHandler","msg":"응답 전송됨 (크기: 670)"}
{"time":"2026-06-02T00:12:29.639Z","level":"DEBUG","tag":"service-server:WebSocketHandler","msg":"요청 수신됨 [object Object]"}
{"time":"2026-06-02T00:12:29.640Z","level":"DEBUG","tag":"mysql-db-conn","msg":"쿼리 실행 [object Object]"}
{"time":"2026-06-02T00:12:29.643Z","level":"DEBUG","tag":"service-server:WebSocketHandler","msg":"응답 전송됨 (크기: 556)"}
{"time":"2026-06-02T00:12:29.650Z","level":"DEBUG","tag":"service-server:WebSocketHandler","msg":"요청 수신됨 [object Object]"}
{"time":"2026-06-02T00:12:29.650Z","level":"DEBUG","tag":"mysql-db-conn","msg":"쿼리 실행 [object Object]"}
{"time":"2026-06-02T00:12:39.529Z","level":"DEBUG","tag":"service-server:WebSocketHandler","msg":"응답 전송됨 (크기: 194)"}
{"time":"2026-06-02T00:12:39.538Z","level":"DEBUG","tag":"service-server:WebSocketHandler","msg":"요청 수신됨 [object Object]"}
{"time":"2026-06-02T00:12:39.539Z","level":"DEBUG","tag":"service-server:WebSocketHandler","msg":"응답 전송됨 (크기: 45)"}
{"time":"2026-06-02T00:12:39.547Z","level":"DEBUG","tag":"service-server:WebSocketHandler","msg":"요청 수신됨 [object Object]"}
{"time":"2026-06-02T00:12:39.547Z","level":"DEBUG","tag":"service-server:WebSocketHandler","msg":"응답 전송됨 (크기: 40)"}
{"time":"2026-06-02T00:14:02.966Z","level":"DEBUG","tag":"service-server:WebSocketHandler","msg":"클라이언트 연결 해제됨: (code: 1005)"}
{"time":"2026-06-02T00:14:15.980Z","level":"DEBUG","tag":"service-server:WebSocketHandler","msg":"클라이언트 연결 해제됨: (code: 1005)"}
{"time":"2026-06-02T00:14:52.197Z","level":"DEBUG","tag":"service-server:WebSocketHandler","msg":"클라이언트 연결 해제됨: (code: 1005)"}
{"time":"2026-06-02T00:14:52.197Z","level":"DEBUG","tag":"service-server:OrmService","msg":"소켓 종료 감지: 열린 모든 DB 연결을 정리합니다."}
{"time":"2026-06-02T00:15:02.978Z","level":"DEBUG","tag":"service-server:WebSocketHandler","msg":"클라이언트 연결됨 [object Object]"}
{"time":"2026-06-02T00:15:02.983Z","level":"DEBUG","tag":"service-server:WebSocketHandler","msg":"요청 수신됨 [object Object]"}
{"time":"2026-06-02T00:15:02.985Z","level":"DEBUG","tag":"service-server:WebSocketHandler","msg":"응답 전송됨 (크기: 40)"}
{"time":"2026-06-02T00:15:02.989Z","level":"DEBUG","tag":"service-server:WebSocketHandler","msg":"요청 수신됨 [object Object]"}
{"time":"2026-06-02T00:15:02.989Z","level":"DEBUG","tag":"service-server:WebSocketHandler","msg":"응답 전송됨 (크기: 40)"}
{"time":"2026-06-02T00:15:04.340Z","level":"DEBUG","tag":"service-server:WebSocketHandler","msg":"클라이언트 연결됨 [object Object]"}
{"time":"2026-06-02T00:15:04.347Z","level":"DEBUG","tag":"service-server:WebSocketHandler","msg":"요청 수신됨 [object Object]"}
{"time":"2026-06-02T00:15:04.348Z","level":"DEBUG","tag":"service-server:WebSocketHandler","msg":"응답 전송됨 (크기: 40)"}
{"time":"2026-06-02T00:15:06.843Z","level":"DEBUG","tag":"service-server:WebSocketHandler","msg":"요청 수신됨 [object Object]"}
{"time":"2026-06-02T00:15:06.855Z","level":"DEBUG","tag":"mysql-db-conn","msg":"쿼리 실행 [object Object]"}
{"time":"2026-06-02T00:15:06.861Z","level":"DEBUG","tag":"service-server:WebSocketHandler","msg":"응답 전송됨 (크기: 2279)"}
{"time":"2026-06-02T00:15:06.868Z","level":"DEBUG","tag":"service-server:WebSocketHandler","msg":"요청 수신됨 [object Object]"}
{"time":"2026-06-02T00:15:06.869Z","level":"DEBUG","tag":"service-server:WebSocketHandler","msg":"응답 전송됨 (크기: 40)"}
{"time":"2026-06-02T00:15:06.876Z","level":"DEBUG","tag":"service-server:WebSocketHandler","msg":"요청 수신됨 [object Object]"}
{"time":"2026-06-02T00:15:06.876Z","level":"DEBUG","tag":"service-server:WebSocketHandler","msg":"응답 전송됨 (크기: 40)"}
{"time":"2026-06-02T00:15:06.884Z","level":"DEBUG","tag":"service-server:WebSocketHandler","msg":"요청 수신됨 [object Object]"}
{"time":"2026-06-02T00:15:06.884Z","level":"DEBUG","tag":"service-server:WebSocketHandler","msg":"응답 전송됨 (크기: 40)"}
{"time":"2026-06-02T00:15:06.894Z","level":"DEBUG","tag":"service-server:WebSocketHandler","msg":"요청 수신됨 [object Object]"}
{"time":"2026-06-02T00:15:06.901Z","level":"DEBUG","tag":"mysql-db-conn","msg":"쿼리 실행 [object Object]"}
{"time":"2026-06-02T00:15:06.912Z","level":"DEBUG","tag":"service-server:WebSocketHandler","msg":"응답 전송됨 (크기: 2279)"}
{"time":"2026-06-02T00:15:06.919Z","level":"DEBUG","tag":"service-server:WebSocketHandler","msg":"요청 수신됨 [object Object]"}
{"time":"2026-06-02T00:15:06.920Z","level":"DEBUG","tag":"service-server:WebSocketHandler","msg":"응답 전송됨 (크기: 40)"}
{"time":"2026-06-02T00:15:06.929Z","level":"DEBUG","tag":"service-server:WebSocketHandler","msg":"요청 수신됨 [object Object]"}
{"time":"2026-06-02T00:15:06.929Z","level":"DEBUG","tag":"service-server:WebSocketHandler","msg":"응답 전송됨 (크기: 40)"}
{"time":"2026-06-02T00:15:06.937Z","level":"DEBUG","tag":"service-server:WebSocketHandler","msg":"요청 수신됨 [object Object]"}
{"time":"2026-06-02T00:15:06.937Z","level":"DEBUG","tag":"service-server:WebSocketHandler","msg":"응답 전송됨 (크기: 40)"}
{"time":"2026-06-02T00:15:06.945Z","level":"DEBUG","tag":"service-server:WebSocketHandler","msg":"요청 수신됨 [object Object]"}
{"time":"2026-06-02T00:15:06.945Z","level":"DEBUG","tag":"service-server:WebSocketHandler","msg":"응답 전송됨 (크기: 79)"}
{"time":"2026-06-02T00:15:06.953Z","level":"DEBUG","tag":"service-server:WebSocketHandler","msg":"요청 수신됨 [object Object]"}
{"time":"2026-06-02T00:15:06.958Z","level":"DEBUG","tag":"service-server:WebSocketHandler","msg":"응답 전송됨 (크기: 42)"}
{"time":"2026-06-02T00:15:06.965Z","level":"DEBUG","tag":"service-server:WebSocketHandler","msg":"요청 수신됨 [object Object]"}
{"time":"2026-06-02T00:15:06.966Z","level":"DEBUG","tag":"mysql-db-conn","msg":"쿼리 실행 [object Object]"}
{"time":"2026-06-02T00:15:06.968Z","level":"DEBUG","tag":"service-server:WebSocketHandler","msg":"응답 전송됨 (크기: 68)"}
{"time":"2026-06-02T00:15:06.976Z","level":"DEBUG","tag":"service-server:WebSocketHandler","msg":"요청 수신됨 [object Object]"}
{"time":"2026-06-02T00:15:06.976Z","level":"DEBUG","tag":"mysql-db-conn","msg":"쿼리 실행 [object Object]"}
{"time":"2026-06-02T00:15:06.977Z","level":"DEBUG","tag":"service-server:WebSocketHandler","msg":"응답 전송됨 (크기: 92)"}
{"time":"2026-06-02T00:15:06.986Z","level":"DEBUG","tag":"service-server:WebSocketHandler","msg":"요청 수신됨 [object Object]"}
{"time":"2026-06-02T00:15:06.986Z","level":"DEBUG","tag":"mysql-db-conn","msg":"쿼리 실행 [object Object]"}
{"time":"2026-06-02T00:15:06.989Z","level":"DEBUG","tag":"service-server:WebSocketHandler","msg":"응답 전송됨 (크기: 670)"}
{"time":"2026-06-02T00:15:06.998Z","level":"DEBUG","tag":"service-server:WebSocketHandler","msg":"요청 수신됨 [object Object]"}
{"time":"2026-06-02T00:15:06.998Z","level":"DEBUG","tag":"mysql-db-conn","msg":"쿼리 실행 [object Object]"}
{"time":"2026-06-02T00:15:07.002Z","level":"DEBUG","tag":"service-server:WebSocketHandler","msg":"응답 전송됨 (크기: 556)"}
{"time":"2026-06-02T00:15:07.010Z","level":"DEBUG","tag":"service-server:WebSocketHandler","msg":"요청 수신됨 [object Object]"}
{"time":"2026-06-02T00:15:07.010Z","level":"DEBUG","tag":"mysql-db-conn","msg":"쿼리 실행 [object Object]"}
{"time":"2026-06-02T00:15:17.149Z","level":"DEBUG","tag":"service-server:WebSocketHandler","msg":"응답 전송됨 (크기: 194)"}
{"time":"2026-06-02T00:15:17.151Z","level":"DEBUG","tag":"service-server:WebSocketHandler","msg":"클라이언트 연결됨 [object Object]"}
{"time":"2026-06-02T00:15:17.157Z","level":"DEBUG","tag":"service-server:WebSocketHandler","msg":"요청 수신됨 [object Object]"}
{"time":"2026-06-02T00:15:17.157Z","level":"DEBUG","tag":"service-server:WebSocketHandler","msg":"응답 전송됨 (크기: 45)"}
{"time":"2026-06-02T00:15:17.162Z","level":"DEBUG","tag":"service-server:WebSocketHandler","msg":"요청 수신됨 [object Object]"}
{"time":"2026-06-02T00:15:17.162Z","level":"DEBUG","tag":"service-server:WebSocketHandler","msg":"응답 전송됨 (크기: 40)"}
{"time":"2026-06-02T00:15:17.165Z","level":"DEBUG","tag":"service-server:WebSocketHandler","msg":"요청 수신됨 [object Object]"}
{"time":"2026-06-02T00:15:17.165Z","level":"DEBUG","tag":"service-server:WebSocketHandler","msg":"응답 전송됨 (크기: 40)"}
{"time":"2026-06-02T00:15:18.131Z","level":"DEBUG","tag":"service-server:WebSocketHandler","msg":"요청 수신됨 [object Object]"}
{"time":"2026-06-02T00:15:18.131Z","level":"DEBUG","tag":"service-server:WebSocketHandler","msg":"응답 전송됨 (크기: 40)"}
{"time":"2026-06-02T00:15:19.696Z","level":"DEBUG","tag":"service-server:WebSocketHandler","msg":"요청 수신됨 [object Object]"}
{"time":"2026-06-02T00:15:19.697Z","level":"DEBUG","tag":"service-server:WebSocketHandler","msg":"응답 전송됨 (크기: 40)"}
{"time":"2026-06-02T00:15:20.392Z","level":"DEBUG","tag":"service-server:WebSocketHandler","msg":"요청 수신됨 [object Object]"}
{"time":"2026-06-02T00:15:20.392Z","level":"DEBUG","tag":"service-server:WebSocketHandler","msg":"응답 전송됨 (크기: 40)"}
{"time":"2026-06-02T00:15:23.331Z","level":"DEBUG","tag":"service-server:WebSocketHandler","msg":"요청 수신됨 [object Object]"}
{"time":"2026-06-02T00:15:23.340Z","level":"DEBUG","tag":"mysql-db-conn","msg":"쿼리 실행 [object Object]"}
{"time":"2026-06-02T00:15:23.348Z","level":"DEBUG","tag":"service-server:WebSocketHandler","msg":"응답 전송됨 (크기: 2279)"}
{"time":"2026-06-02T00:15:23.356Z","level":"DEBUG","tag":"service-server:WebSocketHandler","msg":"요청 수신됨 [object Object]"}
{"time":"2026-06-02T00:15:23.357Z","level":"DEBUG","tag":"service-server:WebSocketHandler","msg":"응답 전송됨 (크기: 40)"}
{"time":"2026-06-02T00:15:23.364Z","level":"DEBUG","tag":"service-server:WebSocketHandler","msg":"요청 수신됨 [object Object]"}
{"time":"2026-06-02T00:15:23.364Z","level":"DEBUG","tag":"service-server:WebSocketHandler","msg":"응답 전송됨 (크기: 40)"}
{"time":"2026-06-02T00:15:23.372Z","level":"DEBUG","tag":"service-server:WebSocketHandler","msg":"요청 수신됨 [object Object]"}
{"time":"2026-06-02T00:15:23.372Z","level":"DEBUG","tag":"service-server:WebSocketHandler","msg":"응답 전송됨 (크기: 40)"}
{"time":"2026-06-02T00:15:23.384Z","level":"DEBUG","tag":"service-server:WebSocketHandler","msg":"요청 수신됨 [object Object]"}
{"time":"2026-06-02T00:15:23.390Z","level":"DEBUG","tag":"mysql-db-conn","msg":"쿼리 실행 [object Object]"}
{"time":"2026-06-02T00:15:23.398Z","level":"DEBUG","tag":"service-server:WebSocketHandler","msg":"응답 전송됨 (크기: 2279)"}
{"time":"2026-06-02T00:15:23.405Z","level":"DEBUG","tag":"service-server:WebSocketHandler","msg":"요청 수신됨 [object Object]"}
{"time":"2026-06-02T00:15:23.406Z","level":"DEBUG","tag":"service-server:WebSocketHandler","msg":"응답 전송됨 (크기: 40)"}
{"time":"2026-06-02T00:15:23.413Z","level":"DEBUG","tag":"service-server:WebSocketHandler","msg":"요청 수신됨 [object Object]"}
{"time":"2026-06-02T00:15:23.413Z","level":"DEBUG","tag":"service-server:WebSocketHandler","msg":"응답 전송됨 (크기: 40)"}
{"time":"2026-06-02T00:15:23.421Z","level":"DEBUG","tag":"service-server:WebSocketHandler","msg":"요청 수신됨 [object Object]"}
{"time":"2026-06-02T00:15:23.421Z","level":"DEBUG","tag":"service-server:WebSocketHandler","msg":"응답 전송됨 (크기: 40)"}
{"time":"2026-06-02T00:15:23.429Z","level":"DEBUG","tag":"service-server:WebSocketHandler","msg":"요청 수신됨 [object Object]"}
{"time":"2026-06-02T00:15:23.429Z","level":"DEBUG","tag":"service-server:WebSocketHandler","msg":"응답 전송됨 (크기: 79)"}
{"time":"2026-06-02T00:15:23.437Z","level":"DEBUG","tag":"service-server:WebSocketHandler","msg":"요청 수신됨 [object Object]"}
{"time":"2026-06-02T00:15:23.441Z","level":"DEBUG","tag":"service-server:WebSocketHandler","msg":"응답 전송됨 (크기: 42)"}
{"time":"2026-06-02T00:15:23.447Z","level":"DEBUG","tag":"service-server:WebSocketHandler","msg":"요청 수신됨 [object Object]"}
{"time":"2026-06-02T00:15:23.447Z","level":"DEBUG","tag":"mysql-db-conn","msg":"쿼리 실행 [object Object]"}
{"time":"2026-06-02T00:15:23.450Z","level":"DEBUG","tag":"service-server:WebSocketHandler","msg":"응답 전송됨 (크기: 68)"}
{"time":"2026-06-02T00:15:23.457Z","level":"DEBUG","tag":"service-server:WebSocketHandler","msg":"요청 수신됨 [object Object]"}
{"time":"2026-06-02T00:15:23.458Z","level":"DEBUG","tag":"mysql-db-conn","msg":"쿼리 실행 [object Object]"}
{"time":"2026-06-02T00:15:23.459Z","level":"DEBUG","tag":"service-server:WebSocketHandler","msg":"응답 전송됨 (크기: 92)"}
{"time":"2026-06-02T00:15:23.466Z","level":"DEBUG","tag":"service-server:WebSocketHandler","msg":"요청 수신됨 [object Object]"}
{"time":"2026-06-02T00:15:23.466Z","level":"DEBUG","tag":"mysql-db-conn","msg":"쿼리 실행 [object Object]"}
{"time":"2026-06-02T00:15:23.469Z","level":"DEBUG","tag":"service-server:WebSocketHandler","msg":"응답 전송됨 (크기: 670)"}
{"time":"2026-06-02T00:15:23.476Z","level":"DEBUG","tag":"service-server:WebSocketHandler","msg":"요청 수신됨 [object Object]"}
{"time":"2026-06-02T00:15:23.476Z","level":"DEBUG","tag":"mysql-db-conn","msg":"쿼리 실행 [object Object]"}
{"time":"2026-06-02T00:15:23.479Z","level":"DEBUG","tag":"service-server:WebSocketHandler","msg":"응답 전송됨 (크기: 556)"}
{"time":"2026-06-02T00:15:23.486Z","level":"DEBUG","tag":"service-server:WebSocketHandler","msg":"요청 수신됨 [object Object]"}
{"time":"2026-06-02T00:15:23.486Z","level":"DEBUG","tag":"mysql-db-conn","msg":"쿼리 실행 [object Object]"}
{"time":"2026-06-02T00:15:33.109Z","level":"DEBUG","tag":"service-server:WebSocketHandler","msg":"응답 전송됨 (크기: 194)"}
{"time":"2026-06-02T00:15:33.117Z","level":"DEBUG","tag":"service-server:WebSocketHandler","msg":"요청 수신됨 [object Object]"}
{"time":"2026-06-02T00:15:33.118Z","level":"DEBUG","tag":"service-server:WebSocketHandler","msg":"응답 전송됨 (크기: 45)"}
{"time":"2026-06-02T00:15:33.125Z","level":"DEBUG","tag":"service-server:WebSocketHandler","msg":"요청 수신됨 [object Object]"}
{"time":"2026-06-02T00:15:33.126Z","level":"DEBUG","tag":"service-server:WebSocketHandler","msg":"응답 전송됨 (크기: 40)"}
{"time":"2026-06-02T00:16:00.550Z","level":"DEBUG","tag":"service-server:WebSocketHandler","msg":"요청 수신됨 [object Object]"}
{"time":"2026-06-02T00:16:00.559Z","level":"DEBUG","tag":"mysql-db-conn","msg":"쿼리 실행 [object Object]"}
{"time":"2026-06-02T00:16:00.568Z","level":"DEBUG","tag":"service-server:WebSocketHandler","msg":"응답 전송됨 (크기: 2279)"}
{"time":"2026-06-02T00:16:00.576Z","level":"DEBUG","tag":"service-server:WebSocketHandler","msg":"요청 수신됨 [object Object]"}
{"time":"2026-06-02T00:16:00.577Z","level":"DEBUG","tag":"service-server:WebSocketHandler","msg":"응답 전송됨 (크기: 40)"}
{"time":"2026-06-02T00:16:00.584Z","level":"DEBUG","tag":"service-server:WebSocketHandler","msg":"요청 수신됨 [object Object]"}
{"time":"2026-06-02T00:16:00.584Z","level":"DEBUG","tag":"service-server:WebSocketHandler","msg":"응답 전송됨 (크기: 40)"}
{"time":"2026-06-02T00:16:00.592Z","level":"DEBUG","tag":"service-server:WebSocketHandler","msg":"요청 수신됨 [object Object]"}
{"time":"2026-06-02T00:16:00.593Z","level":"DEBUG","tag":"service-server:WebSocketHandler","msg":"응답 전송됨 (크기: 40)"}
{"time":"2026-06-02T00:16:00.603Z","level":"DEBUG","tag":"service-server:WebSocketHandler","msg":"요청 수신됨 [object Object]"}
{"time":"2026-06-02T00:16:00.610Z","level":"DEBUG","tag":"mysql-db-conn","msg":"쿼리 실행 [object Object]"}
{"time":"2026-06-02T00:16:00.620Z","level":"DEBUG","tag":"service-server:WebSocketHandler","msg":"응답 전송됨 (크기: 2279)"}
{"time":"2026-06-02T00:16:00.627Z","level":"DEBUG","tag":"service-server:WebSocketHandler","msg":"요청 수신됨 [object Object]"}
{"time":"2026-06-02T00:16:00.628Z","level":"DEBUG","tag":"service-server:WebSocketHandler","msg":"응답 전송됨 (크기: 40)"}
{"time":"2026-06-02T00:16:00.635Z","level":"DEBUG","tag":"service-server:WebSocketHandler","msg":"요청 수신됨 [object Object]"}
{"time":"2026-06-02T00:16:00.635Z","level":"DEBUG","tag":"service-server:WebSocketHandler","msg":"응답 전송됨 (크기: 40)"}
{"time":"2026-06-02T00:16:00.643Z","level":"DEBUG","tag":"service-server:WebSocketHandler","msg":"요청 수신됨 [object Object]"}
{"time":"2026-06-02T00:16:00.643Z","level":"DEBUG","tag":"service-server:WebSocketHandler","msg":"응답 전송됨 (크기: 40)"}
{"time":"2026-06-02T00:16:00.649Z","level":"DEBUG","tag":"service-server:WebSocketHandler","msg":"요청 수신됨 [object Object]"}
{"time":"2026-06-02T00:16:00.650Z","level":"DEBUG","tag":"service-server:WebSocketHandler","msg":"응답 전송됨 (크기: 79)"}
{"time":"2026-06-02T00:16:00.657Z","level":"DEBUG","tag":"service-server:WebSocketHandler","msg":"요청 수신됨 [object Object]"}
{"time":"2026-06-02T00:16:00.663Z","level":"DEBUG","tag":"service-server:WebSocketHandler","msg":"응답 전송됨 (크기: 42)"}
{"time":"2026-06-02T00:16:00.670Z","level":"DEBUG","tag":"service-server:WebSocketHandler","msg":"요청 수신됨 [object Object]"}
{"time":"2026-06-02T00:16:00.670Z","level":"DEBUG","tag":"mysql-db-conn","msg":"쿼리 실행 [object Object]"}
{"time":"2026-06-02T00:16:00.672Z","level":"DEBUG","tag":"service-server:WebSocketHandler","msg":"응답 전송됨 (크기: 68)"}
{"time":"2026-06-02T00:16:00.680Z","level":"DEBUG","tag":"service-server:WebSocketHandler","msg":"요청 수신됨 [object Object]"}
{"time":"2026-06-02T00:16:00.680Z","level":"DEBUG","tag":"mysql-db-conn","msg":"쿼리 실행 [object Object]"}
{"time":"2026-06-02T00:16:00.680Z","level":"DEBUG","tag":"service-server:WebSocketHandler","msg":"응답 전송됨 (크기: 92)"}
{"time":"2026-06-02T00:16:00.688Z","level":"DEBUG","tag":"service-server:WebSocketHandler","msg":"요청 수신됨 [object Object]"}
{"time":"2026-06-02T00:16:00.688Z","level":"DEBUG","tag":"mysql-db-conn","msg":"쿼리 실행 [object Object]"}
{"time":"2026-06-02T00:16:00.689Z","level":"DEBUG","tag":"service-server:WebSocketHandler","msg":"응답 전송됨 (크기: 670)"}
{"time":"2026-06-02T00:16:00.696Z","level":"DEBUG","tag":"service-server:WebSocketHandler","msg":"요청 수신됨 [object Object]"}
{"time":"2026-06-02T00:16:00.696Z","level":"DEBUG","tag":"mysql-db-conn","msg":"쿼리 실행 [object Object]"}
{"time":"2026-06-02T00:16:00.697Z","level":"DEBUG","tag":"service-server:WebSocketHandler","msg":"응답 전송됨 (크기: 556)"}
{"time":"2026-06-02T00:16:00.704Z","level":"DEBUG","tag":"service-server:WebSocketHandler","msg":"요청 수신됨 [object Object]"}
{"time":"2026-06-02T00:16:00.704Z","level":"DEBUG","tag":"mysql-db-conn","msg":"쿼리 실행 [object Object]"}
{"time":"2026-06-02T00:16:10.015Z","level":"DEBUG","tag":"service-server:WebSocketHandler","msg":"응답 전송됨 (크기: 194)"}
{"time":"2026-06-02T00:16:10.023Z","level":"DEBUG","tag":"service-server:WebSocketHandler","msg":"요청 수신됨 [object Object]"}
{"time":"2026-06-02T00:16:10.024Z","level":"DEBUG","tag":"service-server:WebSocketHandler","msg":"응답 전송됨 (크기: 45)"}
{"time":"2026-06-02T00:16:10.031Z","level":"DEBUG","tag":"service-server:WebSocketHandler","msg":"요청 수신됨 [object Object]"}
{"time":"2026-06-02T00:16:10.032Z","level":"DEBUG","tag":"service-server:WebSocketHandler","msg":"응답 전송됨 (크기: 40)"}
{"time":"2026-06-02T00:16:19.068Z","level":"DEBUG","tag":"service-server:WebSocketHandler","msg":"요청 수신됨 [object Object]"}
{"time":"2026-06-02T00:16:19.076Z","level":"DEBUG","tag":"mysql-db-conn","msg":"쿼리 실행 [object Object]"}
{"time":"2026-06-02T00:16:19.079Z","level":"DEBUG","tag":"service-server:WebSocketHandler","msg":"응답 전송됨 (크기: 2279)"}
{"time":"2026-06-02T00:16:19.087Z","level":"DEBUG","tag":"service-server:WebSocketHandler","msg":"요청 수신됨 [object Object]"}
{"time":"2026-06-02T00:16:19.087Z","level":"DEBUG","tag":"service-server:WebSocketHandler","msg":"응답 전송됨 (크기: 40)"}
{"time":"2026-06-02T00:16:19.095Z","level":"DEBUG","tag":"service-server:WebSocketHandler","msg":"요청 수신됨 [object Object]"}
{"time":"2026-06-02T00:16:19.095Z","level":"DEBUG","tag":"service-server:WebSocketHandler","msg":"응답 전송됨 (크기: 40)"}
{"time":"2026-06-02T00:16:19.103Z","level":"DEBUG","tag":"service-server:WebSocketHandler","msg":"요청 수신됨 [object Object]"}
{"time":"2026-06-02T00:16:19.103Z","level":"DEBUG","tag":"service-server:WebSocketHandler","msg":"응답 전송됨 (크기: 40)"}
{"time":"2026-06-02T00:16:19.113Z","level":"DEBUG","tag":"service-server:WebSocketHandler","msg":"요청 수신됨 [object Object]"}
{"time":"2026-06-02T00:16:19.118Z","level":"DEBUG","tag":"mysql-db-conn","msg":"쿼리 실행 [object Object]"}
{"time":"2026-06-02T00:16:19.125Z","level":"DEBUG","tag":"service-server:WebSocketHandler","msg":"응답 전송됨 (크기: 2279)"}
{"time":"2026-06-02T00:16:19.132Z","level":"DEBUG","tag":"service-server:WebSocketHandler","msg":"요청 수신됨 [object Object]"}
{"time":"2026-06-02T00:16:19.133Z","level":"DEBUG","tag":"service-server:WebSocketHandler","msg":"응답 전송됨 (크기: 40)"}
{"time":"2026-06-02T00:16:19.140Z","level":"DEBUG","tag":"service-server:WebSocketHandler","msg":"요청 수신됨 [object Object]"}
{"time":"2026-06-02T00:16:19.140Z","level":"DEBUG","tag":"service-server:WebSocketHandler","msg":"응답 전송됨 (크기: 40)"}
{"time":"2026-06-02T00:16:19.148Z","level":"DEBUG","tag":"service-server:WebSocketHandler","msg":"요청 수신됨 [object Object]"}
{"time":"2026-06-02T00:16:19.148Z","level":"DEBUG","tag":"service-server:WebSocketHandler","msg":"응답 전송됨 (크기: 40)"}
{"time":"2026-06-02T00:16:19.156Z","level":"DEBUG","tag":"service-server:WebSocketHandler","msg":"요청 수신됨 [object Object]"}
{"time":"2026-06-02T00:16:19.156Z","level":"DEBUG","tag":"service-server:WebSocketHandler","msg":"응답 전송됨 (크기: 79)"}
{"time":"2026-06-02T00:16:19.164Z","level":"DEBUG","tag":"service-server:WebSocketHandler","msg":"요청 수신됨 [object Object]"}
{"time":"2026-06-02T00:16:19.168Z","level":"DEBUG","tag":"service-server:WebSocketHandler","msg":"응답 전송됨 (크기: 42)"}
{"time":"2026-06-02T00:16:19.174Z","level":"DEBUG","tag":"service-server:WebSocketHandler","msg":"요청 수신됨 [object Object]"}
{"time":"2026-06-02T00:16:19.175Z","level":"DEBUG","tag":"mysql-db-conn","msg":"쿼리 실행 [object Object]"}
{"time":"2026-06-02T00:16:19.177Z","level":"DEBUG","tag":"service-server:WebSocketHandler","msg":"응답 전송됨 (크기: 68)"}
{"time":"2026-06-02T00:16:19.184Z","level":"DEBUG","tag":"service-server:WebSocketHandler","msg":"요청 수신됨 [object Object]"}
{"time":"2026-06-02T00:16:19.185Z","level":"DEBUG","tag":"mysql-db-conn","msg":"쿼리 실행 [object Object]"}
{"time":"2026-06-02T00:16:19.186Z","level":"DEBUG","tag":"service-server:WebSocketHandler","msg":"응답 전송됨 (크기: 92)"}
{"time":"2026-06-02T00:16:19.195Z","level":"DEBUG","tag":"service-server:WebSocketHandler","msg":"요청 수신됨 [object Object]"}
{"time":"2026-06-02T00:16:19.195Z","level":"DEBUG","tag":"mysql-db-conn","msg":"쿼리 실행 [object Object]"}
{"time":"2026-06-02T00:16:19.198Z","level":"DEBUG","tag":"service-server:WebSocketHandler","msg":"응답 전송됨 (크기: 670)"}
{"time":"2026-06-02T00:16:19.205Z","level":"DEBUG","tag":"service-server:WebSocketHandler","msg":"요청 수신됨 [object Object]"}
{"time":"2026-06-02T00:16:19.208Z","level":"DEBUG","tag":"service-server:WebSocketHandler","msg":"응답 전송됨 (크기: 556)"}
{"time":"2026-06-02T00:16:19.217Z","level":"DEBUG","tag":"service-server:WebSocketHandler","msg":"요청 수신됨 [object Object]"}
{"time":"2026-06-02T00:16:19.195Z","level":"DEBUG","tag":"mysql-db-conn","msg":"쿼리 실행 [object Object]"}
{"time":"2026-06-02T00:16:19.217Z","level":"DEBUG","tag":"mysql-db-conn","msg":"쿼리 실행 [object Object]"}
{"time":"2026-06-02T00:16:32.021Z","level":"DEBUG","tag":"service-server:WebSocketHandler","msg":"응답 전송됨 (크기: 194)"}
{"time":"2026-06-02T00:16:32.030Z","level":"DEBUG","tag":"service-server:WebSocketHandler","msg":"요청 수신됨 [object Object]"}
{"time":"2026-06-02T00:16:32.030Z","level":"DEBUG","tag":"service-server:WebSocketHandler","msg":"응답 전송됨 (크기: 45)"}
{"time":"2026-06-02T00:16:32.038Z","level":"DEBUG","tag":"service-server:WebSocketHandler","msg":"요청 수신됨 [object Object]"}
{"time":"2026-06-02T00:16:32.038Z","level":"DEBUG","tag":"service-server:WebSocketHandler","msg":"응답 전송됨 (크기: 40)"}
{"time":"2026-06-02T00:17:02.965Z","level":"DEBUG","tag":"service-server:WebSocketHandler","msg":"클라이언트 연결 해제됨: (code: 1005)"}
{"time":"2026-06-02T00:17:15.968Z","level":"DEBUG","tag":"service-server:WebSocketHandler","msg":"클라이언트 연결 해제됨: (code: 1005)"}
{"time":"2026-06-02T00:18:02.965Z","level":"DEBUG","tag":"service-server:WebSocketHandler","msg":"클라이언트 연결됨 [object Object]"}
{"time":"2026-06-02T00:18:02.970Z","level":"DEBUG","tag":"service-server:WebSocketHandler","msg":"요청 수신됨 [object Object]"}
{"time":"2026-06-02T00:18:02.972Z","level":"DEBUG","tag":"service-server:WebSocketHandler","msg":"응답 전송됨 (크기: 40)"}
{"time":"2026-06-02T00:18:02.976Z","level":"DEBUG","tag":"service-server:WebSocketHandler","msg":"요청 수신됨 [object Object]"}
{"time":"2026-06-02T00:18:02.976Z","level":"DEBUG","tag":"service-server:WebSocketHandler","msg":"응답 전송됨 (크기: 40)"}
{"time":"2026-06-02T00:18:04.822Z","level":"DEBUG","tag":"service-server:WebSocketHandler","msg":"요청 수신됨 [object Object]"}
{"time":"2026-06-02T00:18:04.833Z","level":"DEBUG","tag":"mysql-db-conn","msg":"쿼리 실행 [object Object]"}
{"time":"2026-06-02T00:18:04.838Z","level":"DEBUG","tag":"service-server:WebSocketHandler","msg":"응답 전송됨 (크기: 2279)"}
{"time":"2026-06-02T00:18:04.845Z","level":"DEBUG","tag":"service-server:WebSocketHandler","msg":"요청 수신됨 [object Object]"}
{"time":"2026-06-02T00:18:04.846Z","level":"DEBUG","tag":"service-server:WebSocketHandler","msg":"응답 전송됨 (크기: 40)"}
{"time":"2026-06-02T00:18:04.853Z","level":"DEBUG","tag":"service-server:WebSocketHandler","msg":"요청 수신됨 [object Object]"}
{"time":"2026-06-02T00:18:04.853Z","level":"DEBUG","tag":"service-server:WebSocketHandler","msg":"응답 전송됨 (크기: 40)"}
{"time":"2026-06-02T00:18:04.859Z","level":"DEBUG","tag":"service-server:WebSocketHandler","msg":"요청 수신됨 [object Object]"}
{"time":"2026-06-02T00:18:04.859Z","level":"DEBUG","tag":"service-server:WebSocketHandler","msg":"응답 전송됨 (크기: 40)"}
{"time":"2026-06-02T00:18:04.867Z","level":"DEBUG","tag":"service-server:WebSocketHandler","msg":"요청 수신됨 [object Object]"}
{"time":"2026-06-02T00:18:04.875Z","level":"DEBUG","tag":"mysql-db-conn","msg":"쿼리 실행 [object Object]"}
{"time":"2026-06-02T00:18:04.885Z","level":"DEBUG","tag":"service-server:WebSocketHandler","msg":"응답 전송됨 (크기: 2279)"}
{"time":"2026-06-02T00:18:04.891Z","level":"DEBUG","tag":"service-server:WebSocketHandler","msg":"요청 수신됨 [object Object]"}
{"time":"2026-06-02T00:18:04.892Z","level":"DEBUG","tag":"service-server:WebSocketHandler","msg":"응답 전송됨 (크기: 40)"}
{"time":"2026-06-02T00:18:04.899Z","level":"DEBUG","tag":"service-server:WebSocketHandler","msg":"요청 수신됨 [object Object]"}
{"time":"2026-06-02T00:18:04.900Z","level":"DEBUG","tag":"service-server:WebSocketHandler","msg":"응답 전송됨 (크기: 40)"}
{"time":"2026-06-02T00:18:04.908Z","level":"DEBUG","tag":"service-server:WebSocketHandler","msg":"요청 수신됨 [object Object]"}
{"time":"2026-06-02T00:18:04.908Z","level":"DEBUG","tag":"service-server:WebSocketHandler","msg":"응답 전송됨 (크기: 40)"}
{"time":"2026-06-02T00:18:04.914Z","level":"DEBUG","tag":"service-server:WebSocketHandler","msg":"요청 수신됨 [object Object]"}
{"time":"2026-06-02T00:18:04.914Z","level":"DEBUG","tag":"service-server:WebSocketHandler","msg":"응답 전송됨 (크기: 79)"}
{"time":"2026-06-02T00:18:04.922Z","level":"DEBUG","tag":"service-server:WebSocketHandler","msg":"요청 수신됨 [object Object]"}
{"time":"2026-06-02T00:18:04.927Z","level":"DEBUG","tag":"service-server:WebSocketHandler","msg":"응답 전송됨 (크기: 42)"}
{"time":"2026-06-02T00:18:04.934Z","level":"DEBUG","tag":"service-server:WebSocketHandler","msg":"요청 수신됨 [object Object]"}
{"time":"2026-06-02T00:18:04.934Z","level":"DEBUG","tag":"mysql-db-conn","msg":"쿼리 실행 [object Object]"}
{"time":"2026-06-02T00:18:04.937Z","level":"DEBUG","tag":"service-server:WebSocketHandler","msg":"응답 전송됨 (크기: 68)"}
{"time":"2026-06-02T00:18:04.942Z","level":"DEBUG","tag":"service-server:WebSocketHandler","msg":"요청 수신됨 [object Object]"}
{"time":"2026-06-02T00:18:04.943Z","level":"DEBUG","tag":"mysql-db-conn","msg":"쿼리 실행 [object Object]"}
{"time":"2026-06-02T00:18:04.944Z","level":"DEBUG","tag":"service-server:WebSocketHandler","msg":"응답 전송됨 (크기: 92)"}
{"time":"2026-06-02T00:18:04.953Z","level":"DEBUG","tag":"service-server:WebSocketHandler","msg":"요청 수신됨 [object Object]"}
{"time":"2026-06-02T00:18:04.953Z","level":"DEBUG","tag":"mysql-db-conn","msg":"쿼리 실행 [object Object]"}
{"time":"2026-06-02T00:18:04.956Z","level":"DEBUG","tag":"service-server:WebSocketHandler","msg":"응답 전송됨 (크기: 670)"}
{"time":"2026-06-02T00:18:04.965Z","level":"DEBUG","tag":"service-server:WebSocketHandler","msg":"요청 수신됨 [object Object]"}
{"time":"2026-06-02T00:18:04.965Z","level":"DEBUG","tag":"mysql-db-conn","msg":"쿼리 실행 [object Object]"}
{"time":"2026-06-02T00:18:04.968Z","level":"DEBUG","tag":"service-server:WebSocketHandler","msg":"응답 전송됨 (크기: 556)"}
{"time":"2026-06-02T00:18:04.977Z","level":"DEBUG","tag":"service-server:WebSocketHandler","msg":"요청 수신됨 [object Object]"}
{"time":"2026-06-02T00:18:04.977Z","level":"DEBUG","tag":"mysql-db-conn","msg":"쿼리 실행 [object Object]"}
{"time":"2026-06-02T00:18:15.644Z","level":"DEBUG","tag":"service-server:WebSocketHandler","msg":"응답 전송됨 (크기: 194)"}
{"time":"2026-06-02T00:18:15.652Z","level":"DEBUG","tag":"service-server:WebSocketHandler","msg":"요청 수신됨 [object Object]"}
{"time":"2026-06-02T00:18:15.653Z","level":"DEBUG","tag":"service-server:WebSocketHandler","msg":"응답 전송됨 (크기: 45)"}
{"time":"2026-06-02T00:18:15.660Z","level":"DEBUG","tag":"service-server:WebSocketHandler","msg":"요청 수신됨 [object Object]"}
{"time":"2026-06-02T00:18:15.660Z","level":"DEBUG","tag":"service-server:WebSocketHandler","msg":"응답 전송됨 (크기: 40)"}
{"time":"2026-06-02T00:18:15.983Z","level":"DEBUG","tag":"service-server:WebSocketHandler","msg":"클라이언트 연결됨 [object Object]"}
{"time":"2026-06-02T00:18:15.992Z","level":"DEBUG","tag":"service-server:WebSocketHandler","msg":"요청 수신됨 [object Object]"}
{"time":"2026-06-02T00:18:15.994Z","level":"DEBUG","tag":"service-server:WebSocketHandler","msg":"응답 전송됨 (크기: 40)"}
{"time":"2026-06-02T00:19:35.498Z","level":"DEBUG","tag":"service-server:WebSocketHandler","msg":"요청 수신됨 [object Object]"}
{"time":"2026-06-02T00:19:35.509Z","level":"DEBUG","tag":"mysql-db-conn","msg":"쿼리 실행 [object Object]"}
{"time":"2026-06-02T00:19:35.515Z","level":"DEBUG","tag":"service-server:WebSocketHandler","msg":"응답 전송됨 (크기: 2279)"}
{"time":"2026-06-02T00:19:35.522Z","level":"DEBUG","tag":"service-server:WebSocketHandler","msg":"요청 수신됨 [object Object]"}
{"time":"2026-06-02T00:19:35.523Z","level":"DEBUG","tag":"service-server:WebSocketHandler","msg":"응답 전송됨 (크기: 40)"}
{"time":"2026-06-02T00:19:35.528Z","level":"DEBUG","tag":"service-server:WebSocketHandler","msg":"요청 수신됨 [object Object]"}
{"time":"2026-06-02T00:19:35.529Z","level":"DEBUG","tag":"service-server:WebSocketHandler","msg":"응답 전송됨 (크기: 40)"}
{"time":"2026-06-02T00:19:35.537Z","level":"DEBUG","tag":"service-server:WebSocketHandler","msg":"요청 수신됨 [object Object]"}
{"time":"2026-06-02T00:19:35.537Z","level":"DEBUG","tag":"service-server:WebSocketHandler","msg":"응답 전송됨 (크기: 40)"}
{"time":"2026-06-02T00:19:35.547Z","level":"DEBUG","tag":"service-server:WebSocketHandler","msg":"요청 수신됨 [object Object]"}
{"time":"2026-06-02T00:19:35.554Z","level":"DEBUG","tag":"mysql-db-conn","msg":"쿼리 실행 [object Object]"}
{"time":"2026-06-02T00:19:35.565Z","level":"DEBUG","tag":"service-server:WebSocketHandler","msg":"응답 전송됨 (크기: 2279)"}
{"time":"2026-06-02T00:19:35.571Z","level":"DEBUG","tag":"service-server:WebSocketHandler","msg":"요청 수신됨 [object Object]"}
{"time":"2026-06-02T00:19:35.572Z","level":"DEBUG","tag":"service-server:WebSocketHandler","msg":"응답 전송됨 (크기: 40)"}
{"time":"2026-06-02T00:19:35.579Z","level":"DEBUG","tag":"service-server:WebSocketHandler","msg":"요청 수신됨 [object Object]"}
{"time":"2026-06-02T00:19:35.580Z","level":"DEBUG","tag":"service-server:WebSocketHandler","msg":"응답 전송됨 (크기: 40)"}
{"time":"2026-06-02T00:19:35.585Z","level":"DEBUG","tag":"service-server:WebSocketHandler","msg":"요청 수신됨 [object Object]"}
{"time":"2026-06-02T00:19:35.586Z","level":"DEBUG","tag":"service-server:WebSocketHandler","msg":"응답 전송됨 (크기: 40)"}
{"time":"2026-06-02T00:19:35.593Z","level":"DEBUG","tag":"service-server:WebSocketHandler","msg":"요청 수신됨 [object Object]"}
{"time":"2026-06-02T00:19:35.594Z","level":"DEBUG","tag":"service-server:WebSocketHandler","msg":"응답 전송됨 (크기: 79)"}
{"time":"2026-06-02T00:19:35.602Z","level":"DEBUG","tag":"service-server:WebSocketHandler","msg":"요청 수신됨 [object Object]"}
{"time":"2026-06-02T00:19:35.607Z","level":"DEBUG","tag":"service-server:WebSocketHandler","msg":"응답 전송됨 (크기: 42)"}
{"time":"2026-06-02T00:19:35.616Z","level":"DEBUG","tag":"service-server:WebSocketHandler","msg":"요청 수신됨 [object Object]"}
{"time":"2026-06-02T00:19:35.616Z","level":"DEBUG","tag":"mysql-db-conn","msg":"쿼리 실행 [object Object]"}
{"time":"2026-06-02T00:19:35.618Z","level":"DEBUG","tag":"service-server:WebSocketHandler","msg":"응답 전송됨 (크기: 68)"}
{"time":"2026-06-02T00:19:35.626Z","level":"DEBUG","tag":"service-server:WebSocketHandler","msg":"요청 수신됨 [object Object]"}
{"time":"2026-06-02T00:19:35.626Z","level":"DEBUG","tag":"mysql-db-conn","msg":"쿼리 실행 [object Object]"}
{"time":"2026-06-02T00:19:35.628Z","level":"DEBUG","tag":"service-server:WebSocketHandler","msg":"응답 전송됨 (크기: 92)"}
{"time":"2026-06-02T00:19:35.634Z","level":"DEBUG","tag":"service-server:WebSocketHandler","msg":"요청 수신됨 [object Object]"}
{"time":"2026-06-02T00:19:35.635Z","level":"DEBUG","tag":"mysql-db-conn","msg":"쿼리 실행 [object Object]"}
{"time":"2026-06-02T00:19:35.638Z","level":"DEBUG","tag":"service-server:WebSocketHandler","msg":"응답 전송됨 (크기: 670)"}
{"time":"2026-06-02T00:19:35.647Z","level":"DEBUG","tag":"service-server:WebSocketHandler","msg":"요청 수신됨 [object Object]"}
{"time":"2026-06-02T00:19:35.647Z","level":"DEBUG","tag":"mysql-db-conn","msg":"쿼리 실행 [object Object]"}
{"time":"2026-06-02T00:19:35.650Z","level":"DEBUG","tag":"service-server:WebSocketHandler","msg":"응답 전송됨 (크기: 556)"}
{"time":"2026-06-02T00:19:35.659Z","level":"DEBUG","tag":"service-server:WebSocketHandler","msg":"요청 수신됨 [object Object]"}
{"time":"2026-06-02T00:19:35.659Z","level":"DEBUG","tag":"mysql-db-conn","msg":"쿼리 실행 [object Object]"}
{"time":"2026-06-02T00:19:45.868Z","level":"DEBUG","tag":"service-server:WebSocketHandler","msg":"응답 전송됨 (크기: 194)"}
{"time":"2026-06-02T00:19:45.876Z","level":"DEBUG","tag":"service-server:WebSocketHandler","msg":"요청 수신됨 [object Object]"}
{"time":"2026-06-02T00:19:45.876Z","level":"DEBUG","tag":"service-server:WebSocketHandler","msg":"응답 전송됨 (크기: 45)"}
{"time":"2026-06-02T00:19:45.882Z","level":"DEBUG","tag":"service-server:WebSocketHandler","msg":"요청 수신됨 [object Object]"}
{"time":"2026-06-02T00:19:45.882Z","level":"DEBUG","tag":"service-server:WebSocketHandler","msg":"응답 전송됨 (크기: 40)"}
{"time":"2026-06-02T00:20:02.962Z","level":"DEBUG","tag":"service-server:WebSocketHandler","msg":"클라이언트 연결 해제됨: (code: 1005)"}
{"time":"2026-06-02T00:20:15.963Z","level":"DEBUG","tag":"service-server:WebSocketHandler","msg":"클라이언트 연결 해제됨: (code: 1005)"}
{"time":"2026-06-02T00:20:33.015Z","level":"DEBUG","tag":"service-server:WebSocketHandler","msg":"요청 수신됨 [object Object]"}
{"time":"2026-06-02T00:20:33.026Z","level":"DEBUG","tag":"mysql-db-conn","msg":"쿼리 실행 [object Object]"}
{"time":"2026-06-02T00:20:33.032Z","level":"DEBUG","tag":"service-server:WebSocketHandler","msg":"응답 전송됨 (크기: 2279)"}
{"time":"2026-06-02T00:20:33.039Z","level":"DEBUG","tag":"service-server:WebSocketHandler","msg":"요청 수신됨 [object Object]"}
{"time":"2026-06-02T00:20:33.041Z","level":"DEBUG","tag":"service-server:WebSocketHandler","msg":"응답 전송됨 (크기: 40)"}
{"time":"2026-06-02T00:20:33.047Z","level":"DEBUG","tag":"service-server:WebSocketHandler","msg":"요청 수신됨 [object Object]"}
{"time":"2026-06-02T00:20:33.048Z","level":"DEBUG","tag":"service-server:WebSocketHandler","msg":"응답 전송됨 (크기: 40)"}
{"time":"2026-06-02T00:20:33.056Z","level":"DEBUG","tag":"service-server:WebSocketHandler","msg":"요청 수신됨 [object Object]"}
{"time":"2026-06-02T00:20:33.056Z","level":"DEBUG","tag":"service-server:WebSocketHandler","msg":"응답 전송됨 (크기: 40)"}
{"time":"2026-06-02T00:20:33.068Z","level":"DEBUG","tag":"service-server:WebSocketHandler","msg":"요청 수신됨 [object Object]"}
{"time":"2026-06-02T00:20:33.075Z","level":"DEBUG","tag":"mysql-db-conn","msg":"쿼리 실행 [object Object]"}
{"time":"2026-06-02T00:20:33.079Z","level":"DEBUG","tag":"service-server:WebSocketHandler","msg":"응답 전송됨 (크기: 2279)"}
{"time":"2026-06-02T00:20:33.086Z","level":"DEBUG","tag":"service-server:WebSocketHandler","msg":"요청 수신됨 [object Object]"}
{"time":"2026-06-02T00:20:33.086Z","level":"DEBUG","tag":"service-server:WebSocketHandler","msg":"응답 전송됨 (크기: 40)"}
{"time":"2026-06-02T00:20:33.092Z","level":"DEBUG","tag":"service-server:WebSocketHandler","msg":"요청 수신됨 [object Object]"}
{"time":"2026-06-02T00:20:33.092Z","level":"DEBUG","tag":"service-server:WebSocketHandler","msg":"응답 전송됨 (크기: 40)"}
{"time":"2026-06-02T00:20:33.098Z","level":"DEBUG","tag":"service-server:WebSocketHandler","msg":"요청 수신됨 [object Object]"}
{"time":"2026-06-02T00:20:33.098Z","level":"DEBUG","tag":"service-server:WebSocketHandler","msg":"응답 전송됨 (크기: 40)"}
{"time":"2026-06-02T00:20:33.106Z","level":"DEBUG","tag":"service-server:WebSocketHandler","msg":"요청 수신됨 [object Object]"}
{"time":"2026-06-02T00:20:33.107Z","level":"DEBUG","tag":"service-server:WebSocketHandler","msg":"응답 전송됨 (크기: 79)"}
{"time":"2026-06-02T00:20:33.114Z","level":"DEBUG","tag":"service-server:WebSocketHandler","msg":"요청 수신됨 [object Object]"}
{"time":"2026-06-02T00:20:33.117Z","level":"DEBUG","tag":"service-server:WebSocketHandler","msg":"응답 전송됨 (크기: 42)"}
{"time":"2026-06-02T00:20:33.125Z","level":"DEBUG","tag":"service-server:WebSocketHandler","msg":"요청 수신됨 [object Object]"}
{"time":"2026-06-02T00:20:33.125Z","level":"DEBUG","tag":"mysql-db-conn","msg":"쿼리 실행 [object Object]"}
{"time":"2026-06-02T00:20:33.127Z","level":"DEBUG","tag":"service-server:WebSocketHandler","msg":"응답 전송됨 (크기: 68)"}
{"time":"2026-06-02T00:20:33.135Z","level":"DEBUG","tag":"service-server:WebSocketHandler","msg":"요청 수신됨 [object Object]"}
{"time":"2026-06-02T00:20:33.135Z","level":"DEBUG","tag":"mysql-db-conn","msg":"쿼리 실행 [object Object]"}
{"time":"2026-06-02T00:20:33.137Z","level":"DEBUG","tag":"service-server:WebSocketHandler","msg":"응답 전송됨 (크기: 92)"}
{"time":"2026-06-02T00:20:33.143Z","level":"DEBUG","tag":"service-server:WebSocketHandler","msg":"요청 수신됨 [object Object]"}
{"time":"2026-06-02T00:20:33.144Z","level":"DEBUG","tag":"mysql-db-conn","msg":"쿼리 실행 [object Object]"}
{"time":"2026-06-02T00:20:33.147Z","level":"DEBUG","tag":"service-server:WebSocketHandler","msg":"응답 전송됨 (크기: 670)"}
{"time":"2026-06-02T00:20:33.153Z","level":"DEBUG","tag":"service-server:WebSocketHandler","msg":"요청 수신됨 [object Object]"}
{"time":"2026-06-02T00:20:33.154Z","level":"DEBUG","tag":"mysql-db-conn","msg":"쿼리 실행 [object Object]"}
{"time":"2026-06-02T00:20:33.157Z","level":"DEBUG","tag":"service-server:WebSocketHandler","msg":"응답 전송됨 (크기: 556)"}
{"time":"2026-06-02T00:20:33.166Z","level":"DEBUG","tag":"service-server:WebSocketHandler","msg":"요청 수신됨 [object Object]"}
{"time":"2026-06-02T00:20:33.166Z","level":"DEBUG","tag":"mysql-db-conn","msg":"쿼리 실행 [object Object]"}
{"time":"2026-06-02T00:20:43.918Z","level":"DEBUG","tag":"service-server:WebSocketHandler","msg":"응답 전송됨 (크기: 194)"}
{"time":"2026-06-02T00:20:43.926Z","level":"DEBUG","tag":"service-server:WebSocketHandler","msg":"요청 수신됨 [object Object]"}
{"time":"2026-06-02T00:20:43.926Z","level":"DEBUG","tag":"service-server:WebSocketHandler","msg":"응답 전송됨 (크기: 45)"}
{"time":"2026-06-02T00:20:43.934Z","level":"DEBUG","tag":"service-server:WebSocketHandler","msg":"요청 수신됨 [object Object]"}
{"time":"2026-06-02T00:20:43.934Z","level":"DEBUG","tag":"service-server:WebSocketHandler","msg":"응답 전송됨 (크기: 40)"}
{"time":"2026-06-02T00:20:48.614Z","level":"DEBUG","tag":"service-server:WebSocketHandler","msg":"요청 수신됨 [object Object]"}
{"time":"2026-06-02T00:20:48.623Z","level":"DEBUG","tag":"mysql-db-conn","msg":"쿼리 실행 [object Object]"}
{"time":"2026-06-02T00:20:48.631Z","level":"DEBUG","tag":"service-server:WebSocketHandler","msg":"응답 전송됨 (크기: 2279)"}
{"time":"2026-06-02T00:20:48.638Z","level":"DEBUG","tag":"service-server:WebSocketHandler","msg":"요청 수신됨 [object Object]"}
{"time":"2026-06-02T00:20:48.640Z","level":"DEBUG","tag":"service-server:WebSocketHandler","msg":"응답 전송됨 (크기: 40)"}
{"time":"2026-06-02T00:20:48.647Z","level":"DEBUG","tag":"service-server:WebSocketHandler","msg":"요청 수신됨 [object Object]"}
{"time":"2026-06-02T00:20:48.647Z","level":"DEBUG","tag":"service-server:WebSocketHandler","msg":"응답 전송됨 (크기: 40)"}
{"time":"2026-06-02T00:20:48.655Z","level":"DEBUG","tag":"service-server:WebSocketHandler","msg":"요청 수신됨 [object Object]"}
{"time":"2026-06-02T00:20:48.655Z","level":"DEBUG","tag":"service-server:WebSocketHandler","msg":"응답 전송됨 (크기: 40)"}
{"time":"2026-06-02T00:20:48.663Z","level":"DEBUG","tag":"service-server:WebSocketHandler","msg":"요청 수신됨 [object Object]"}
{"time":"2026-06-02T00:20:48.669Z","level":"DEBUG","tag":"mysql-db-conn","msg":"쿼리 실행 [object Object]"}
{"time":"2026-06-02T00:20:48.676Z","level":"DEBUG","tag":"service-server:WebSocketHandler","msg":"응답 전송됨 (크기: 2279)"}
{"time":"2026-06-02T00:20:48.683Z","level":"DEBUG","tag":"service-server:WebSocketHandler","msg":"요청 수신됨 [object Object]"}
{"time":"2026-06-02T00:20:48.684Z","level":"DEBUG","tag":"service-server:WebSocketHandler","msg":"응답 전송됨 (크기: 40)"}
{"time":"2026-06-02T00:20:48.691Z","level":"DEBUG","tag":"service-server:WebSocketHandler","msg":"요청 수신됨 [object Object]"}
{"time":"2026-06-02T00:20:48.692Z","level":"DEBUG","tag":"service-server:WebSocketHandler","msg":"응답 전송됨 (크기: 40)"}
{"time":"2026-06-02T00:20:48.699Z","level":"DEBUG","tag":"service-server:WebSocketHandler","msg":"요청 수신됨 [object Object]"}
{"time":"2026-06-02T00:20:48.700Z","level":"DEBUG","tag":"service-server:WebSocketHandler","msg":"응답 전송됨 (크기: 40)"}
{"time":"2026-06-02T00:20:48.708Z","level":"DEBUG","tag":"service-server:WebSocketHandler","msg":"요청 수신됨 [object Object]"}
{"time":"2026-06-02T00:20:48.708Z","level":"DEBUG","tag":"service-server:WebSocketHandler","msg":"응답 전송됨 (크기: 79)"}
{"time":"2026-06-02T00:20:48.716Z","level":"DEBUG","tag":"service-server:WebSocketHandler","msg":"요청 수신됨 [object Object]"}
{"time":"2026-06-02T00:20:48.720Z","level":"DEBUG","tag":"service-server:WebSocketHandler","msg":"응답 전송됨 (크기: 42)"}
{"time":"2026-06-02T00:20:48.728Z","level":"DEBUG","tag":"service-server:WebSocketHandler","msg":"요청 수신됨 [object Object]"}
{"time":"2026-06-02T00:20:48.728Z","level":"DEBUG","tag":"mysql-db-conn","msg":"쿼리 실행 [object Object]"}
{"time":"2026-06-02T00:20:48.730Z","level":"DEBUG","tag":"service-server:WebSocketHandler","msg":"응답 전송됨 (크기: 68)"}
{"time":"2026-06-02T00:20:48.738Z","level":"DEBUG","tag":"service-server:WebSocketHandler","msg":"요청 수신됨 [object Object]"}
{"time":"2026-06-02T00:20:48.738Z","level":"DEBUG","tag":"mysql-db-conn","msg":"쿼리 실행 [object Object]"}
{"time":"2026-06-02T00:20:48.740Z","level":"DEBUG","tag":"service-server:WebSocketHandler","msg":"응답 전송됨 (크기: 92)"}
{"time":"2026-06-02T00:20:48.748Z","level":"DEBUG","tag":"service-server:WebSocketHandler","msg":"요청 수신됨 [object Object]"}
{"time":"2026-06-02T00:20:48.749Z","level":"DEBUG","tag":"mysql-db-conn","msg":"쿼리 실행 [object Object]"}
{"time":"2026-06-02T00:20:48.752Z","level":"DEBUG","tag":"service-server:WebSocketHandler","msg":"응답 전송됨 (크기: 670)"}
{"time":"2026-06-02T00:20:48.761Z","level":"DEBUG","tag":"service-server:WebSocketHandler","msg":"요청 수신됨 [object Object]"}
{"time":"2026-06-02T00:20:48.761Z","level":"DEBUG","tag":"mysql-db-conn","msg":"쿼리 실행 [object Object]"}
{"time":"2026-06-02T00:20:48.764Z","level":"DEBUG","tag":"service-server:WebSocketHandler","msg":"응답 전송됨 (크기: 556)"}
{"time":"2026-06-02T00:20:48.771Z","level":"DEBUG","tag":"service-server:WebSocketHandler","msg":"요청 수신됨 [object Object]"}
{"time":"2026-06-02T00:20:48.771Z","level":"DEBUG","tag":"mysql-db-conn","msg":"쿼리 실행 [object Object]"}
{"time":"2026-06-02T00:20:58.390Z","level":"DEBUG","tag":"service-server:WebSocketHandler","msg":"응답 전송됨 (크기: 194)"}
{"time":"2026-06-02T00:20:58.399Z","level":"DEBUG","tag":"service-server:WebSocketHandler","msg":"요청 수신됨 [object Object]"}
{"time":"2026-06-02T00:20:58.399Z","level":"DEBUG","tag":"service-server:WebSocketHandler","msg":"응답 전송됨 (크기: 45)"}
{"time":"2026-06-02T00:20:58.407Z","level":"DEBUG","tag":"service-server:WebSocketHandler","msg":"요청 수신됨 [object Object]"}
{"time":"2026-06-02T00:20:58.407Z","level":"DEBUG","tag":"service-server:WebSocketHandler","msg":"응답 전송됨 (크기: 40)"}
{"time":"2026-06-02T00:21:02.977Z","level":"DEBUG","tag":"service-server:WebSocketHandler","msg":"클라이언트 연결됨 [object Object]"}
{"time":"2026-06-02T00:21:02.980Z","level":"DEBUG","tag":"service-server:WebSocketHandler","msg":"요청 수신됨 [object Object]"}
{"time":"2026-06-02T00:21:02.983Z","level":"DEBUG","tag":"service-server:WebSocketHandler","msg":"요청 수신됨 [object Object]"}
{"time":"2026-06-02T00:21:02.985Z","level":"DEBUG","tag":"service-server:WebSocketHandler","msg":"응답 전송됨 (크기: 40)"}
{"time":"2026-06-02T00:21:02.987Z","level":"DEBUG","tag":"mysql-db-conn","msg":"쿼리 실행 [object Object]"}
{"time":"2026-06-02T00:21:02.989Z","level":"DEBUG","tag":"service-server:WebSocketHandler","msg":"요청 수신됨 [object Object]"}
{"time":"2026-06-02T00:21:02.989Z","level":"DEBUG","tag":"service-server:WebSocketHandler","msg":"응답 전송됨 (크기: 40)"}
{"time":"2026-06-02T00:21:02.990Z","level":"DEBUG","tag":"service-server:WebSocketHandler","msg":"응답 전송됨 (크기: 2279)"}
{"time":"2026-06-02T00:21:02.998Z","level":"DEBUG","tag":"service-server:WebSocketHandler","msg":"요청 수신됨 [object Object]"}
{"time":"2026-06-02T00:21:02.999Z","level":"DEBUG","tag":"service-server:WebSocketHandler","msg":"응답 전송됨 (크기: 40)"}
{"time":"2026-06-02T00:21:03.006Z","level":"DEBUG","tag":"service-server:WebSocketHandler","msg":"요청 수신됨 [object Object]"}
{"time":"2026-06-02T00:21:03.006Z","level":"DEBUG","tag":"service-server:WebSocketHandler","msg":"응답 전송됨 (크기: 40)"}
{"time":"2026-06-02T00:21:03.014Z","level":"DEBUG","tag":"service-server:WebSocketHandler","msg":"요청 수신됨 [object Object]"}
{"time":"2026-06-02T00:21:03.015Z","level":"DEBUG","tag":"service-server:WebSocketHandler","msg":"응답 전송됨 (크기: 40)"}
{"time":"2026-06-02T00:21:03.025Z","level":"DEBUG","tag":"service-server:WebSocketHandler","msg":"요청 수신됨 [object Object]"}
{"time":"2026-06-02T00:21:03.031Z","level":"DEBUG","tag":"mysql-db-conn","msg":"쿼리 실행 [object Object]"}
{"time":"2026-06-02T00:21:03.038Z","level":"DEBUG","tag":"service-server:WebSocketHandler","msg":"응답 전송됨 (크기: 2279)"}
{"time":"2026-06-02T00:21:03.045Z","level":"DEBUG","tag":"service-server:WebSocketHandler","msg":"요청 수신됨 [object Object]"}
{"time":"2026-06-02T00:21:03.046Z","level":"DEBUG","tag":"service-server:WebSocketHandler","msg":"응답 전송됨 (크기: 40)"}
{"time":"2026-06-02T00:21:03.053Z","level":"DEBUG","tag":"service-server:WebSocketHandler","msg":"요청 수신됨 [object Object]"}
{"time":"2026-06-02T00:21:03.053Z","level":"DEBUG","tag":"service-server:WebSocketHandler","msg":"응답 전송됨 (크기: 40)"}
{"time":"2026-06-02T00:21:03.061Z","level":"DEBUG","tag":"service-server:WebSocketHandler","msg":"요청 수신됨 [object Object]"}
{"time":"2026-06-02T00:21:03.062Z","level":"DEBUG","tag":"service-server:WebSocketHandler","msg":"응답 전송됨 (크기: 40)"}
{"time":"2026-06-02T00:21:03.069Z","level":"DEBUG","tag":"service-server:WebSocketHandler","msg":"요청 수신됨 [object Object]"}
{"time":"2026-06-02T00:21:03.070Z","level":"DEBUG","tag":"service-server:WebSocketHandler","msg":"응답 전송됨 (크기: 79)"}
{"time":"2026-06-02T00:21:03.078Z","level":"DEBUG","tag":"service-server:WebSocketHandler","msg":"요청 수신됨 [object Object]"}
{"time":"2026-06-02T00:21:03.082Z","level":"DEBUG","tag":"service-server:WebSocketHandler","msg":"응답 전송됨 (크기: 42)"}
{"time":"2026-06-02T00:21:03.088Z","level":"DEBUG","tag":"service-server:WebSocketHandler","msg":"요청 수신됨 [object Object]"}
{"time":"2026-06-02T00:21:03.088Z","level":"DEBUG","tag":"mysql-db-conn","msg":"쿼리 실행 [object Object]"}
{"time":"2026-06-02T00:21:03.090Z","level":"DEBUG","tag":"service-server:WebSocketHandler","msg":"응답 전송됨 (크기: 68)"}
{"time":"2026-06-02T00:21:03.098Z","level":"DEBUG","tag":"service-server:WebSocketHandler","msg":"요청 수신됨 [object Object]"}
{"time":"2026-06-02T00:21:03.098Z","level":"DEBUG","tag":"mysql-db-conn","msg":"쿼리 실행 [object Object]"}
{"time":"2026-06-02T00:21:03.100Z","level":"DEBUG","tag":"service-server:WebSocketHandler","msg":"응답 전송됨 (크기: 92)"}
{"time":"2026-06-02T00:21:03.106Z","level":"DEBUG","tag":"service-server:WebSocketHandler","msg":"요청 수신됨 [object Object]"}
{"time":"2026-06-02T00:21:03.106Z","level":"DEBUG","tag":"mysql-db-conn","msg":"쿼리 실행 [object Object]"}
{"time":"2026-06-02T00:21:03.110Z","level":"DEBUG","tag":"service-server:WebSocketHandler","msg":"응답 전송됨 (크기: 670)"}
{"time":"2026-06-02T00:21:03.116Z","level":"DEBUG","tag":"service-server:WebSocketHandler","msg":"요청 수신됨 [object Object]"}
{"time":"2026-06-02T00:21:03.120Z","level":"DEBUG","tag":"service-server:WebSocketHandler","msg":"응답 전송됨 (크기: 556)"}
{"time":"2026-06-02T00:21:03.126Z","level":"DEBUG","tag":"service-server:WebSocketHandler","msg":"요청 수신됨 [object Object]"}
{"time":"2026-06-02T00:21:03.106Z","level":"DEBUG","tag":"mysql-db-conn","msg":"쿼리 실행 [object Object]"}
{"time":"2026-06-02T00:21:03.127Z","level":"DEBUG","tag":"mysql-db-conn","msg":"쿼리 실행 [object Object]"}
{"time":"2026-06-02T00:21:12.815Z","level":"DEBUG","tag":"service-server:WebSocketHandler","msg":"응답 전송됨 (크기: 194)"}
{"time":"2026-06-02T00:21:12.824Z","level":"DEBUG","tag":"service-server:WebSocketHandler","msg":"요청 수신됨 [object Object]"}
{"time":"2026-06-02T00:21:12.824Z","level":"DEBUG","tag":"service-server:WebSocketHandler","msg":"응답 전송됨 (크기: 45)"}
{"time":"2026-06-02T00:21:12.832Z","level":"DEBUG","tag":"service-server:WebSocketHandler","msg":"요청 수신됨 [object Object]"}
{"time":"2026-06-02T00:21:12.832Z","level":"DEBUG","tag":"service-server:WebSocketHandler","msg":"응답 전송됨 (크기: 40)"}
{"time":"2026-06-02T00:21:15.968Z","level":"DEBUG","tag":"service-server:WebSocketHandler","msg":"클라이언트 연결됨 [object Object]"}
{"time":"2026-06-02T00:21:15.977Z","level":"DEBUG","tag":"service-server:WebSocketHandler","msg":"요청 수신됨 [object Object]"}
{"time":"2026-06-02T00:21:15.979Z","level":"DEBUG","tag":"service-server:WebSocketHandler","msg":"응답 전송됨 (크기: 40)"}
{"time":"2026-06-02T00:21:17.158Z","level":"DEBUG","tag":"service-server:WebSocketHandler","msg":"요청 수신됨 [object Object]"}
{"time":"2026-06-02T00:21:17.165Z","level":"DEBUG","tag":"mysql-db-conn","msg":"쿼리 실행 [object Object]"}
{"time":"2026-06-02T00:21:17.169Z","level":"DEBUG","tag":"service-server:WebSocketHandler","msg":"응답 전송됨 (크기: 2279)"}
{"time":"2026-06-02T00:21:17.176Z","level":"DEBUG","tag":"service-server:WebSocketHandler","msg":"요청 수신됨 [object Object]"}
{"time":"2026-06-02T00:21:17.177Z","level":"DEBUG","tag":"service-server:WebSocketHandler","msg":"응답 전송됨 (크기: 40)"}
{"time":"2026-06-02T00:21:17.182Z","level":"DEBUG","tag":"service-server:WebSocketHandler","msg":"요청 수신됨 [object Object]"}
{"time":"2026-06-02T00:21:17.182Z","level":"DEBUG","tag":"service-server:WebSocketHandler","msg":"응답 전송됨 (크기: 40)"}
{"time":"2026-06-02T00:21:17.190Z","level":"DEBUG","tag":"service-server:WebSocketHandler","msg":"요청 수신됨 [object Object]"}
{"time":"2026-06-02T00:21:17.191Z","level":"DEBUG","tag":"service-server:WebSocketHandler","msg":"응답 전송됨 (크기: 40)"}
{"time":"2026-06-02T00:21:17.200Z","level":"DEBUG","tag":"service-server:WebSocketHandler","msg":"요청 수신됨 [object Object]"}
{"time":"2026-06-02T00:21:17.206Z","level":"DEBUG","tag":"mysql-db-conn","msg":"쿼리 실행 [object Object]"}
{"time":"2026-06-02T00:21:17.214Z","level":"DEBUG","tag":"service-server:WebSocketHandler","msg":"응답 전송됨 (크기: 2279)"}
{"time":"2026-06-02T00:21:17.221Z","level":"DEBUG","tag":"service-server:WebSocketHandler","msg":"요청 수신됨 [object Object]"}
{"time":"2026-06-02T00:21:17.222Z","level":"DEBUG","tag":"service-server:WebSocketHandler","msg":"응답 전송됨 (크기: 40)"}
{"time":"2026-06-02T00:21:17.229Z","level":"DEBUG","tag":"service-server:WebSocketHandler","msg":"요청 수신됨 [object Object]"}
{"time":"2026-06-02T00:21:17.229Z","level":"DEBUG","tag":"service-server:WebSocketHandler","msg":"응답 전송됨 (크기: 40)"}
{"time":"2026-06-02T00:21:17.237Z","level":"DEBUG","tag":"service-server:WebSocketHandler","msg":"요청 수신됨 [object Object]"}
{"time":"2026-06-02T00:21:17.237Z","level":"DEBUG","tag":"service-server:WebSocketHandler","msg":"응답 전송됨 (크기: 40)"}
{"time":"2026-06-02T00:21:17.245Z","level":"DEBUG","tag":"service-server:WebSocketHandler","msg":"요청 수신됨 [object Object]"}
{"time":"2026-06-02T00:21:17.245Z","level":"DEBUG","tag":"service-server:WebSocketHandler","msg":"응답 전송됨 (크기: 79)"}
{"time":"2026-06-02T00:21:17.253Z","level":"DEBUG","tag":"service-server:WebSocketHandler","msg":"요청 수신됨 [object Object]"}
{"time":"2026-06-02T00:21:17.256Z","level":"DEBUG","tag":"service-server:WebSocketHandler","msg":"응답 전송됨 (크기: 42)"}
{"time":"2026-06-02T00:21:17.263Z","level":"DEBUG","tag":"service-server:WebSocketHandler","msg":"요청 수신됨 [object Object]"}
{"time":"2026-06-02T00:21:17.264Z","level":"DEBUG","tag":"mysql-db-conn","msg":"쿼리 실행 [object Object]"}
{"time":"2026-06-02T00:21:17.265Z","level":"DEBUG","tag":"service-server:WebSocketHandler","msg":"응답 전송됨 (크기: 68)"}
{"time":"2026-06-02T00:21:17.272Z","level":"DEBUG","tag":"service-server:WebSocketHandler","msg":"요청 수신됨 [object Object]"}
{"time":"2026-06-02T00:21:17.272Z","level":"DEBUG","tag":"mysql-db-conn","msg":"쿼리 실행 [object Object]"}
{"time":"2026-06-02T00:21:17.273Z","level":"DEBUG","tag":"service-server:WebSocketHandler","msg":"응답 전송됨 (크기: 92)"}
{"time":"2026-06-02T00:21:17.280Z","level":"DEBUG","tag":"service-server:WebSocketHandler","msg":"요청 수신됨 [object Object]"}
{"time":"2026-06-02T00:21:17.280Z","level":"DEBUG","tag":"mysql-db-conn","msg":"쿼리 실행 [object Object]"}
{"time":"2026-06-02T00:21:17.283Z","level":"DEBUG","tag":"service-server:WebSocketHandler","msg":"응답 전송됨 (크기: 670)"}
{"time":"2026-06-02T00:21:17.290Z","level":"DEBUG","tag":"service-server:WebSocketHandler","msg":"요청 수신됨 [object Object]"}
{"time":"2026-06-02T00:21:17.290Z","level":"DEBUG","tag":"mysql-db-conn","msg":"쿼리 실행 [object Object]"}
{"time":"2026-06-02T00:21:17.293Z","level":"DEBUG","tag":"service-server:WebSocketHandler","msg":"응답 전송됨 (크기: 556)"}
{"time":"2026-06-02T00:21:17.302Z","level":"DEBUG","tag":"service-server:WebSocketHandler","msg":"요청 수신됨 [object Object]"}
{"time":"2026-06-02T00:21:17.302Z","level":"DEBUG","tag":"mysql-db-conn","msg":"쿼리 실행 [object Object]"}
{"time":"2026-06-02T00:21:27.570Z","level":"DEBUG","tag":"service-server:WebSocketHandler","msg":"응답 전송됨 (크기: 194)"}
{"time":"2026-06-02T00:21:27.577Z","level":"DEBUG","tag":"service-server:WebSocketHandler","msg":"요청 수신됨 [object Object]"}
{"time":"2026-06-02T00:21:27.577Z","level":"DEBUG","tag":"service-server:WebSocketHandler","msg":"응답 전송됨 (크기: 45)"}
{"time":"2026-06-02T00:21:27.585Z","level":"DEBUG","tag":"service-server:WebSocketHandler","msg":"요청 수신됨 [object Object]"}
{"time":"2026-06-02T00:21:27.585Z","level":"DEBUG","tag":"service-server:WebSocketHandler","msg":"응답 전송됨 (크기: 40)"}
{"time":"2026-06-02T00:23:02.965Z","level":"DEBUG","tag":"service-server:WebSocketHandler","msg":"클라이언트 연결 해제됨: (code: 1005)"}
{"time":"2026-06-02T00:23:15.959Z","level":"DEBUG","tag":"service-server:WebSocketHandler","msg":"클라이언트 연결 해제됨: (code: 1005)"}
{"time":"2026-06-02T00:24:02.970Z","level":"DEBUG","tag":"service-server:WebSocketHandler","msg":"클라이언트 연결됨 [object Object]"}
{"time":"2026-06-02T00:24:02.975Z","level":"DEBUG","tag":"service-server:WebSocketHandler","msg":"요청 수신됨 [object Object]"}
{"time":"2026-06-02T00:24:02.976Z","level":"DEBUG","tag":"service-server:WebSocketHandler","msg":"응답 전송됨 (크기: 40)"}
{"time":"2026-06-02T00:24:02.980Z","level":"DEBUG","tag":"service-server:WebSocketHandler","msg":"요청 수신됨 [object Object]"}
{"time":"2026-06-02T00:24:02.981Z","level":"DEBUG","tag":"service-server:WebSocketHandler","msg":"응답 전송됨 (크기: 40)"}
{"time":"2026-06-02T00:24:15.979Z","level":"DEBUG","tag":"service-server:WebSocketHandler","msg":"클라이언트 연결됨 [object Object]"}
{"time":"2026-06-02T00:24:15.991Z","level":"DEBUG","tag":"service-server:WebSocketHandler","msg":"요청 수신됨 [object Object]"}
{"time":"2026-06-02T00:24:15.992Z","level":"DEBUG","tag":"service-server:WebSocketHandler","msg":"응답 전송됨 (크기: 40)"}
{"time":"2026-06-02T00:26:02.975Z","level":"DEBUG","tag":"service-server:WebSocketHandler","msg":"클라이언트 연결 해제됨: (code: 1005)"}
{"time":"2026-06-02T00:26:15.964Z","level":"DEBUG","tag":"service-server:WebSocketHandler","msg":"클라이언트 연결 해제됨: (code: 1005)"}
{"time":"2026-06-02T00:27:02.972Z","level":"DEBUG","tag":"service-server:WebSocketHandler","msg":"클라이언트 연결됨 [object Object]"}
{"time":"2026-06-02T00:27:02.977Z","level":"DEBUG","tag":"service-server:WebSocketHandler","msg":"요청 수신됨 [object Object]"}
{"time":"2026-06-02T00:27:02.978Z","level":"DEBUG","tag":"service-server:WebSocketHandler","msg":"응답 전송됨 (크기: 40)"}
{"time":"2026-06-02T00:27:02.983Z","level":"DEBUG","tag":"service-server:WebSocketHandler","msg":"요청 수신됨 [object Object]"}
{"time":"2026-06-02T00:27:02.983Z","level":"DEBUG","tag":"service-server:WebSocketHandler","msg":"응답 전송됨 (크기: 40)"}
{"time":"2026-06-02T00:27:15.969Z","level":"DEBUG","tag":"service-server:WebSocketHandler","msg":"클라이언트 연결됨 [object Object]"}
{"time":"2026-06-02T00:27:15.976Z","level":"DEBUG","tag":"service-server:WebSocketHandler","msg":"요청 수신됨 [object Object]"}
{"time":"2026-06-02T00:27:15.977Z","level":"DEBUG","tag":"service-server:WebSocketHandler","msg":"응답 전송됨 (크기: 40)"}
{"time":"2026-06-02T00:29:02.979Z","level":"DEBUG","tag":"service-server:WebSocketHandler","msg":"클라이언트 연결 해제됨: (code: 1005)"}
{"time":"2026-06-02T00:29:14.094Z","level":"DEBUG","tag":"service-server:WebSocketHandler","msg":"요청 수신됨 [object Object]"}
{"time":"2026-06-02T00:29:14.106Z","level":"DEBUG","tag":"mysql-db-conn","msg":"쿼리 실행 [object Object]"}
{"time":"2026-06-02T00:29:14.112Z","level":"DEBUG","tag":"service-server:WebSocketHandler","msg":"응답 전송됨 (크기: 2279)"}
{"time":"2026-06-02T00:29:14.121Z","level":"DEBUG","tag":"service-server:WebSocketHandler","msg":"요청 수신됨 [object Object]"}
{"time":"2026-06-02T00:29:14.122Z","level":"DEBUG","tag":"service-server:WebSocketHandler","msg":"응답 전송됨 (크기: 40)"}
{"time":"2026-06-02T00:29:14.129Z","level":"DEBUG","tag":"service-server:WebSocketHandler","msg":"요청 수신됨 [object Object]"}
{"time":"2026-06-02T00:29:14.129Z","level":"DEBUG","tag":"service-server:WebSocketHandler","msg":"응답 전송됨 (크기: 40)"}
{"time":"2026-06-02T00:29:14.137Z","level":"DEBUG","tag":"service-server:WebSocketHandler","msg":"요청 수신됨 [object Object]"}
{"time":"2026-06-02T00:29:14.137Z","level":"DEBUG","tag":"service-server:WebSocketHandler","msg":"응답 전송됨 (크기: 40)"}
{"time":"2026-06-02T00:29:14.149Z","level":"DEBUG","tag":"service-server:WebSocketHandler","msg":"요청 수신됨 [object Object]"}
{"time":"2026-06-02T00:29:14.152Z","level":"DEBUG","tag":"mysql-db-conn","msg":"쿼리 실행 [object Object]"}
{"time":"2026-06-02T00:29:14.155Z","level":"DEBUG","tag":"service-server:WebSocketHandler","msg":"응답 전송됨 (크기: 2279)"}
{"time":"2026-06-02T00:29:14.164Z","level":"DEBUG","tag":"service-server:WebSocketHandler","msg":"요청 수신됨 [object Object]"}
{"time":"2026-06-02T00:29:14.165Z","level":"DEBUG","tag":"service-server:WebSocketHandler","msg":"응답 전송됨 (크기: 40)"}
{"time":"2026-06-02T00:29:14.177Z","level":"DEBUG","tag":"service-server:WebSocketHandler","msg":"요청 수신됨 [object Object]"}
{"time":"2026-06-02T00:29:14.178Z","level":"DEBUG","tag":"service-server:WebSocketHandler","msg":"응답 전송됨 (크기: 40)"}
{"time":"2026-06-02T00:29:14.190Z","level":"DEBUG","tag":"service-server:WebSocketHandler","msg":"요청 수신됨 [object Object]"}
{"time":"2026-06-02T00:29:14.190Z","level":"DEBUG","tag":"service-server:WebSocketHandler","msg":"응답 전송됨 (크기: 40)"}
{"time":"2026-06-02T00:29:14.202Z","level":"DEBUG","tag":"service-server:WebSocketHandler","msg":"요청 수신됨 [object Object]"}
{"time":"2026-06-02T00:29:14.202Z","level":"DEBUG","tag":"service-server:WebSocketHandler","msg":"응답 전송됨 (크기: 79)"}
{"time":"2026-06-02T00:29:14.210Z","level":"DEBUG","tag":"service-server:WebSocketHandler","msg":"요청 수신됨 [object Object]"}
{"time":"2026-06-02T00:29:14.216Z","level":"DEBUG","tag":"service-server:WebSocketHandler","msg":"응답 전송됨 (크기: 42)"}
{"time":"2026-06-02T00:29:14.222Z","level":"DEBUG","tag":"service-server:WebSocketHandler","msg":"요청 수신됨 [object Object]"}
{"time":"2026-06-02T00:29:14.223Z","level":"DEBUG","tag":"mysql-db-conn","msg":"쿼리 실행 [object Object]"}
{"time":"2026-06-02T00:29:14.225Z","level":"DEBUG","tag":"service-server:WebSocketHandler","msg":"응답 전송됨 (크기: 68)"}
{"time":"2026-06-02T00:29:14.232Z","level":"DEBUG","tag":"service-server:WebSocketHandler","msg":"요청 수신됨 [object Object]"}
{"time":"2026-06-02T00:29:14.233Z","level":"DEBUG","tag":"mysql-db-conn","msg":"쿼리 실행 [object Object]"}
{"time":"2026-06-02T00:29:14.234Z","level":"DEBUG","tag":"service-server:WebSocketHandler","msg":"응답 전송됨 (크기: 92)"}
{"time":"2026-06-02T00:29:14.241Z","level":"DEBUG","tag":"service-server:WebSocketHandler","msg":"요청 수신됨 [object Object]"}
{"time":"2026-06-02T00:29:14.241Z","level":"DEBUG","tag":"mysql-db-conn","msg":"쿼리 실행 [object Object]"}
{"time":"2026-06-02T00:29:14.244Z","level":"DEBUG","tag":"service-server:WebSocketHandler","msg":"응답 전송됨 (크기: 670)"}
{"time":"2026-06-02T00:29:14.253Z","level":"DEBUG","tag":"service-server:WebSocketHandler","msg":"요청 수신됨 [object Object]"}
{"time":"2026-06-02T00:29:14.253Z","level":"DEBUG","tag":"mysql-db-conn","msg":"쿼리 실행 [object Object]"}
{"time":"2026-06-02T00:29:14.256Z","level":"DEBUG","tag":"service-server:WebSocketHandler","msg":"응답 전송됨 (크기: 556)"}
{"time":"2026-06-02T00:29:14.265Z","level":"DEBUG","tag":"service-server:WebSocketHandler","msg":"요청 수신됨 [object Object]"}
{"time":"2026-06-02T00:29:14.265Z","level":"DEBUG","tag":"mysql-db-conn","msg":"쿼리 실행 [object Object]"}
{"time":"2026-06-02T00:29:24.870Z","level":"DEBUG","tag":"service-server:WebSocketHandler","msg":"응답 전송됨 (크기: 194)"}
{"time":"2026-06-02T00:29:24.877Z","level":"DEBUG","tag":"service-server:WebSocketHandler","msg":"요청 수신됨 [object Object]"}
{"time":"2026-06-02T00:29:24.877Z","level":"DEBUG","tag":"service-server:WebSocketHandler","msg":"응답 전송됨 (크기: 45)"}
{"time":"2026-06-02T00:29:24.878Z","level":"DEBUG","tag":"service-server:WebSocketHandler","msg":"클라이언트 연결 해제됨: (code: 1005)"}
{"time":"2026-06-02T00:29:24.884Z","level":"DEBUG","tag":"service-server:WebSocketHandler","msg":"요청 수신됨 [object Object]"}
{"time":"2026-06-02T00:29:24.884Z","level":"DEBUG","tag":"service-server:WebSocketHandler","msg":"응답 전송됨 (크기: 40)"}
{"time":"2026-06-02T00:29:51.795Z","level":"DEBUG","tag":"service-server:WebSocketHandler","msg":"클라이언트 연결됨 [object Object]"}
{"time":"2026-06-02T00:29:51.947Z","level":"DEBUG","tag":"service-server:WebSocketHandler","msg":"요청 수신됨 [object Object]"}
{"time":"2026-06-02T00:29:51.949Z","level":"DEBUG","tag":"service-server:WebSocketHandler","msg":"응답 전송됨 (크기: 123)"}
{"time":"2026-06-02T00:30:02.985Z","level":"DEBUG","tag":"service-server:WebSocketHandler","msg":"클라이언트 연결됨 [object Object]"}
{"time":"2026-06-02T00:30:02.990Z","level":"DEBUG","tag":"service-server:WebSocketHandler","msg":"요청 수신됨 [object Object]"}
{"time":"2026-06-02T00:30:02.992Z","level":"DEBUG","tag":"service-server:WebSocketHandler","msg":"응답 전송됨 (크기: 40)"}
{"time":"2026-06-02T00:30:02.996Z","level":"DEBUG","tag":"service-server:WebSocketHandler","msg":"요청 수신됨 [object Object]"}
{"time":"2026-06-02T00:30:02.996Z","level":"DEBUG","tag":"service-server:WebSocketHandler","msg":"응답 전송됨 (크기: 40)"}
{"time":"2026-06-02T00:30:15.967Z","level":"DEBUG","tag":"service-server:WebSocketHandler","msg":"클라이언트 연결됨 [object Object]"}
{"time":"2026-06-02T00:30:15.998Z","level":"DEBUG","tag":"service-server:WebSocketHandler","msg":"요청 수신됨 [object Object]"}
{"time":"2026-06-02T00:30:16.000Z","level":"DEBUG","tag":"service-server:WebSocketHandler","msg":"응답 전송됨 (크기: 40)"}
{"time":"2026-06-02T00:31:28.543Z","level":"DEBUG","tag":"service-server:WebSocketHandler","msg":"요청 수신됨 [object Object]"}
{"time":"2026-06-02T00:31:28.554Z","level":"DEBUG","tag":"mysql-db-conn","msg":"쿼리 실행 [object Object]"}
{"time":"2026-06-02T00:31:28.559Z","level":"DEBUG","tag":"service-server:WebSocketHandler","msg":"응답 전송됨 (크기: 2279)"}
{"time":"2026-06-02T00:31:28.567Z","level":"DEBUG","tag":"service-server:WebSocketHandler","msg":"요청 수신됨 [object Object]"}
{"time":"2026-06-02T00:31:28.567Z","level":"DEBUG","tag":"service-server:WebSocketHandler","msg":"응답 전송됨 (크기: 40)"}
{"time":"2026-06-02T00:31:28.573Z","level":"DEBUG","tag":"service-server:WebSocketHandler","msg":"요청 수신됨 [object Object]"}
{"time":"2026-06-02T00:31:28.573Z","level":"DEBUG","tag":"service-server:WebSocketHandler","msg":"응답 전송됨 (크기: 40)"}
{"time":"2026-06-02T00:31:28.579Z","level":"DEBUG","tag":"service-server:WebSocketHandler","msg":"요청 수신됨 [object Object]"}
{"time":"2026-06-02T00:31:28.579Z","level":"DEBUG","tag":"service-server:WebSocketHandler","msg":"응답 전송됨 (크기: 40)"}
{"time":"2026-06-02T00:31:28.589Z","level":"DEBUG","tag":"service-server:WebSocketHandler","msg":"요청 수신됨 [object Object]"}
{"time":"2026-06-02T00:31:28.593Z","level":"DEBUG","tag":"mysql-db-conn","msg":"쿼리 실행 [object Object]"}
{"time":"2026-06-02T00:31:28.599Z","level":"DEBUG","tag":"service-server:WebSocketHandler","msg":"응답 전송됨 (크기: 2279)"}
{"time":"2026-06-02T00:31:28.606Z","level":"DEBUG","tag":"service-server:WebSocketHandler","msg":"요청 수신됨 [object Object]"}
{"time":"2026-06-02T00:31:28.607Z","level":"DEBUG","tag":"service-server:WebSocketHandler","msg":"응답 전송됨 (크기: 40)"}
{"time":"2026-06-02T00:31:28.614Z","level":"DEBUG","tag":"service-server:WebSocketHandler","msg":"요청 수신됨 [object Object]"}
{"time":"2026-06-02T00:31:28.614Z","level":"DEBUG","tag":"service-server:WebSocketHandler","msg":"응답 전송됨 (크기: 40)"}
{"time":"2026-06-02T00:31:28.620Z","level":"DEBUG","tag":"service-server:WebSocketHandler","msg":"요청 수신됨 [object Object]"}
{"time":"2026-06-02T00:31:28.620Z","level":"DEBUG","tag":"service-server:WebSocketHandler","msg":"응답 전송됨 (크기: 40)"}
{"time":"2026-06-02T00:31:28.626Z","level":"DEBUG","tag":"service-server:WebSocketHandler","msg":"요청 수신됨 [object Object]"}
{"time":"2026-06-02T00:31:28.626Z","level":"DEBUG","tag":"service-server:WebSocketHandler","msg":"응답 전송됨 (크기: 79)"}
{"time":"2026-06-02T00:31:28.632Z","level":"DEBUG","tag":"service-server:WebSocketHandler","msg":"요청 수신됨 [object Object]"}
{"time":"2026-06-02T00:31:28.637Z","level":"DEBUG","tag":"service-server:WebSocketHandler","msg":"응답 전송됨 (크기: 42)"}
{"time":"2026-06-02T00:31:28.644Z","level":"DEBUG","tag":"service-server:WebSocketHandler","msg":"요청 수신됨 [object Object]"}
{"time":"2026-06-02T00:31:28.645Z","level":"DEBUG","tag":"mysql-db-conn","msg":"쿼리 실행 [object Object]"}
{"time":"2026-06-02T00:31:28.647Z","level":"DEBUG","tag":"service-server:WebSocketHandler","msg":"응답 전송됨 (크기: 68)"}
{"time":"2026-06-02T00:31:28.654Z","level":"DEBUG","tag":"service-server:WebSocketHandler","msg":"요청 수신됨 [object Object]"}
{"time":"2026-06-02T00:31:28.655Z","level":"DEBUG","tag":"mysql-db-conn","msg":"쿼리 실행 [object Object]"}
{"time":"2026-06-02T00:31:28.656Z","level":"DEBUG","tag":"service-server:WebSocketHandler","msg":"응답 전송됨 (크기: 92)"}
{"time":"2026-06-02T00:31:28.665Z","level":"DEBUG","tag":"service-server:WebSocketHandler","msg":"요청 수신됨 [object Object]"}
{"time":"2026-06-02T00:31:28.665Z","level":"DEBUG","tag":"mysql-db-conn","msg":"쿼리 실행 [object Object]"}
{"time":"2026-06-02T00:31:28.668Z","level":"DEBUG","tag":"service-server:WebSocketHandler","msg":"응답 전송됨 (크기: 670)"}
{"time":"2026-06-02T00:31:28.677Z","level":"DEBUG","tag":"service-server:WebSocketHandler","msg":"요청 수신됨 [object Object]"}
{"time":"2026-06-02T00:31:28.677Z","level":"DEBUG","tag":"mysql-db-conn","msg":"쿼리 실행 [object Object]"}
{"time":"2026-06-02T00:31:28.680Z","level":"DEBUG","tag":"service-server:WebSocketHandler","msg":"응답 전송됨 (크기: 556)"}
{"time":"2026-06-02T00:31:28.687Z","level":"DEBUG","tag":"service-server:WebSocketHandler","msg":"요청 수신됨 [object Object]"}
{"time":"2026-06-02T00:31:28.687Z","level":"DEBUG","tag":"mysql-db-conn","msg":"쿼리 실행 [object Object]"}
{"time":"2026-06-02T00:31:39.548Z","level":"DEBUG","tag":"service-server:WebSocketHandler","msg":"응답 전송됨 (크기: 194)"}
{"time":"2026-06-02T00:31:39.555Z","level":"DEBUG","tag":"service-server:WebSocketHandler","msg":"요청 수신됨 [object Object]"}
{"time":"2026-06-02T00:31:39.555Z","level":"DEBUG","tag":"service-server:WebSocketHandler","msg":"응답 전송됨 (크기: 45)"}
{"time":"2026-06-02T00:31:39.561Z","level":"DEBUG","tag":"service-server:WebSocketHandler","msg":"요청 수신됨 [object Object]"}
{"time":"2026-06-02T00:31:39.562Z","level":"DEBUG","tag":"service-server:WebSocketHandler","msg":"응답 전송됨 (크기: 40)"}
{"time":"2026-06-02T00:31:43.241Z","level":"DEBUG","tag":"service-server:WebSocketHandler","msg":"클라이언트 연결됨 [object Object]"}
{"time":"2026-06-02T00:31:48.556Z","level":"DEBUG","tag":"service-server:WebSocketHandler","msg":"클라이언트 연결 해제됨: (code: 1005)"}
{"time":"2026-06-02T00:31:49.447Z","level":"DEBUG","tag":"service-server:WebSocketHandler","msg":"요청 수신됨 [object Object]"}
{"time":"2026-06-02T00:31:49.454Z","level":"DEBUG","tag":"mysql-db-conn","msg":"쿼리 실행 [object Object]"}
{"time":"2026-06-02T00:31:49.480Z","level":"DEBUG","tag":"service-server:WebSocketHandler","msg":"응답 전송됨 (크기: 6410)"}
{"time":"2026-06-02T00:31:49.490Z","level":"DEBUG","tag":"service-server:WebSocketHandler","msg":"요청 수신됨 [object Object]"}
{"time":"2026-06-02T00:31:49.490Z","level":"DEBUG","tag":"service-server:WebSocketHandler","msg":"응답 전송됨 (크기: 40)"}
{"time":"2026-06-02T00:31:49.500Z","level":"DEBUG","tag":"service-server:WebSocketHandler","msg":"요청 수신됨 [object Object]"}
{"time":"2026-06-02T00:31:49.500Z","level":"DEBUG","tag":"service-server:WebSocketHandler","msg":"응답 전송됨 (크기: 40)"}
{"time":"2026-06-02T00:31:49.512Z","level":"DEBUG","tag":"service-server:WebSocketHandler","msg":"요청 수신됨 [object Object]"}
{"time":"2026-06-02T00:31:49.515Z","level":"DEBUG","tag":"mysql-db-conn","msg":"쿼리 실행 [object Object]"}
{"time":"2026-06-02T00:31:49.542Z","level":"DEBUG","tag":"service-server:WebSocketHandler","msg":"응답 전송됨 (크기: 6410)"}
{"time":"2026-06-02T00:31:49.551Z","level":"DEBUG","tag":"service-server:WebSocketHandler","msg":"요청 수신됨 [object Object]"}
{"time":"2026-06-02T00:31:49.551Z","level":"DEBUG","tag":"service-server:WebSocketHandler","msg":"응답 전송됨 (크기: 40)"}
{"time":"2026-06-02T00:31:49.559Z","level":"DEBUG","tag":"service-server:WebSocketHandler","msg":"요청 수신됨 [object Object]"}
{"time":"2026-06-02T00:31:49.559Z","level":"DEBUG","tag":"service-server:WebSocketHandler","msg":"응답 전송됨 (크기: 40)"}
{"time":"2026-06-02T00:31:49.567Z","level":"DEBUG","tag":"service-server:WebSocketHandler","msg":"요청 수신됨 [object Object]"}
{"time":"2026-06-02T00:31:49.567Z","level":"DEBUG","tag":"service-server:WebSocketHandler","msg":"응답 전송됨 (크기: 40)"}
{"time":"2026-06-02T00:31:49.575Z","level":"DEBUG","tag":"service-server:WebSocketHandler","msg":"요청 수신됨 [object Object]"}
{"time":"2026-06-02T00:31:49.575Z","level":"DEBUG","tag":"service-server:WebSocketHandler","msg":"응답 전송됨 (크기: 79)"}
{"time":"2026-06-02T00:31:49.585Z","level":"DEBUG","tag":"service-server:WebSocketHandler","msg":"요청 수신됨 [object Object]"}
{"time":"2026-06-02T00:31:49.587Z","level":"DEBUG","tag":"service-server:WebSocketHandler","msg":"응답 전송됨 (크기: 42)"}
{"time":"2026-06-02T00:31:49.595Z","level":"DEBUG","tag":"service-server:WebSocketHandler","msg":"요청 수신됨 [object Object]"}
{"time":"2026-06-02T00:31:49.596Z","level":"DEBUG","tag":"mysql-db-conn","msg":"쿼리 실행 [object Object]"}
{"time":"2026-06-02T00:31:49.597Z","level":"DEBUG","tag":"service-server:WebSocketHandler","msg":"응답 전송됨 (크기: 68)"}
{"time":"2026-06-02T00:31:49.606Z","level":"DEBUG","tag":"service-server:WebSocketHandler","msg":"요청 수신됨 [object Object]"}
{"time":"2026-06-02T00:31:49.606Z","level":"DEBUG","tag":"mysql-db-conn","msg":"쿼리 실행 [object Object]"}
{"time":"2026-06-02T00:31:49.607Z","level":"DEBUG","tag":"service-server:WebSocketHandler","msg":"응답 전송됨 (크기: 92)"}
{"time":"2026-06-02T00:31:49.616Z","level":"DEBUG","tag":"service-server:WebSocketHandler","msg":"요청 수신됨 [object Object]"}
{"time":"2026-06-02T00:31:49.616Z","level":"DEBUG","tag":"mysql-db-conn","msg":"쿼리 실행 [object Object]"}
{"time":"2026-06-02T00:31:49.619Z","level":"DEBUG","tag":"service-server:WebSocketHandler","msg":"응답 전송됨 (크기: 670)"}
{"time":"2026-06-02T00:31:49.628Z","level":"DEBUG","tag":"service-server:WebSocketHandler","msg":"요청 수신됨 [object Object]"}
{"time":"2026-06-02T00:31:49.628Z","level":"DEBUG","tag":"mysql-db-conn","msg":"쿼리 실행 [object Object]"}
{"time":"2026-06-02T00:31:49.632Z","level":"DEBUG","tag":"service-server:WebSocketHandler","msg":"응답 전송됨 (크기: 556)"}
{"time":"2026-06-02T00:31:49.640Z","level":"DEBUG","tag":"service-server:WebSocketHandler","msg":"요청 수신됨 [object Object]"}
{"time":"2026-06-02T00:31:49.641Z","level":"DEBUG","tag":"mysql-db-conn","msg":"쿼리 실행 [object Object]"}
{"time":"2026-06-02T00:31:59.882Z","level":"DEBUG","tag":"service-server:WebSocketHandler","msg":"응답 전송됨 (크기: 194)"}
{"time":"2026-06-02T00:31:59.890Z","level":"DEBUG","tag":"service-server:WebSocketHandler","msg":"요청 수신됨 [object Object]"}
{"time":"2026-06-02T00:31:59.891Z","level":"DEBUG","tag":"service-server:WebSocketHandler","msg":"응답 전송됨 (크기: 45)"}
{"time":"2026-06-02T00:31:59.899Z","level":"DEBUG","tag":"service-server:WebSocketHandler","msg":"요청 수신됨 [object Object]"}
{"time":"2026-06-02T00:31:59.899Z","level":"DEBUG","tag":"service-server:WebSocketHandler","msg":"응답 전송됨 (크기: 40)"}
{"time":"2026-06-02T00:32:02.990Z","level":"DEBUG","tag":"service-server:WebSocketHandler","msg":"클라이언트 연결 해제됨: (code: 1005)"}
{"time":"2026-06-02T00:32:15.998Z","level":"DEBUG","tag":"service-server:WebSocketHandler","msg":"클라이언트 연결 해제됨: (code: 1005)"}
{"time":"2026-06-02T00:32:29.369Z","level":"DEBUG","tag":"service-server:WebSocketHandler","msg":"클라이언트 연결됨 [object Object]"}
{"time":"2026-06-02T00:32:29.402Z","level":"DEBUG","tag":"service-server:WebSocketHandler","msg":"요청 수신됨 [object Object]"}
{"time":"2026-06-02T00:32:29.403Z","level":"DEBUG","tag":"service-server:WebSocketHandler","msg":"응답 전송됨 (크기: 40)"}
{"time":"2026-06-02T00:32:31.376Z","level":"DEBUG","tag":"service-server:WebSocketHandler","msg":"클라이언트 연결 해제됨: (code: 1001)"}
{"time":"2026-06-02T00:32:31.376Z","level":"DEBUG","tag":"service-server:OrmService","msg":"소켓 종료 감지: 열린 모든 DB 연결을 정리합니다."}
{"time":"2026-06-02T00:32:31.439Z","level":"DEBUG","tag":"service-server:WebSocketHandler","msg":"클라이언트 연결됨 [object Object]"}
{"time":"2026-06-02T00:32:32.454Z","level":"DEBUG","tag":"service-server:WebSocketHandler","msg":"요청 수신됨 [object Object]"}
{"time":"2026-06-02T00:32:32.461Z","level":"DEBUG","tag":"mysql-db-conn","msg":"쿼리 실행 [object Object]"}
{"time":"2026-06-02T00:32:32.466Z","level":"DEBUG","tag":"service-server:WebSocketHandler","msg":"응답 전송됨 (크기: 3668)"}
{"time":"2026-06-02T00:32:32.504Z","level":"DEBUG","tag":"service-server:WebSocketHandler","msg":"요청 수신됨 [object Object]"}
{"time":"2026-06-02T00:32:32.505Z","level":"DEBUG","tag":"service-server:WebSocketHandler","msg":"응답 전송됨 (크기: 40)"}
{"time":"2026-06-02T00:32:32.547Z","level":"DEBUG","tag":"service-server:WebSocketHandler","msg":"요청 수신됨 [object Object]"}
{"time":"2026-06-02T00:32:32.547Z","level":"DEBUG","tag":"service-server:WebSocketHandler","msg":"응답 전송됨 (크기: 40)"}
{"time":"2026-06-02T00:32:32.585Z","level":"DEBUG","tag":"service-server:WebSocketHandler","msg":"요청 수신됨 [object Object]"}
{"time":"2026-06-02T00:32:32.585Z","level":"DEBUG","tag":"service-server:WebSocketHandler","msg":"응답 전송됨 (크기: 40)"}
{"time":"2026-06-02T00:32:32.624Z","level":"DEBUG","tag":"service-server:WebSocketHandler","msg":"요청 수신됨 [object Object]"}
{"time":"2026-06-02T00:32:32.630Z","level":"DEBUG","tag":"mysql-db-conn","msg":"쿼리 실행 [object Object]"}
{"time":"2026-06-02T00:32:32.640Z","level":"DEBUG","tag":"service-server:WebSocketHandler","msg":"응답 전송됨 (크기: 3668)"}
{"time":"2026-06-02T00:32:32.673Z","level":"DEBUG","tag":"service-server:WebSocketHandler","msg":"요청 수신됨 [object Object]"}
{"time":"2026-06-02T00:32:32.673Z","level":"DEBUG","tag":"service-server:WebSocketHandler","msg":"응답 전송됨 (크기: 40)"}
{"time":"2026-06-02T00:32:32.705Z","level":"DEBUG","tag":"service-server:WebSocketHandler","msg":"요청 수신됨 [object Object]"}
{"time":"2026-06-02T00:32:32.705Z","level":"DEBUG","tag":"service-server:WebSocketHandler","msg":"응답 전송됨 (크기: 40)"}
{"time":"2026-06-02T00:32:32.746Z","level":"DEBUG","tag":"service-server:WebSocketHandler","msg":"요청 수신됨 [object Object]"}
{"time":"2026-06-02T00:32:32.746Z","level":"DEBUG","tag":"service-server:WebSocketHandler","msg":"응답 전송됨 (크기: 40)"}
{"time":"2026-06-02T00:32:32.785Z","level":"DEBUG","tag":"service-server:WebSocketHandler","msg":"요청 수신됨 [object Object]"}
{"time":"2026-06-02T00:32:32.785Z","level":"DEBUG","tag":"service-server:WebSocketHandler","msg":"응답 전송됨 (크기: 79)"}
{"time":"2026-06-02T00:32:32.823Z","level":"DEBUG","tag":"service-server:WebSocketHandler","msg":"요청 수신됨 [object Object]"}
{"time":"2026-06-02T00:32:32.828Z","level":"DEBUG","tag":"service-server:WebSocketHandler","msg":"응답 전송됨 (크기: 42)"}
{"time":"2026-06-02T00:32:32.872Z","level":"DEBUG","tag":"service-server:WebSocketHandler","msg":"요청 수신됨 [object Object]"}
{"time":"2026-06-02T00:32:32.872Z","level":"DEBUG","tag":"mysql-db-conn","msg":"쿼리 실행 [object Object]"}
{"time":"2026-06-02T00:32:32.874Z","level":"DEBUG","tag":"service-server:WebSocketHandler","msg":"응답 전송됨 (크기: 68)"}
{"time":"2026-06-02T00:32:32.923Z","level":"DEBUG","tag":"service-server:WebSocketHandler","msg":"요청 수신됨 [object Object]"}
{"time":"2026-06-02T00:32:32.923Z","level":"DEBUG","tag":"mysql-db-conn","msg":"쿼리 실행 [object Object]"}
{"time":"2026-06-02T00:32:32.924Z","level":"DEBUG","tag":"service-server:WebSocketHandler","msg":"응답 전송됨 (크기: 92)"}
{"time":"2026-06-02T00:32:33.026Z","level":"DEBUG","tag":"service-server:WebSocketHandler","msg":"요청 수신됨 [object Object]"}
{"time":"2026-06-02T00:32:33.027Z","level":"DEBUG","tag":"mysql-db-conn","msg":"쿼리 실행 [object Object]"}
{"time":"2026-06-02T00:32:33.030Z","level":"DEBUG","tag":"service-server:WebSocketHandler","msg":"응답 전송됨 (크기: 670)"}
{"time":"2026-06-02T00:32:33.147Z","level":"DEBUG","tag":"service-server:WebSocketHandler","msg":"요청 수신됨 [object Object]"}
{"time":"2026-06-02T00:32:33.150Z","level":"DEBUG","tag":"service-server:WebSocketHandler","msg":"응답 전송됨 (크기: 556)"}
{"time":"2026-06-02T00:32:33.187Z","level":"DEBUG","tag":"service-server:WebSocketHandler","msg":"요청 수신됨 [object Object]"}
{"time":"2026-06-02T00:32:33.027Z","level":"DEBUG","tag":"mysql-db-conn","msg":"쿼리 실행 [object Object]"}
{"time":"2026-06-02T00:32:33.188Z","level":"DEBUG","tag":"mysql-db-conn","msg":"쿼리 실행 [object Object]"}
{"time":"2026-06-02T00:32:43.146Z","level":"DEBUG","tag":"service-server:WebSocketHandler","msg":"응답 전송됨 (크기: 194)"}
{"time":"2026-06-02T00:32:43.154Z","level":"DEBUG","tag":"service-server:WebSocketHandler","msg":"요청 수신됨 [object Object]"}
{"time":"2026-06-02T00:32:43.155Z","level":"DEBUG","tag":"service-server:WebSocketHandler","msg":"응답 전송됨 (크기: 45)"}
{"time":"2026-06-02T00:32:43.162Z","level":"DEBUG","tag":"service-server:WebSocketHandler","msg":"요청 수신됨 [object Object]"}
{"time":"2026-06-02T00:32:43.162Z","level":"DEBUG","tag":"service-server:WebSocketHandler","msg":"응답 전송됨 (크기: 40)"}
{"time":"2026-06-02T00:32:44.716Z","level":"DEBUG","tag":"service-server:WebSocketHandler","msg":"클라이언트 연결 해제됨: (code: 1001)"}
{"time":"2026-06-02T00:32:44.776Z","level":"DEBUG","tag":"service-server:WebSocketHandler","msg":"클라이언트 연결됨 [object Object]"}
{"time":"2026-06-02T00:32:46.677Z","level":"DEBUG","tag":"service-server:WebSocketHandler","msg":"클라이언트 연결 해제됨: (code: 1001)"}
{"time":"2026-06-02T00:32:49.586Z","level":"DEBUG","tag":"service-server:WebSocketHandler","msg":"클라이언트 연결됨 [object Object]"}
{"time":"2026-06-02T00:33:02.985Z","level":"DEBUG","tag":"service-server:WebSocketHandler","msg":"클라이언트 연결됨 [object Object]"}
{"time":"2026-06-02T00:33:02.990Z","level":"DEBUG","tag":"service-server:WebSocketHandler","msg":"요청 수신됨 [object Object]"}
{"time":"2026-06-02T00:33:02.992Z","level":"DEBUG","tag":"service-server:WebSocketHandler","msg":"응답 전송됨 (크기: 40)"}
{"time":"2026-06-02T00:33:02.996Z","level":"DEBUG","tag":"service-server:WebSocketHandler","msg":"요청 수신됨 [object Object]"}
{"time":"2026-06-02T00:33:02.997Z","level":"DEBUG","tag":"service-server:WebSocketHandler","msg":"응답 전송됨 (크기: 40)"}
{"time":"2026-06-02T00:33:13.777Z","level":"DEBUG","tag":"service-server:WebSocketHandler","msg":"요청 수신됨 [object Object]"}
{"time":"2026-06-02T00:33:13.786Z","level":"DEBUG","tag":"mysql-db-conn","msg":"쿼리 실행 [object Object]"}
{"time":"2026-06-02T00:33:13.792Z","level":"DEBUG","tag":"service-server:WebSocketHandler","msg":"응답 전송됨 (크기: 2279)"}
{"time":"2026-06-02T00:33:13.800Z","level":"DEBUG","tag":"service-server:WebSocketHandler","msg":"요청 수신됨 [object Object]"}
{"time":"2026-06-02T00:33:13.800Z","level":"DEBUG","tag":"service-server:WebSocketHandler","msg":"응답 전송됨 (크기: 40)"}
{"time":"2026-06-02T00:33:13.806Z","level":"DEBUG","tag":"service-server:WebSocketHandler","msg":"요청 수신됨 [object Object]"}
{"time":"2026-06-02T00:33:13.806Z","level":"DEBUG","tag":"service-server:WebSocketHandler","msg":"응답 전송됨 (크기: 40)"}
{"time":"2026-06-02T00:33:13.812Z","level":"DEBUG","tag":"service-server:WebSocketHandler","msg":"요청 수신됨 [object Object]"}
{"time":"2026-06-02T00:33:13.812Z","level":"DEBUG","tag":"service-server:WebSocketHandler","msg":"응답 전송됨 (크기: 40)"}
{"time":"2026-06-02T00:33:13.822Z","level":"DEBUG","tag":"service-server:WebSocketHandler","msg":"요청 수신됨 [object Object]"}
{"time":"2026-06-02T00:33:13.826Z","level":"DEBUG","tag":"mysql-db-conn","msg":"쿼리 실행 [object Object]"}
{"time":"2026-06-02T00:33:13.834Z","level":"DEBUG","tag":"service-server:WebSocketHandler","msg":"응답 전송됨 (크기: 2279)"}
{"time":"2026-06-02T00:33:13.840Z","level":"DEBUG","tag":"service-server:WebSocketHandler","msg":"요청 수신됨 [object Object]"}
{"time":"2026-06-02T00:33:13.841Z","level":"DEBUG","tag":"service-server:WebSocketHandler","msg":"응답 전송됨 (크기: 40)"}
{"time":"2026-06-02T00:33:13.848Z","level":"DEBUG","tag":"service-server:WebSocketHandler","msg":"요청 수신됨 [object Object]"}
{"time":"2026-06-02T00:33:13.849Z","level":"DEBUG","tag":"service-server:WebSocketHandler","msg":"응답 전송됨 (크기: 40)"}
{"time":"2026-06-02T00:33:13.856Z","level":"DEBUG","tag":"service-server:WebSocketHandler","msg":"요청 수신됨 [object Object]"}
{"time":"2026-06-02T00:33:13.857Z","level":"DEBUG","tag":"service-server:WebSocketHandler","msg":"응답 전송됨 (크기: 40)"}
{"time":"2026-06-02T00:33:13.864Z","level":"DEBUG","tag":"service-server:WebSocketHandler","msg":"요청 수신됨 [object Object]"}
{"time":"2026-06-02T00:33:13.865Z","level":"DEBUG","tag":"service-server:WebSocketHandler","msg":"응답 전송됨 (크기: 79)"}
{"time":"2026-06-02T00:33:13.872Z","level":"DEBUG","tag":"service-server:WebSocketHandler","msg":"요청 수신됨 [object Object]"}
{"time":"2026-06-02T00:33:13.874Z","level":"DEBUG","tag":"service-server:WebSocketHandler","msg":"응답 전송됨 (크기: 42)"}
{"time":"2026-06-02T00:33:13.883Z","level":"DEBUG","tag":"service-server:WebSocketHandler","msg":"요청 수신됨 [object Object]"}
{"time":"2026-06-02T00:33:13.883Z","level":"DEBUG","tag":"mysql-db-conn","msg":"쿼리 실행 [object Object]"}
{"time":"2026-06-02T00:33:13.884Z","level":"DEBUG","tag":"service-server:WebSocketHandler","msg":"응답 전송됨 (크기: 68)"}
{"time":"2026-06-02T00:33:13.889Z","level":"DEBUG","tag":"service-server:WebSocketHandler","msg":"요청 수신됨 [object Object]"}
{"time":"2026-06-02T00:33:13.889Z","level":"DEBUG","tag":"mysql-db-conn","msg":"쿼리 실행 [object Object]"}
{"time":"2026-06-02T00:33:13.890Z","level":"DEBUG","tag":"service-server:WebSocketHandler","msg":"응답 전송됨 (크기: 92)"}
{"time":"2026-06-02T00:33:13.897Z","level":"DEBUG","tag":"service-server:WebSocketHandler","msg":"요청 수신됨 [object Object]"}
{"time":"2026-06-02T00:33:13.897Z","level":"DEBUG","tag":"mysql-db-conn","msg":"쿼리 실행 [object Object]"}
{"time":"2026-06-02T00:33:13.900Z","level":"DEBUG","tag":"service-server:WebSocketHandler","msg":"응답 전송됨 (크기: 670)"}
{"time":"2026-06-02T00:33:13.905Z","level":"DEBUG","tag":"service-server:WebSocketHandler","msg":"요청 수신됨 [object Object]"}
{"time":"2026-06-02T00:33:13.906Z","level":"DEBUG","tag":"mysql-db-conn","msg":"쿼리 실행 [object Object]"}
{"time":"2026-06-02T00:33:13.909Z","level":"DEBUG","tag":"service-server:WebSocketHandler","msg":"응답 전송됨 (크기: 556)"}
{"time":"2026-06-02T00:33:13.916Z","level":"DEBUG","tag":"service-server:WebSocketHandler","msg":"요청 수신됨 [object Object]"}
{"time":"2026-06-02T00:33:13.916Z","level":"DEBUG","tag":"mysql-db-conn","msg":"쿼리 실행 [object Object]"}
{"time":"2026-06-02T00:33:24.322Z","level":"DEBUG","tag":"service-server:WebSocketHandler","msg":"응답 전송됨 (크기: 194)"}
{"time":"2026-06-02T00:33:24.329Z","level":"DEBUG","tag":"service-server:WebSocketHandler","msg":"요청 수신됨 [object Object]"}
{"time":"2026-06-02T00:33:24.329Z","level":"DEBUG","tag":"service-server:WebSocketHandler","msg":"응답 전송됨 (크기: 45)"}
{"time":"2026-06-02T00:33:24.337Z","level":"DEBUG","tag":"service-server:WebSocketHandler","msg":"요청 수신됨 [object Object]"}
{"time":"2026-06-02T00:33:24.337Z","level":"DEBUG","tag":"service-server:WebSocketHandler","msg":"응답 전송됨 (크기: 40)"}
{"time":"2026-06-02T00:33:26.846Z","level":"DEBUG","tag":"service-server:WebSocketHandler","msg":"요청 수신됨 [object Object]"}
{"time":"2026-06-02T00:33:26.854Z","level":"DEBUG","tag":"mysql-db-conn","msg":"쿼리 실행 [object Object]"}
{"time":"2026-06-02T00:33:26.861Z","level":"DEBUG","tag":"service-server:WebSocketHandler","msg":"응답 전송됨 (크기: 2279)"}
{"time":"2026-06-02T00:33:26.868Z","level":"DEBUG","tag":"service-server:WebSocketHandler","msg":"요청 수신됨 [object Object]"}
{"time":"2026-06-02T00:33:26.869Z","level":"DEBUG","tag":"service-server:WebSocketHandler","msg":"응답 전송됨 (크기: 40)"}
{"time":"2026-06-02T00:33:26.876Z","level":"DEBUG","tag":"service-server:WebSocketHandler","msg":"요청 수신됨 [object Object]"}
{"time":"2026-06-02T00:33:26.877Z","level":"DEBUG","tag":"service-server:WebSocketHandler","msg":"응답 전송됨 (크기: 40)"}
{"time":"2026-06-02T00:33:26.884Z","level":"DEBUG","tag":"service-server:WebSocketHandler","msg":"요청 수신됨 [object Object]"}
{"time":"2026-06-02T00:33:26.885Z","level":"DEBUG","tag":"service-server:WebSocketHandler","msg":"응답 전송됨 (크기: 40)"}
{"time":"2026-06-02T00:33:26.893Z","level":"DEBUG","tag":"service-server:WebSocketHandler","msg":"요청 수신됨 [object Object]"}
{"time":"2026-06-02T00:33:26.898Z","level":"DEBUG","tag":"mysql-db-conn","msg":"쿼리 실행 [object Object]"}
{"time":"2026-06-02T00:33:26.905Z","level":"DEBUG","tag":"service-server:WebSocketHandler","msg":"응답 전송됨 (크기: 2279)"}
{"time":"2026-06-02T00:33:26.911Z","level":"DEBUG","tag":"service-server:WebSocketHandler","msg":"요청 수신됨 [object Object]"}
{"time":"2026-06-02T00:33:26.911Z","level":"DEBUG","tag":"service-server:WebSocketHandler","msg":"응답 전송됨 (크기: 40)"}
{"time":"2026-06-02T00:33:26.919Z","level":"DEBUG","tag":"service-server:WebSocketHandler","msg":"요청 수신됨 [object Object]"}
{"time":"2026-06-02T00:33:26.919Z","level":"DEBUG","tag":"service-server:WebSocketHandler","msg":"응답 전송됨 (크기: 40)"}
{"time":"2026-06-02T00:33:26.925Z","level":"DEBUG","tag":"service-server:WebSocketHandler","msg":"요청 수신됨 [object Object]"}
{"time":"2026-06-02T00:33:26.925Z","level":"DEBUG","tag":"service-server:WebSocketHandler","msg":"응답 전송됨 (크기: 40)"}
{"time":"2026-06-02T00:33:26.933Z","level":"DEBUG","tag":"service-server:WebSocketHandler","msg":"요청 수신됨 [object Object]"}
{"time":"2026-06-02T00:33:26.933Z","level":"DEBUG","tag":"service-server:WebSocketHandler","msg":"응답 전송됨 (크기: 79)"}
{"time":"2026-06-02T00:33:26.939Z","level":"DEBUG","tag":"service-server:WebSocketHandler","msg":"요청 수신됨 [object Object]"}
{"time":"2026-06-02T00:33:26.942Z","level":"DEBUG","tag":"service-server:WebSocketHandler","msg":"응답 전송됨 (크기: 42)"}
{"time":"2026-06-02T00:33:26.949Z","level":"DEBUG","tag":"service-server:WebSocketHandler","msg":"요청 수신됨 [object Object]"}
{"time":"2026-06-02T00:33:26.950Z","level":"DEBUG","tag":"mysql-db-conn","msg":"쿼리 실행 [object Object]"}
{"time":"2026-06-02T00:33:26.951Z","level":"DEBUG","tag":"service-server:WebSocketHandler","msg":"응답 전송됨 (크기: 68)"}
{"time":"2026-06-02T00:33:26.958Z","level":"DEBUG","tag":"service-server:WebSocketHandler","msg":"요청 수신됨 [object Object]"}
{"time":"2026-06-02T00:33:26.958Z","level":"DEBUG","tag":"mysql-db-conn","msg":"쿼리 실행 [object Object]"}
{"time":"2026-06-02T00:33:26.959Z","level":"DEBUG","tag":"service-server:WebSocketHandler","msg":"응답 전송됨 (크기: 92)"}
{"time":"2026-06-02T00:33:26.966Z","level":"DEBUG","tag":"service-server:WebSocketHandler","msg":"요청 수신됨 [object Object]"}
{"time":"2026-06-02T00:33:26.966Z","level":"DEBUG","tag":"mysql-db-conn","msg":"쿼리 실행 [object Object]"}
{"time":"2026-06-02T00:33:26.969Z","level":"DEBUG","tag":"service-server:WebSocketHandler","msg":"응답 전송됨 (크기: 670)"}
{"time":"2026-06-02T00:33:26.976Z","level":"DEBUG","tag":"service-server:WebSocketHandler","msg":"요청 수신됨 [object Object]"}
{"time":"2026-06-02T00:33:26.976Z","level":"DEBUG","tag":"mysql-db-conn","msg":"쿼리 실행 [object Object]"}
{"time":"2026-06-02T00:33:26.979Z","level":"DEBUG","tag":"service-server:WebSocketHandler","msg":"응답 전송됨 (크기: 556)"}
{"time":"2026-06-02T00:33:26.986Z","level":"DEBUG","tag":"service-server:WebSocketHandler","msg":"요청 수신됨 [object Object]"}
{"time":"2026-06-02T00:33:26.986Z","level":"DEBUG","tag":"mysql-db-conn","msg":"쿼리 실행 [object Object]"}
{"time":"2026-06-02T00:33:38.875Z","level":"DEBUG","tag":"service-server:WebSocketHandler","msg":"응답 전송됨 (크기: 194)"}
{"time":"2026-06-02T00:33:38.884Z","level":"DEBUG","tag":"service-server:WebSocketHandler","msg":"요청 수신됨 [object Object]"}
{"time":"2026-06-02T00:33:38.885Z","level":"DEBUG","tag":"service-server:WebSocketHandler","msg":"응답 전송됨 (크기: 45)"}
{"time":"2026-06-02T00:33:38.892Z","level":"DEBUG","tag":"service-server:WebSocketHandler","msg":"요청 수신됨 [object Object]"}
{"time":"2026-06-02T00:33:38.893Z","level":"DEBUG","tag":"service-server:WebSocketHandler","msg":"응답 전송됨 (크기: 40)"}
{"time":"2026-06-02T00:33:41.626Z","level":"DEBUG","tag":"service-server:WebSocketHandler","msg":"요청 수신됨 [object Object]"}
{"time":"2026-06-02T00:33:41.633Z","level":"DEBUG","tag":"mysql-db-conn","msg":"쿼리 실행 [object Object]"}
{"time":"2026-06-02T00:33:41.640Z","level":"DEBUG","tag":"service-server:WebSocketHandler","msg":"응답 전송됨 (크기: 2279)"}
{"time":"2026-06-02T00:33:41.649Z","level":"DEBUG","tag":"service-server:WebSocketHandler","msg":"요청 수신됨 [object Object]"}
{"time":"2026-06-02T00:33:41.649Z","level":"DEBUG","tag":"service-server:WebSocketHandler","msg":"응답 전송됨 (크기: 40)"}
{"time":"2026-06-02T00:33:41.659Z","level":"DEBUG","tag":"service-server:WebSocketHandler","msg":"요청 수신됨 [object Object]"}
{"time":"2026-06-02T00:33:41.659Z","level":"DEBUG","tag":"service-server:WebSocketHandler","msg":"응답 전송됨 (크기: 40)"}
{"time":"2026-06-02T00:33:41.669Z","level":"DEBUG","tag":"service-server:WebSocketHandler","msg":"요청 수신됨 [object Object]"}
{"time":"2026-06-02T00:33:41.669Z","level":"DEBUG","tag":"service-server:WebSocketHandler","msg":"응답 전송됨 (크기: 40)"}
{"time":"2026-06-02T00:33:41.679Z","level":"DEBUG","tag":"service-server:WebSocketHandler","msg":"요청 수신됨 [object Object]"}
{"time":"2026-06-02T00:33:41.685Z","level":"DEBUG","tag":"mysql-db-conn","msg":"쿼리 실행 [object Object]"}
{"time":"2026-06-02T00:33:41.691Z","level":"DEBUG","tag":"service-server:WebSocketHandler","msg":"응답 전송됨 (크기: 2279)"}
{"time":"2026-06-02T00:33:41.698Z","level":"DEBUG","tag":"service-server:WebSocketHandler","msg":"요청 수신됨 [object Object]"}
{"time":"2026-06-02T00:33:41.699Z","level":"DEBUG","tag":"service-server:WebSocketHandler","msg":"응답 전송됨 (크기: 40)"}
{"time":"2026-06-02T00:33:41.706Z","level":"DEBUG","tag":"service-server:WebSocketHandler","msg":"요청 수신됨 [object Object]"}
{"time":"2026-06-02T00:33:41.706Z","level":"DEBUG","tag":"service-server:WebSocketHandler","msg":"응답 전송됨 (크기: 40)"}
{"time":"2026-06-02T00:33:41.714Z","level":"DEBUG","tag":"service-server:WebSocketHandler","msg":"요청 수신됨 [object Object]"}
{"time":"2026-06-02T00:33:41.714Z","level":"DEBUG","tag":"service-server:WebSocketHandler","msg":"응답 전송됨 (크기: 40)"}
{"time":"2026-06-02T00:33:41.722Z","level":"DEBUG","tag":"service-server:WebSocketHandler","msg":"요청 수신됨 [object Object]"}
{"time":"2026-06-02T00:33:41.722Z","level":"DEBUG","tag":"service-server:WebSocketHandler","msg":"응답 전송됨 (크기: 79)"}
{"time":"2026-06-02T00:33:41.730Z","level":"DEBUG","tag":"service-server:WebSocketHandler","msg":"요청 수신됨 [object Object]"}
{"time":"2026-06-02T00:33:41.733Z","level":"DEBUG","tag":"service-server:WebSocketHandler","msg":"응답 전송됨 (크기: 42)"}
{"time":"2026-06-02T00:33:41.742Z","level":"DEBUG","tag":"service-server:WebSocketHandler","msg":"요청 수신됨 [object Object]"}
{"time":"2026-06-02T00:33:41.742Z","level":"DEBUG","tag":"mysql-db-conn","msg":"쿼리 실행 [object Object]"}
{"time":"2026-06-02T00:33:41.744Z","level":"DEBUG","tag":"service-server:WebSocketHandler","msg":"응답 전송됨 (크기: 68)"}
{"time":"2026-06-02T00:33:41.752Z","level":"DEBUG","tag":"service-server:WebSocketHandler","msg":"요청 수신됨 [object Object]"}
{"time":"2026-06-02T00:33:41.753Z","level":"DEBUG","tag":"mysql-db-conn","msg":"쿼리 실행 [object Object]"}
{"time":"2026-06-02T00:33:41.754Z","level":"DEBUG","tag":"service-server:WebSocketHandler","msg":"응답 전송됨 (크기: 92)"}
{"time":"2026-06-02T00:33:41.761Z","level":"DEBUG","tag":"service-server:WebSocketHandler","msg":"요청 수신됨 [object Object]"}
{"time":"2026-06-02T00:33:41.761Z","level":"DEBUG","tag":"mysql-db-conn","msg":"쿼리 실행 [object Object]"}
{"time":"2026-06-02T00:33:41.764Z","level":"DEBUG","tag":"service-server:WebSocketHandler","msg":"응답 전송됨 (크기: 670)"}
{"time":"2026-06-02T00:33:41.773Z","level":"DEBUG","tag":"service-server:WebSocketHandler","msg":"요청 수신됨 [object Object]"}
{"time":"2026-06-02T00:33:41.773Z","level":"DEBUG","tag":"mysql-db-conn","msg":"쿼리 실행 [object Object]"}
{"time":"2026-06-02T00:33:41.776Z","level":"DEBUG","tag":"service-server:WebSocketHandler","msg":"응답 전송됨 (크기: 556)"}
{"time":"2026-06-02T00:33:41.785Z","level":"DEBUG","tag":"service-server:WebSocketHandler","msg":"요청 수신됨 [object Object]"}
{"time":"2026-06-02T00:33:41.785Z","level":"DEBUG","tag":"mysql-db-conn","msg":"쿼리 실행 [object Object]"}
{"time":"2026-06-02T00:33:53.896Z","level":"DEBUG","tag":"service-server:WebSocketHandler","msg":"응답 전송됨 (크기: 194)"}
{"time":"2026-06-02T00:33:53.904Z","level":"DEBUG","tag":"service-server:WebSocketHandler","msg":"요청 수신됨 [object Object]"}
{"time":"2026-06-02T00:33:53.905Z","level":"DEBUG","tag":"service-server:WebSocketHandler","msg":"응답 전송됨 (크기: 45)"}
{"time":"2026-06-02T00:33:53.913Z","level":"DEBUG","tag":"service-server:WebSocketHandler","msg":"요청 수신됨 [object Object]"}
{"time":"2026-06-02T00:33:53.913Z","level":"DEBUG","tag":"service-server:WebSocketHandler","msg":"응답 전송됨 (크기: 40)"}
{"time":"2026-06-02T00:34:08.641Z","level":"DEBUG","tag":"service-server:WebSocketHandler","msg":"클라이언트 연결 해제됨: (code: 1001)"}
{"time":"2026-06-02T00:34:08.641Z","level":"DEBUG","tag":"service-server:OrmService","msg":"소켓 종료 감지: 열린 모든 DB 연결을 정리합니다."}
{"time":"2026-06-02T00:34:15.994Z","level":"DEBUG","tag":"service-server:WebSocketHandler","msg":"클라이언트 연결 해제됨: (code: 1005)"}
{"time":"2026-06-02T00:34:15.994Z","level":"DEBUG","tag":"service-server:OrmService","msg":"소켓 종료 감지: 열린 모든 DB 연결을 정리합니다."}
{"time":"2026-06-02T00:34:49.556Z","level":"DEBUG","tag":"service-server:WebSocketHandler","msg":"클라이언트 연결 해제됨: (code: 1005)"}
{"time":"2026-06-02T00:35:02.984Z","level":"DEBUG","tag":"service-server:WebSocketHandler","msg":"클라이언트 연결 해제됨: (code: 1005)"}
{"time":"2026-06-02T00:35:15.960Z","level":"DEBUG","tag":"service-server:WebSocketHandler","msg":"클라이언트 연결됨 [object Object]"}
{"time":"2026-06-02T00:35:15.979Z","level":"DEBUG","tag":"service-server:WebSocketHandler","msg":"요청 수신됨 [object Object]"}
{"time":"2026-06-02T00:35:15.980Z","level":"DEBUG","tag":"service-server:WebSocketHandler","msg":"응답 전송됨 (크기: 40)"}
{"time":"2026-06-02T00:35:49.568Z","level":"DEBUG","tag":"service-server:WebSocketHandler","msg":"클라이언트 연결됨 [object Object]"}
{"time":"2026-06-02T00:35:56.481Z","level":"DEBUG","tag":"service-server:WebSocketHandler","msg":"요청 수신됨 [object Object]"}
{"time":"2026-06-02T00:35:56.492Z","level":"DEBUG","tag":"mysql-db-conn","msg":"쿼리 실행 [object Object]"}
{"time":"2026-06-02T00:35:56.505Z","level":"DEBUG","tag":"service-server:WebSocketHandler","msg":"응답 전송됨 (크기: 4531)"}
{"time":"2026-06-02T00:35:56.542Z","level":"DEBUG","tag":"service-server:WebSocketHandler","msg":"요청 수신됨 [object Object]"}
{"time":"2026-06-02T00:35:56.542Z","level":"DEBUG","tag":"service-server:WebSocketHandler","msg":"응답 전송됨 (크기: 40)"}
{"time":"2026-06-02T00:35:56.566Z","level":"DEBUG","tag":"service-server:WebSocketHandler","msg":"요청 수신됨 [object Object]"}
{"time":"2026-06-02T00:35:56.566Z","level":"DEBUG","tag":"service-server:WebSocketHandler","msg":"응답 전송됨 (크기: 40)"}
{"time":"2026-06-02T00:35:56.713Z","level":"DEBUG","tag":"service-server:WebSocketHandler","msg":"요청 수신됨 [object Object]"}
{"time":"2026-06-02T00:35:56.720Z","level":"DEBUG","tag":"mysql-db-conn","msg":"쿼리 실행 [object Object]"}
{"time":"2026-06-02T00:35:56.735Z","level":"DEBUG","tag":"service-server:WebSocketHandler","msg":"응답 전송됨 (크기: 4531)"}
{"time":"2026-06-02T00:35:56.794Z","level":"DEBUG","tag":"service-server:WebSocketHandler","msg":"요청 수신됨 [object Object]"}
{"time":"2026-06-02T00:35:56.795Z","level":"DEBUG","tag":"service-server:WebSocketHandler","msg":"응답 전송됨 (크기: 40)"}
{"time":"2026-06-02T00:35:56.887Z","level":"DEBUG","tag":"service-server:WebSocketHandler","msg":"요청 수신됨 [object Object]"}
{"time":"2026-06-02T00:35:56.887Z","level":"DEBUG","tag":"service-server:WebSocketHandler","msg":"응답 전송됨 (크기: 40)"}
{"time":"2026-06-02T00:35:56.997Z","level":"DEBUG","tag":"service-server:WebSocketHandler","msg":"요청 수신됨 [object Object]"}
{"time":"2026-06-02T00:35:56.997Z","level":"DEBUG","tag":"service-server:WebSocketHandler","msg":"응답 전송됨 (크기: 40)"}
{"time":"2026-06-02T00:35:57.043Z","level":"DEBUG","tag":"service-server:WebSocketHandler","msg":"요청 수신됨 [object Object]"}
{"time":"2026-06-02T00:35:57.044Z","level":"DEBUG","tag":"service-server:WebSocketHandler","msg":"응답 전송됨 (크기: 79)"}
{"time":"2026-06-02T00:35:57.074Z","level":"DEBUG","tag":"service-server:WebSocketHandler","msg":"요청 수신됨 [object Object]"}
{"time":"2026-06-02T00:35:57.079Z","level":"DEBUG","tag":"service-server:WebSocketHandler","msg":"응답 전송됨 (크기: 42)"}
{"time":"2026-06-02T00:35:57.092Z","level":"DEBUG","tag":"service-server:WebSocketHandler","msg":"요청 수신됨 [object Object]"}
{"time":"2026-06-02T00:35:57.093Z","level":"DEBUG","tag":"mysql-db-conn","msg":"쿼리 실행 [object Object]"}
{"time":"2026-06-02T00:35:57.095Z","level":"DEBUG","tag":"service-server:WebSocketHandler","msg":"응답 전송됨 (크기: 68)"}
{"time":"2026-06-02T00:35:57.113Z","level":"DEBUG","tag":"service-server:WebSocketHandler","msg":"요청 수신됨 [object Object]"}
{"time":"2026-06-02T00:35:57.113Z","level":"DEBUG","tag":"mysql-db-conn","msg":"쿼리 실행 [object Object]"}
{"time":"2026-06-02T00:35:57.113Z","level":"DEBUG","tag":"service-server:WebSocketHandler","msg":"응답 전송됨 (크기: 92)"}
{"time":"2026-06-02T00:35:57.125Z","level":"DEBUG","tag":"service-server:WebSocketHandler","msg":"요청 수신됨 [object Object]"}
{"time":"2026-06-02T00:35:57.125Z","level":"DEBUG","tag":"mysql-db-conn","msg":"쿼리 실행 [object Object]"}
{"time":"2026-06-02T00:35:57.127Z","level":"DEBUG","tag":"service-server:WebSocketHandler","msg":"응답 전송됨 (크기: 670)"}
{"time":"2026-06-02T00:35:57.137Z","level":"DEBUG","tag":"service-server:WebSocketHandler","msg":"요청 수신됨 [object Object]"}
{"time":"2026-06-02T00:35:57.137Z","level":"DEBUG","tag":"mysql-db-conn","msg":"쿼리 실행 [object Object]"}
{"time":"2026-06-02T00:35:57.140Z","level":"DEBUG","tag":"service-server:WebSocketHandler","msg":"응답 전송됨 (크기: 556)"}
{"time":"2026-06-02T00:35:57.152Z","level":"DEBUG","tag":"service-server:WebSocketHandler","msg":"요청 수신됨 [object Object]"}
{"time":"2026-06-02T00:35:57.152Z","level":"DEBUG","tag":"mysql-db-conn","msg":"쿼리 실행 [object Object]"}
{"time":"2026-06-02T00:36:07.682Z","level":"DEBUG","tag":"service-server:WebSocketHandler","msg":"응답 전송됨 (크기: 194)"}
{"time":"2026-06-02T00:36:07.685Z","level":"DEBUG","tag":"service-server:WebSocketHandler","msg":"클라이언트 연결됨 [object Object]"}
{"time":"2026-06-02T00:36:07.690Z","level":"DEBUG","tag":"service-server:WebSocketHandler","msg":"요청 수신됨 [object Object]"}
{"time":"2026-06-02T00:36:07.692Z","level":"DEBUG","tag":"service-server:WebSocketHandler","msg":"응답 전송됨 (크기: 40)"}
{"time":"2026-06-02T00:36:07.696Z","level":"DEBUG","tag":"service-server:WebSocketHandler","msg":"요청 수신됨 [object Object]"}
{"time":"2026-06-02T00:36:07.696Z","level":"DEBUG","tag":"service-server:WebSocketHandler","msg":"응답 전송됨 (크기: 40)"}
{"time":"2026-06-02T00:36:07.834Z","level":"DEBUG","tag":"service-server:WebSocketHandler","msg":"요청 수신됨 [object Object]"}
{"time":"2026-06-02T00:36:07.835Z","level":"DEBUG","tag":"service-server:WebSocketHandler","msg":"응답 전송됨 (크기: 45)"}
{"time":"2026-06-02T00:36:07.938Z","level":"DEBUG","tag":"service-server:WebSocketHandler","msg":"요청 수신됨 [object Object]"}
{"time":"2026-06-02T00:36:07.938Z","level":"DEBUG","tag":"service-server:WebSocketHandler","msg":"응답 전송됨 (크기: 40)"}
{"time":"2026-06-02T00:36:11.979Z","level":"DEBUG","tag":"service-server:WebSocketHandler","msg":"클라이언트 연결됨 [object Object]"}
{"time":"2026-06-02T00:36:12.050Z","level":"DEBUG","tag":"service-server:WebSocketHandler","msg":"요청 수신됨 [object Object]"}
{"time":"2026-06-02T00:36:12.051Z","level":"DEBUG","tag":"service-server:WebSocketHandler","msg":"응답 전송됨 (크기: 123)"}
{"time":"2026-06-02T00:36:12.068Z","level":"DEBUG","tag":"service-server:WebSocketHandler","msg":"요청 수신됨 [object Object]"}
{"time":"2026-06-02T00:36:12.070Z","level":"DEBUG","tag":"service-server:WebSocketHandler","msg":"응답 전송됨 (크기: 123)"}
{"time":"2026-06-02T00:36:16.141Z","level":"DEBUG","tag":"service-server:WebSocketHandler","msg":"요청 수신됨 [object Object]"}
{"time":"2026-06-02T00:36:16.150Z","level":"DEBUG","tag":"mysql-db-conn","msg":"쿼리 실행 [object Object]"}
{"time":"2026-06-02T00:36:16.167Z","level":"DEBUG","tag":"service-server:WebSocketHandler","msg":"응답 전송됨 (크기: 5594)"}
{"time":"2026-06-02T00:36:16.191Z","level":"DEBUG","tag":"service-server:WebSocketHandler","msg":"요청 수신됨 [object Object]"}
{"time":"2026-06-02T00:36:16.191Z","level":"DEBUG","tag":"service-server:WebSocketHandler","msg":"응답 전송됨 (크기: 40)"}
{"time":"2026-06-02T00:36:16.216Z","level":"DEBUG","tag":"service-server:WebSocketHandler","msg":"요청 수신됨 [object Object]"}
{"time":"2026-06-02T00:36:16.217Z","level":"DEBUG","tag":"service-server:WebSocketHandler","msg":"응답 전송됨 (크기: 40)"}
{"time":"2026-06-02T00:36:16.268Z","level":"DEBUG","tag":"service-server:WebSocketHandler","msg":"요청 수신됨 [object Object]"}
{"time":"2026-06-02T00:36:16.274Z","level":"DEBUG","tag":"mysql-db-conn","msg":"쿼리 실행 [object Object]"}
{"time":"2026-06-02T00:36:16.306Z","level":"DEBUG","tag":"service-server:WebSocketHandler","msg":"응답 전송됨 (크기: 5594)"}
{"time":"2026-06-02T00:36:16.320Z","level":"DEBUG","tag":"service-server:WebSocketHandler","msg":"요청 수신됨 [object Object]"}
{"time":"2026-06-02T00:36:16.321Z","level":"DEBUG","tag":"service-server:WebSocketHandler","msg":"응답 전송됨 (크기: 40)"}
{"time":"2026-06-02T00:36:16.334Z","level":"DEBUG","tag":"service-server:WebSocketHandler","msg":"요청 수신됨 [object Object]"}
{"time":"2026-06-02T00:36:16.335Z","level":"DEBUG","tag":"service-server:WebSocketHandler","msg":"응답 전송됨 (크기: 40)"}
{"time":"2026-06-02T00:36:16.343Z","level":"DEBUG","tag":"service-server:WebSocketHandler","msg":"요청 수신됨 [object Object]"}
{"time":"2026-06-02T00:36:16.343Z","level":"DEBUG","tag":"service-server:WebSocketHandler","msg":"응답 전송됨 (크기: 40)"}
{"time":"2026-06-02T00:36:16.357Z","level":"DEBUG","tag":"service-server:WebSocketHandler","msg":"요청 수신됨 [object Object]"}
{"time":"2026-06-02T00:36:16.357Z","level":"DEBUG","tag":"service-server:WebSocketHandler","msg":"응답 전송됨 (크기: 79)"}
{"time":"2026-06-02T00:36:16.371Z","level":"DEBUG","tag":"service-server:WebSocketHandler","msg":"요청 수신됨 [object Object]"}
{"time":"2026-06-02T00:36:16.376Z","level":"DEBUG","tag":"service-server:WebSocketHandler","msg":"응답 전송됨 (크기: 42)"}
{"time":"2026-06-02T00:36:16.389Z","level":"DEBUG","tag":"service-server:WebSocketHandler","msg":"요청 수신됨 [object Object]"}
{"time":"2026-06-02T00:36:16.390Z","level":"DEBUG","tag":"mysql-db-conn","msg":"쿼리 실행 [object Object]"}
{"time":"2026-06-02T00:36:16.392Z","level":"DEBUG","tag":"service-server:WebSocketHandler","msg":"응답 전송됨 (크기: 68)"}
{"time":"2026-06-02T00:36:16.412Z","level":"DEBUG","tag":"service-server:WebSocketHandler","msg":"요청 수신됨 [object Object]"}
{"time":"2026-06-02T00:36:16.412Z","level":"DEBUG","tag":"mysql-db-conn","msg":"쿼리 실행 [object Object]"}
{"time":"2026-06-02T00:36:16.414Z","level":"DEBUG","tag":"service-server:WebSocketHandler","msg":"응답 전송됨 (크기: 92)"}
{"time":"2026-06-02T00:36:16.422Z","level":"DEBUG","tag":"service-server:WebSocketHandler","msg":"요청 수신됨 [object Object]"}
{"time":"2026-06-02T00:36:16.423Z","level":"DEBUG","tag":"mysql-db-conn","msg":"쿼리 실행 [object Object]"}
{"time":"2026-06-02T00:36:16.426Z","level":"DEBUG","tag":"service-server:WebSocketHandler","msg":"응답 전송됨 (크기: 670)"}
{"time":"2026-06-02T00:36:16.436Z","level":"DEBUG","tag":"service-server:WebSocketHandler","msg":"요청 수신됨 [object Object]"}
{"time":"2026-06-02T00:36:16.439Z","level":"DEBUG","tag":"service-server:WebSocketHandler","msg":"응답 전송됨 (크기: 556)"}
{"time":"2026-06-02T00:36:16.455Z","level":"DEBUG","tag":"service-server:WebSocketHandler","msg":"요청 수신됨 [object Object]"}
{"time":"2026-06-02T00:36:16.423Z","level":"DEBUG","tag":"mysql-db-conn","msg":"쿼리 실행 [object Object]"}
{"time":"2026-06-02T00:36:16.455Z","level":"DEBUG","tag":"mysql-db-conn","msg":"쿼리 실행 [object Object]"}
{"time":"2026-06-02T00:36:26.433Z","level":"DEBUG","tag":"service-server:WebSocketHandler","msg":"응답 전송됨 (크기: 194)"}
{"time":"2026-06-02T00:36:26.453Z","level":"DEBUG","tag":"service-server:WebSocketHandler","msg":"요청 수신됨 [object Object]"}
{"time":"2026-06-02T00:36:26.453Z","level":"DEBUG","tag":"service-server:WebSocketHandler","msg":"응답 전송됨 (크기: 45)"}
{"time":"2026-06-02T00:36:26.463Z","level":"DEBUG","tag":"service-server:WebSocketHandler","msg":"요청 수신됨 [object Object]"}
{"time":"2026-06-02T00:36:26.463Z","level":"DEBUG","tag":"service-server:WebSocketHandler","msg":"응답 전송됨 (크기: 40)"}
{"time":"2026-06-02T00:37:15.958Z","level":"DEBUG","tag":"service-server:WebSocketHandler","msg":"클라이언트 연결 해제됨: (code: 1005)"}
{"time":"2026-06-02T00:37:31.942Z","level":"DEBUG","tag":"service-server:WebSocketHandler","msg":"클라이언트 연결됨 [object Object]"}
{"time":"2026-06-02T00:37:31.985Z","level":"DEBUG","tag":"service-server:WebSocketHandler","msg":"요청 수신됨 [object Object]"}
{"time":"2026-06-02T00:37:31.987Z","level":"DEBUG","tag":"service-server:WebSocketHandler","msg":"응답 전송됨 (크기: 123)"}
{"time":"2026-06-02T00:37:42.176Z","level":"DEBUG","tag":"service-server:WebSocketHandler","msg":"클라이언트 연결 해제됨: (code: 1005)"}
{"time":"2026-06-02T00:37:42.176Z","level":"DEBUG","tag":"service-server:OrmService","msg":"소켓 종료 감지: 열린 모든 DB 연결을 정리합니다."}
{"time":"2026-06-02T00:37:43.407Z","level":"DEBUG","tag":"service-server:WebSocketHandler","msg":"요청 수신됨 [object Object]"}
{"time":"2026-06-02T00:37:43.418Z","level":"DEBUG","tag":"mysql-db-conn","msg":"쿼리 실행 [object Object]"}
{"time":"2026-06-02T00:37:43.434Z","level":"DEBUG","tag":"service-server:WebSocketHandler","msg":"응답 전송됨 (크기: 5594)"}
{"time":"2026-06-02T00:37:43.450Z","level":"DEBUG","tag":"service-server:WebSocketHandler","msg":"요청 수신됨 [object Object]"}
{"time":"2026-06-02T00:37:43.450Z","level":"DEBUG","tag":"service-server:WebSocketHandler","msg":"응답 전송됨 (크기: 40)"}
{"time":"2026-06-02T00:37:43.470Z","level":"DEBUG","tag":"service-server:WebSocketHandler","msg":"요청 수신됨 [object Object]"}
{"time":"2026-06-02T00:37:43.470Z","level":"DEBUG","tag":"service-server:WebSocketHandler","msg":"응답 전송됨 (크기: 40)"}
{"time":"2026-06-02T00:37:43.493Z","level":"DEBUG","tag":"service-server:WebSocketHandler","msg":"요청 수신됨 [object Object]"}
{"time":"2026-06-02T00:37:43.493Z","level":"DEBUG","tag":"service-server:WebSocketHandler","msg":"응답 전송됨 (크기: 40)"}
{"time":"2026-06-02T00:37:43.537Z","level":"DEBUG","tag":"service-server:WebSocketHandler","msg":"요청 수신됨 [object Object]"}
{"time":"2026-06-02T00:37:43.545Z","level":"DEBUG","tag":"mysql-db-conn","msg":"쿼리 실행 [object Object]"}
{"time":"2026-06-02T00:37:43.564Z","level":"DEBUG","tag":"service-server:WebSocketHandler","msg":"응답 전송됨 (크기: 5594)"}
{"time":"2026-06-02T00:37:43.586Z","level":"DEBUG","tag":"service-server:WebSocketHandler","msg":"요청 수신됨 [object Object]"}
{"time":"2026-06-02T00:37:43.588Z","level":"DEBUG","tag":"service-server:WebSocketHandler","msg":"응답 전송됨 (크기: 40)"}
{"time":"2026-06-02T00:37:43.611Z","level":"DEBUG","tag":"service-server:WebSocketHandler","msg":"요청 수신됨 [object Object]"}
{"time":"2026-06-02T00:37:43.611Z","level":"DEBUG","tag":"service-server:WebSocketHandler","msg":"응답 전송됨 (크기: 40)"}
{"time":"2026-06-02T00:37:43.623Z","level":"DEBUG","tag":"service-server:WebSocketHandler","msg":"요청 수신됨 [object Object]"}
{"time":"2026-06-02T00:37:43.623Z","level":"DEBUG","tag":"service-server:WebSocketHandler","msg":"응답 전송됨 (크기: 40)"}
{"time":"2026-06-02T00:37:43.631Z","level":"DEBUG","tag":"service-server:WebSocketHandler","msg":"요청 수신됨 [object Object]"}
{"time":"2026-06-02T00:37:43.631Z","level":"DEBUG","tag":"service-server:WebSocketHandler","msg":"응답 전송됨 (크기: 79)"}
{"time":"2026-06-02T00:37:43.647Z","level":"DEBUG","tag":"service-server:WebSocketHandler","msg":"요청 수신됨 [object Object]"}
{"time":"2026-06-02T00:37:43.652Z","level":"DEBUG","tag":"service-server:WebSocketHandler","msg":"응답 전송됨 (크기: 42)"}
{"time":"2026-06-02T00:37:43.676Z","level":"DEBUG","tag":"service-server:WebSocketHandler","msg":"요청 수신됨 [object Object]"}
{"time":"2026-06-02T00:37:43.676Z","level":"DEBUG","tag":"mysql-db-conn","msg":"쿼리 실행 [object Object]"}
{"time":"2026-06-02T00:37:43.678Z","level":"DEBUG","tag":"service-server:WebSocketHandler","msg":"응답 전송됨 (크기: 68)"}
{"time":"2026-06-02T00:37:43.688Z","level":"DEBUG","tag":"service-server:WebSocketHandler","msg":"요청 수신됨 [object Object]"}
{"time":"2026-06-02T00:37:43.688Z","level":"DEBUG","tag":"mysql-db-conn","msg":"쿼리 실행 [object Object]"}
{"time":"2026-06-02T00:37:43.689Z","level":"DEBUG","tag":"service-server:WebSocketHandler","msg":"응답 전송됨 (크기: 92)"}
{"time":"2026-06-02T00:37:43.706Z","level":"DEBUG","tag":"service-server:WebSocketHandler","msg":"요청 수신됨 [object Object]"}
{"time":"2026-06-02T00:37:43.706Z","level":"DEBUG","tag":"mysql-db-conn","msg":"쿼리 실행 [object Object]"}
{"time":"2026-06-02T00:37:43.710Z","level":"DEBUG","tag":"service-server:WebSocketHandler","msg":"응답 전송됨 (크기: 670)"}
{"time":"2026-06-02T00:37:43.718Z","level":"DEBUG","tag":"service-server:WebSocketHandler","msg":"요청 수신됨 [object Object]"}
{"time":"2026-06-02T00:37:43.719Z","level":"DEBUG","tag":"mysql-db-conn","msg":"쿼리 실행 [object Object]"}
{"time":"2026-06-02T00:37:43.722Z","level":"DEBUG","tag":"service-server:WebSocketHandler","msg":"응답 전송됨 (크기: 556)"}
{"time":"2026-06-02T00:37:43.733Z","level":"DEBUG","tag":"service-server:WebSocketHandler","msg":"요청 수신됨 [object Object]"}
{"time":"2026-06-02T00:37:43.733Z","level":"DEBUG","tag":"mysql-db-conn","msg":"쿼리 실행 [object Object]"}
{"time":"2026-06-02T00:37:54.060Z","level":"DEBUG","tag":"service-server:WebSocketHandler","msg":"응답 전송됨 (크기: 194)"}
{"time":"2026-06-02T00:37:54.076Z","level":"DEBUG","tag":"service-server:WebSocketHandler","msg":"요청 수신됨 [object Object]"}
{"time":"2026-06-02T00:37:54.076Z","level":"DEBUG","tag":"service-server:WebSocketHandler","msg":"응답 전송됨 (크기: 45)"}
{"time":"2026-06-02T00:37:54.096Z","level":"DEBUG","tag":"service-server:WebSocketHandler","msg":"요청 수신됨 [object Object]"}
{"time":"2026-06-02T00:37:54.096Z","level":"DEBUG","tag":"service-server:WebSocketHandler","msg":"응답 전송됨 (크기: 40)"}
{"time":"2026-06-02T00:38:01.708Z","level":"DEBUG","tag":"service-server:WebSocketHandler","msg":"클라이언트 연결 해제됨: (code: 1001)"}
{"time":"2026-06-02T00:38:02.901Z","level":"DEBUG","tag":"service-server:WebSocketHandler","msg":"클라이언트 연결됨 [object Object]"}
{"time":"2026-06-02T00:38:02.991Z","level":"DEBUG","tag":"service-server:WebSocketHandler","msg":"클라이언트 연결 해제됨: (code: 1005)"}
{"time":"2026-06-02T00:38:03.692Z","level":"DEBUG","tag":"service-server:WebSocketHandler","msg":"요청 수신됨 [object Object]"}
{"time":"2026-06-02T00:38:03.695Z","level":"DEBUG","tag":"service-server:WebSocketHandler","msg":"응답 전송됨 (크기: 123)"}
{"time":"2026-06-02T00:38:15.959Z","level":"DEBUG","tag":"service-server:WebSocketHandler","msg":"클라이언트 연결됨 [object Object]"}
{"time":"2026-06-02T00:38:16.001Z","level":"DEBUG","tag":"service-server:WebSocketHandler","msg":"요청 수신됨 [object Object]"}
{"time":"2026-06-02T00:38:16.002Z","level":"DEBUG","tag":"service-server:WebSocketHandler","msg":"응답 전송됨 (크기: 40)"}
{"time":"2026-06-02T00:38:23.327Z","level":"DEBUG","tag":"service-server:WebSocketHandler","msg":"클라이언트 연결 해제됨: (code: 1001)"}
{"time":"2026-06-02T00:38:42.171Z","level":"DEBUG","tag":"service-server:WebSocketHandler","msg":"클라이언트 연결됨 [object Object]"}
{"time":"2026-06-02T00:38:42.180Z","level":"DEBUG","tag":"service-server:WebSocketHandler","msg":"요청 수신됨 [object Object]"}
{"time":"2026-06-02T00:38:42.181Z","level":"DEBUG","tag":"service-server:WebSocketHandler","msg":"응답 전송됨 (크기: 40)"}
{"time":"2026-06-02T00:39:02.999Z","level":"DEBUG","tag":"service-server:WebSocketHandler","msg":"클라이언트 연결됨 [object Object]"}
{"time":"2026-06-02T00:39:03.003Z","level":"DEBUG","tag":"service-server:WebSocketHandler","msg":"요청 수신됨 [object Object]"}
{"time":"2026-06-02T00:39:03.005Z","level":"DEBUG","tag":"service-server:WebSocketHandler","msg":"응답 전송됨 (크기: 40)"}
{"time":"2026-06-02T00:39:03.009Z","level":"DEBUG","tag":"service-server:WebSocketHandler","msg":"요청 수신됨 [object Object]"}
{"time":"2026-06-02T00:39:03.009Z","level":"DEBUG","tag":"service-server:WebSocketHandler","msg":"응답 전송됨 (크기: 40)"}
{"time":"2026-06-02T00:40:15.951Z","level":"DEBUG","tag":"service-server:WebSocketHandler","msg":"클라이언트 연결 해제됨: (code: 1005)"}
{"time":"2026-06-02T00:40:42.172Z","level":"DEBUG","tag":"service-server:WebSocketHandler","msg":"클라이언트 연결 해제됨: (code: 1005)"}
{"time":"2026-06-02T00:41:02.998Z","level":"DEBUG","tag":"service-server:WebSocketHandler","msg":"클라이언트 연결 해제됨: (code: 1005)"}
{"time":"2026-06-02T00:41:15.956Z","level":"DEBUG","tag":"service-server:WebSocketHandler","msg":"클라이언트 연결됨 [object Object]"}
{"time":"2026-06-02T00:41:15.967Z","level":"DEBUG","tag":"service-server:WebSocketHandler","msg":"요청 수신됨 [object Object]"}
{"time":"2026-06-02T00:41:15.968Z","level":"DEBUG","tag":"service-server:WebSocketHandler","msg":"응답 전송됨 (크기: 40)"}
{"time":"2026-06-02T00:41:16.084Z","level":"DEBUG","tag":"service-server:WebSocketHandler","msg":"클라이언트 연결 해제됨: (code: 1005)"}
{"time":"2026-06-02T00:41:16.084Z","level":"DEBUG","tag":"service-server:OrmService","msg":"소켓 종료 감지: 열린 모든 DB 연결을 정리합니다."}
{"time":"2026-06-02T00:41:42.165Z","level":"DEBUG","tag":"service-server:WebSocketHandler","msg":"클라이언트 연결됨 [object Object]"}
{"time":"2026-06-02T00:41:42.174Z","level":"DEBUG","tag":"service-server:WebSocketHandler","msg":"요청 수신됨 [object Object]"}
{"time":"2026-06-02T00:41:42.174Z","level":"DEBUG","tag":"service-server:WebSocketHandler","msg":"응답 전송됨 (크기: 40)"}
{"time":"2026-06-02T00:41:49.560Z","level":"DEBUG","tag":"service-server:WebSocketHandler","msg":"클라이언트 연결 해제됨: (code: 1005)"}
{"time":"2026-06-02T00:41:49.560Z","level":"DEBUG","tag":"service-server:OrmService","msg":"소켓 종료 감지: 열린 모든 DB 연결을 정리합니다."}
{"time":"2026-06-02T00:42:02.990Z","level":"DEBUG","tag":"service-server:WebSocketHandler","msg":"클라이언트 연결됨 [object Object]"}
{"time":"2026-06-02T00:42:02.995Z","level":"DEBUG","tag":"service-server:WebSocketHandler","msg":"요청 수신됨 [object Object]"}
{"time":"2026-06-02T00:42:02.996Z","level":"DEBUG","tag":"service-server:WebSocketHandler","msg":"응답 전송됨 (크기: 40)"}
{"time":"2026-06-02T00:42:03.000Z","level":"DEBUG","tag":"service-server:WebSocketHandler","msg":"요청 수신됨 [object Object]"}
{"time":"2026-06-02T00:42:03.001Z","level":"DEBUG","tag":"service-server:WebSocketHandler","msg":"응답 전송됨 (크기: 40)"}
{"time":"2026-06-02T00:42:16.088Z","level":"DEBUG","tag":"service-server:WebSocketHandler","msg":"클라이언트 연결됨 [object Object]"}
{"time":"2026-06-02T00:42:16.097Z","level":"DEBUG","tag":"service-server:WebSocketHandler","msg":"요청 수신됨 [object Object]"}
{"time":"2026-06-02T00:42:16.098Z","level":"DEBUG","tag":"service-server:WebSocketHandler","msg":"응답 전송됨 (크기: 40)"}
{"time":"2026-06-02T00:42:49.594Z","level":"DEBUG","tag":"service-server:WebSocketHandler","msg":"클라이언트 연결됨 [object Object]"}
{"time":"2026-06-02T00:42:49.624Z","level":"DEBUG","tag":"service-server:WebSocketHandler","msg":"요청 수신됨 [object Object]"}
{"time":"2026-06-02T00:42:49.625Z","level":"DEBUG","tag":"service-server:WebSocketHandler","msg":"응답 전송됨 (크기: 40)"}
{"time":"2026-06-02T00:43:15.962Z","level":"DEBUG","tag":"service-server:WebSocketHandler","msg":"클라이언트 연결 해제됨: (code: 1005)"}
{"time":"2026-06-02T00:43:42.156Z","level":"DEBUG","tag":"service-server:WebSocketHandler","msg":"클라이언트 연결 해제됨: (code: 1005)"}
{"time":"2026-06-02T00:44:02.998Z","level":"DEBUG","tag":"service-server:WebSocketHandler","msg":"클라이언트 연결 해제됨: (code: 1005)"}
{"time":"2026-06-02T00:44:14.748Z","level":"DEBUG","tag":"service-server:WebSocketHandler","msg":"클라이언트 연결 해제됨: (code: 1006)"}
{"time":"2026-06-02T00:44:15.941Z","level":"DEBUG","tag":"service-server:WebSocketHandler","msg":"클라이언트 연결됨 [object Object]"}
{"time":"2026-06-02T00:44:15.950Z","level":"DEBUG","tag":"service-server:WebSocketHandler","msg":"요청 수신됨 [object Object]"}
{"time":"2026-06-02T00:44:15.952Z","level":"DEBUG","tag":"service-server:WebSocketHandler","msg":"응답 전송됨 (크기: 40)"}
{"time":"2026-06-02T00:44:42.170Z","level":"DEBUG","tag":"service-server:WebSocketHandler","msg":"클라이언트 연결됨 [object Object]"}
{"time":"2026-06-02T00:44:42.177Z","level":"DEBUG","tag":"service-server:WebSocketHandler","msg":"요청 수신됨 [object Object]"}
{"time":"2026-06-02T00:44:42.178Z","level":"DEBUG","tag":"service-server:WebSocketHandler","msg":"응답 전송됨 (크기: 40)"}
{"time":"2026-06-02T00:44:49.543Z","level":"DEBUG","tag":"service-server:WebSocketHandler","msg":"클라이언트 연결 해제됨: (code: 1005)"}
{"time":"2026-06-02T00:45:03.011Z","level":"DEBUG","tag":"service-server:WebSocketHandler","msg":"클라이언트 연결됨 [object Object]"}
{"time":"2026-06-02T00:45:03.022Z","level":"DEBUG","tag":"service-server:WebSocketHandler","msg":"요청 수신됨 [object Object]"}
{"time":"2026-06-02T00:45:03.023Z","level":"DEBUG","tag":"service-server:WebSocketHandler","msg":"응답 전송됨 (크기: 40)"}
{"time":"2026-06-02T00:45:03.027Z","level":"DEBUG","tag":"service-server:WebSocketHandler","msg":"요청 수신됨 [object Object]"}
{"time":"2026-06-02T00:45:03.027Z","level":"DEBUG","tag":"service-server:WebSocketHandler","msg":"응답 전송됨 (크기: 40)"}
{"time":"2026-06-02T00:45:49.603Z","level":"DEBUG","tag":"service-server:WebSocketHandler","msg":"클라이언트 연결됨 [object Object]"}
{"time":"2026-06-02T00:45:49.643Z","level":"DEBUG","tag":"service-server:WebSocketHandler","msg":"요청 수신됨 [object Object]"}
{"time":"2026-06-02T00:45:49.644Z","level":"DEBUG","tag":"service-server:WebSocketHandler","msg":"응답 전송됨 (크기: 40)"}
{"time":"2026-06-02T00:46:15.925Z","level":"DEBUG","tag":"service-server:WebSocketHandler","msg":"클라이언트 연결 해제됨: (code: 1005)"}
{"time":"2026-06-02T00:46:42.154Z","level":"DEBUG","tag":"service-server:WebSocketHandler","msg":"클라이언트 연결 해제됨: (code: 1005)"}
{"time":"2026-06-02T00:47:03.002Z","level":"DEBUG","tag":"service-server:WebSocketHandler","msg":"클라이언트 연결 해제됨: (code: 1005)"}
{"time":"2026-06-02T00:47:15.946Z","level":"DEBUG","tag":"service-server:WebSocketHandler","msg":"클라이언트 연결됨 [object Object]"}
{"time":"2026-06-02T00:47:15.953Z","level":"DEBUG","tag":"service-server:WebSocketHandler","msg":"요청 수신됨 [object Object]"}
{"time":"2026-06-02T00:47:15.954Z","level":"DEBUG","tag":"service-server:WebSocketHandler","msg":"응답 전송됨 (크기: 40)"}
{"time":"2026-06-02T00:47:42.161Z","level":"DEBUG","tag":"service-server:WebSocketHandler","msg":"클라이언트 연결됨 [object Object]"}
{"time":"2026-06-02T00:47:42.172Z","level":"DEBUG","tag":"service-server:WebSocketHandler","msg":"요청 수신됨 [object Object]"}
{"time":"2026-06-02T00:47:42.173Z","level":"DEBUG","tag":"service-server:WebSocketHandler","msg":"응답 전송됨 (크기: 40)"}
{"time":"2026-06-02T00:47:49.563Z","level":"DEBUG","tag":"service-server:WebSocketHandler","msg":"클라이언트 연결 해제됨: (code: 1005)"}
{"time":"2026-06-02T00:48:03.003Z","level":"DEBUG","tag":"service-server:WebSocketHandler","msg":"클라이언트 연결됨 [object Object]"}
{"time":"2026-06-02T00:48:03.008Z","level":"DEBUG","tag":"service-server:WebSocketHandler","msg":"요청 수신됨 [object Object]"}
{"time":"2026-06-02T00:48:03.009Z","level":"DEBUG","tag":"service-server:WebSocketHandler","msg":"응답 전송됨 (크기: 40)"}
{"time":"2026-06-02T00:48:03.013Z","level":"DEBUG","tag":"service-server:WebSocketHandler","msg":"요청 수신됨 [object Object]"}
{"time":"2026-06-02T00:48:03.013Z","level":"DEBUG","tag":"service-server:WebSocketHandler","msg":"응답 전송됨 (크기: 40)"}
{"time":"2026-06-02T00:48:11.245Z","level":"DEBUG","tag":"service-server:WebSocketHandler","msg":"클라이언트 연결됨 [object Object]"}
{"time":"2026-06-02T00:48:11.516Z","level":"DEBUG","tag":"service-server:WebSocketHandler","msg":"요청 수신됨 [object Object]"}
{"time":"2026-06-02T00:48:11.517Z","level":"DEBUG","tag":"service-server:WebSocketHandler","msg":"응답 전송됨 (크기: 40)"}
{"time":"2026-06-02T00:48:49.567Z","level":"DEBUG","tag":"service-server:WebSocketHandler","msg":"클라이언트 연결됨 [object Object]"}
{"time":"2026-06-02T00:48:49.594Z","level":"DEBUG","tag":"service-server:WebSocketHandler","msg":"요청 수신됨 [object Object]"}
{"time":"2026-06-02T00:48:49.596Z","level":"DEBUG","tag":"service-server:WebSocketHandler","msg":"응답 전송됨 (크기: 40)"}
{"time":"2026-06-02T00:49:15.930Z","level":"DEBUG","tag":"service-server:WebSocketHandler","msg":"클라이언트 연결 해제됨: (code: 1005)"}
{"time":"2026-06-02T00:49:42.155Z","level":"DEBUG","tag":"service-server:WebSocketHandler","msg":"클라이언트 연결 해제됨: (code: 1005)"}
{"time":"2026-06-02T00:50:03.008Z","level":"DEBUG","tag":"service-server:WebSocketHandler","msg":"클라이언트 연결 해제됨: (code: 1005)"}
{"time":"2026-06-02T00:50:15.935Z","level":"DEBUG","tag":"service-server:WebSocketHandler","msg":"클라이언트 연결됨 [object Object]"}
{"time":"2026-06-02T00:50:15.945Z","level":"DEBUG","tag":"service-server:WebSocketHandler","msg":"요청 수신됨 [object Object]"}
{"time":"2026-06-02T00:50:15.946Z","level":"DEBUG","tag":"service-server:WebSocketHandler","msg":"응답 전송됨 (크기: 40)"}
{"time":"2026-06-02T00:50:16.062Z","level":"DEBUG","tag":"service-server:WebSocketHandler","msg":"클라이언트 연결 해제됨: (code: 1005)"}
{"time":"2026-06-02T00:50:42.176Z","level":"DEBUG","tag":"service-server:WebSocketHandler","msg":"클라이언트 연결됨 [object Object]"}
{"time":"2026-06-02T00:50:42.186Z","level":"DEBUG","tag":"service-server:WebSocketHandler","msg":"요청 수신됨 [object Object]"}
{"time":"2026-06-02T00:50:42.187Z","level":"DEBUG","tag":"service-server:WebSocketHandler","msg":"응답 전송됨 (크기: 40)"}
{"time":"2026-06-02T00:50:49.567Z","level":"DEBUG","tag":"service-server:WebSocketHandler","msg":"클라이언트 연결 해제됨: (code: 1005)"}
{"time":"2026-06-02T00:51:03.005Z","level":"DEBUG","tag":"service-server:WebSocketHandler","msg":"클라이언트 연결됨 [object Object]"}
{"time":"2026-06-02T00:51:03.011Z","level":"DEBUG","tag":"service-server:WebSocketHandler","msg":"요청 수신됨 [object Object]"}
{"time":"2026-06-02T00:51:03.011Z","level":"DEBUG","tag":"service-server:WebSocketHandler","msg":"응답 전송됨 (크기: 40)"}
{"time":"2026-06-02T00:51:03.015Z","level":"DEBUG","tag":"service-server:WebSocketHandler","msg":"요청 수신됨 [object Object]"}
{"time":"2026-06-02T00:51:03.015Z","level":"DEBUG","tag":"service-server:WebSocketHandler","msg":"응답 전송됨 (크기: 40)"}
{"time":"2026-06-02T00:51:16.071Z","level":"DEBUG","tag":"service-server:WebSocketHandler","msg":"클라이언트 연결됨 [object Object]"}
{"time":"2026-06-02T00:51:16.080Z","level":"DEBUG","tag":"service-server:WebSocketHandler","msg":"요청 수신됨 [object Object]"}
{"time":"2026-06-02T00:51:16.081Z","level":"DEBUG","tag":"service-server:WebSocketHandler","msg":"응답 전송됨 (크기: 40)"}
{"time":"2026-06-02T00:51:49.572Z","level":"DEBUG","tag":"service-server:WebSocketHandler","msg":"클라이언트 연결됨 [object Object]"}
{"time":"2026-06-02T00:51:49.586Z","level":"DEBUG","tag":"service-server:WebSocketHandler","msg":"요청 수신됨 [object Object]"}
{"time":"2026-06-02T00:51:49.587Z","level":"DEBUG","tag":"service-server:WebSocketHandler","msg":"응답 전송됨 (크기: 40)"}
{"time":"2026-06-02T00:52:15.933Z","level":"DEBUG","tag":"service-server:WebSocketHandler","msg":"클라이언트 연결 해제됨: (code: 1005)"}
{"time":"2026-06-02T00:52:42.161Z","level":"DEBUG","tag":"service-server:WebSocketHandler","msg":"클라이언트 연결 해제됨: (code: 1005)"}
{"time":"2026-06-02T00:53:03.009Z","level":"DEBUG","tag":"service-server:WebSocketHandler","msg":"클라이언트 연결 해제됨: (code: 1005)"}
{"time":"2026-06-02T00:53:15.940Z","level":"DEBUG","tag":"service-server:WebSocketHandler","msg":"클라이언트 연결됨 [object Object]"}
{"time":"2026-06-02T00:53:15.950Z","level":"DEBUG","tag":"service-server:WebSocketHandler","msg":"요청 수신됨 [object Object]"}
{"time":"2026-06-02T00:53:15.951Z","level":"DEBUG","tag":"service-server:WebSocketHandler","msg":"응답 전송됨 (크기: 40)"}
{"time":"2026-06-02T00:53:16.074Z","level":"DEBUG","tag":"service-server:WebSocketHandler","msg":"클라이언트 연결 해제됨: (code: 1005)"}
{"time":"2026-06-02T00:53:25.006Z","level":"DEBUG","tag":"service-server:WebSocketHandler","msg":"클라이언트 연결됨 [object Object]"}
{"time":"2026-06-02T00:53:25.013Z","level":"DEBUG","tag":"service-server:WebSocketHandler","msg":"요청 수신됨 [object Object]"}
{"time":"2026-06-02T00:53:25.014Z","level":"DEBUG","tag":"service-server:WebSocketHandler","msg":"응답 전송됨 (크기: 40)"}
{"time":"2026-06-02T00:53:27.414Z","level":"DEBUG","tag":"service-server:WebSocketHandler","msg":"요청 수신됨 [object Object]"}
{"time":"2026-06-02T00:53:27.426Z","level":"DEBUG","tag":"mysql-db-conn","msg":"쿼리 실행 [object Object]"}
{"time":"2026-06-02T00:53:27.432Z","level":"DEBUG","tag":"service-server:WebSocketHandler","msg":"응답 전송됨 (크기: 2279)"}
{"time":"2026-06-02T00:53:27.439Z","level":"DEBUG","tag":"service-server:WebSocketHandler","msg":"요청 수신됨 [object Object]"}
{"time":"2026-06-02T00:53:27.439Z","level":"DEBUG","tag":"service-server:WebSocketHandler","msg":"응답 전송됨 (크기: 40)"}
{"time":"2026-06-02T00:53:27.447Z","level":"DEBUG","tag":"service-server:WebSocketHandler","msg":"요청 수신됨 [object Object]"}
{"time":"2026-06-02T00:53:27.447Z","level":"DEBUG","tag":"service-server:WebSocketHandler","msg":"응답 전송됨 (크기: 40)"}
{"time":"2026-06-02T00:53:27.455Z","level":"DEBUG","tag":"service-server:WebSocketHandler","msg":"요청 수신됨 [object Object]"}
{"time":"2026-06-02T00:53:27.455Z","level":"DEBUG","tag":"service-server:WebSocketHandler","msg":"응답 전송됨 (크기: 40)"}
{"time":"2026-06-02T00:53:27.467Z","level":"DEBUG","tag":"service-server:WebSocketHandler","msg":"요청 수신됨 [object Object]"}
{"time":"2026-06-02T00:53:27.472Z","level":"DEBUG","tag":"mysql-db-conn","msg":"쿼리 실행 [object Object]"}
{"time":"2026-06-02T00:53:27.480Z","level":"DEBUG","tag":"service-server:WebSocketHandler","msg":"응답 전송됨 (크기: 2279)"}
{"time":"2026-06-02T00:53:27.524Z","level":"DEBUG","tag":"service-server:WebSocketHandler","msg":"요청 수신됨 [object Object]"}
{"time":"2026-06-02T00:53:27.525Z","level":"DEBUG","tag":"service-server:WebSocketHandler","msg":"응답 전송됨 (크기: 40)"}
{"time":"2026-06-02T00:53:27.540Z","level":"DEBUG","tag":"service-server:WebSocketHandler","msg":"요청 수신됨 [object Object]"}
{"time":"2026-06-02T00:53:27.540Z","level":"DEBUG","tag":"service-server:WebSocketHandler","msg":"응답 전송됨 (크기: 40)"}
{"time":"2026-06-02T00:53:27.553Z","level":"DEBUG","tag":"service-server:WebSocketHandler","msg":"요청 수신됨 [object Object]"}
{"time":"2026-06-02T00:53:27.553Z","level":"DEBUG","tag":"service-server:WebSocketHandler","msg":"응답 전송됨 (크기: 40)"}
{"time":"2026-06-02T00:53:27.569Z","level":"DEBUG","tag":"service-server:WebSocketHandler","msg":"요청 수신됨 [object Object]"}
{"time":"2026-06-02T00:53:27.569Z","level":"DEBUG","tag":"service-server:WebSocketHandler","msg":"응답 전송됨 (크기: 79)"}
{"time":"2026-06-02T00:53:27.577Z","level":"DEBUG","tag":"service-server:WebSocketHandler","msg":"요청 수신됨 [object Object]"}
{"time":"2026-06-02T00:53:27.581Z","level":"DEBUG","tag":"service-server:WebSocketHandler","msg":"응답 전송됨 (크기: 42)"}
{"time":"2026-06-02T00:53:27.589Z","level":"DEBUG","tag":"service-server:WebSocketHandler","msg":"요청 수신됨 [object Object]"}
{"time":"2026-06-02T00:53:27.589Z","level":"DEBUG","tag":"mysql-db-conn","msg":"쿼리 실행 [object Object]"}
{"time":"2026-06-02T00:53:27.592Z","level":"DEBUG","tag":"service-server:WebSocketHandler","msg":"응답 전송됨 (크기: 68)"}
{"time":"2026-06-02T00:53:27.599Z","level":"DEBUG","tag":"service-server:WebSocketHandler","msg":"요청 수신됨 [object Object]"}
{"time":"2026-06-02T00:53:27.600Z","level":"DEBUG","tag":"mysql-db-conn","msg":"쿼리 실행 [object Object]"}
{"time":"2026-06-02T00:53:27.601Z","level":"DEBUG","tag":"service-server:WebSocketHandler","msg":"응답 전송됨 (크기: 92)"}
{"time":"2026-06-02T00:53:27.608Z","level":"DEBUG","tag":"service-server:WebSocketHandler","msg":"요청 수신됨 [object Object]"}
{"time":"2026-06-02T00:53:27.608Z","level":"DEBUG","tag":"mysql-db-conn","msg":"쿼리 실행 [object Object]"}
{"time":"2026-06-02T00:53:27.611Z","level":"DEBUG","tag":"service-server:WebSocketHandler","msg":"응답 전송됨 (크기: 670)"}
{"time":"2026-06-02T00:53:27.618Z","level":"DEBUG","tag":"service-server:WebSocketHandler","msg":"요청 수신됨 [object Object]"}
{"time":"2026-06-02T00:53:27.618Z","level":"DEBUG","tag":"mysql-db-conn","msg":"쿼리 실행 [object Object]"}
{"time":"2026-06-02T00:53:27.621Z","level":"DEBUG","tag":"service-server:WebSocketHandler","msg":"응답 전송됨 (크기: 556)"}
{"time":"2026-06-02T00:53:27.648Z","level":"DEBUG","tag":"service-server:WebSocketHandler","msg":"요청 수신됨 [object Object]"}
{"time":"2026-06-02T00:53:27.648Z","level":"DEBUG","tag":"mysql-db-conn","msg":"쿼리 실행 [object Object]"}
{"time":"2026-06-02T00:53:38.607Z","level":"DEBUG","tag":"service-server:WebSocketHandler","msg":"응답 전송됨 (크기: 194)"}
{"time":"2026-06-02T00:53:38.614Z","level":"DEBUG","tag":"service-server:WebSocketHandler","msg":"요청 수신됨 [object Object]"}
{"time":"2026-06-02T00:53:38.614Z","level":"DEBUG","tag":"service-server:WebSocketHandler","msg":"응답 전송됨 (크기: 45)"}
{"time":"2026-06-02T00:53:38.620Z","level":"DEBUG","tag":"service-server:WebSocketHandler","msg":"요청 수신됨 [object Object]"}
{"time":"2026-06-02T00:53:38.620Z","level":"DEBUG","tag":"service-server:WebSocketHandler","msg":"응답 전송됨 (크기: 40)"}
{"time":"2026-06-02T00:53:49.561Z","level":"DEBUG","tag":"service-server:WebSocketHandler","msg":"클라이언트 연결 해제됨: (code: 1005)"}
{"time":"2026-06-02T00:54:03.009Z","level":"DEBUG","tag":"service-server:WebSocketHandler","msg":"클라이언트 연결됨 [object Object]"}
{"time":"2026-06-02T00:54:03.014Z","level":"DEBUG","tag":"service-server:WebSocketHandler","msg":"요청 수신됨 [object Object]"}
{"time":"2026-06-02T00:54:03.016Z","level":"DEBUG","tag":"service-server:WebSocketHandler","msg":"응답 전송됨 (크기: 40)"}
{"time":"2026-06-02T00:54:03.020Z","level":"DEBUG","tag":"service-server:WebSocketHandler","msg":"요청 수신됨 [object Object]"}
{"time":"2026-06-02T00:54:03.020Z","level":"DEBUG","tag":"service-server:WebSocketHandler","msg":"응답 전송됨 (크기: 40)"}
{"time":"2026-06-02T00:54:16.124Z","level":"DEBUG","tag":"service-server:WebSocketHandler","msg":"클라이언트 연결됨 [object Object]"}
{"time":"2026-06-02T00:54:16.177Z","level":"DEBUG","tag":"service-server:WebSocketHandler","msg":"요청 수신됨 [object Object]"}
{"time":"2026-06-02T00:54:16.178Z","level":"DEBUG","tag":"service-server:WebSocketHandler","msg":"응답 전송됨 (크기: 40)"}
{"time":"2026-06-02T00:54:49.569Z","level":"DEBUG","tag":"service-server:WebSocketHandler","msg":"클라이언트 연결됨 [object Object]"}
{"time":"2026-06-02T00:54:49.596Z","level":"DEBUG","tag":"service-server:WebSocketHandler","msg":"요청 수신됨 [object Object]"}
{"time":"2026-06-02T00:54:49.598Z","level":"DEBUG","tag":"service-server:WebSocketHandler","msg":"응답 전송됨 (크기: 40)"}
{"time":"2026-06-02T00:55:15.926Z","level":"DEBUG","tag":"service-server:WebSocketHandler","msg":"클라이언트 연결 해제됨: (code: 1005)"}
{"time":"2026-06-02T00:55:42.163Z","level":"DEBUG","tag":"service-server:WebSocketHandler","msg":"클라이언트 연결 해제됨: (code: 1005)"}
{"time":"2026-06-02T00:55:42.163Z","level":"DEBUG","tag":"service-server:OrmService","msg":"소켓 종료 감지: 열린 모든 DB 연결을 정리합니다."}
{"time":"2026-06-02T00:56:03.018Z","level":"DEBUG","tag":"service-server:WebSocketHandler","msg":"클라이언트 연결 해제됨: (code: 1005)"}
{"time":"2026-06-02T00:56:15.957Z","level":"DEBUG","tag":"service-server:WebSocketHandler","msg":"클라이언트 연결됨 [object Object]"}
{"time":"2026-06-02T00:56:15.996Z","level":"DEBUG","tag":"service-server:WebSocketHandler","msg":"요청 수신됨 [object Object]"}
{"time":"2026-06-02T00:56:15.998Z","level":"DEBUG","tag":"service-server:WebSocketHandler","msg":"응답 전송됨 (크기: 40)"}
{"time":"2026-06-02T00:56:16.066Z","level":"DEBUG","tag":"service-server:WebSocketHandler","msg":"클라이언트 연결 해제됨: (code: 1005)"}
{"time":"2026-06-02T00:56:42.193Z","level":"DEBUG","tag":"service-server:WebSocketHandler","msg":"클라이언트 연결됨 [object Object]"}
{"time":"2026-06-02T00:56:42.202Z","level":"DEBUG","tag":"service-server:WebSocketHandler","msg":"요청 수신됨 [object Object]"}
{"time":"2026-06-02T00:56:42.204Z","level":"DEBUG","tag":"service-server:WebSocketHandler","msg":"응답 전송됨 (크기: 40)"}
{"time":"2026-06-02T00:56:49.560Z","level":"DEBUG","tag":"service-server:WebSocketHandler","msg":"클라이언트 연결 해제됨: (code: 1005)"}
{"time":"2026-06-02T00:57:03.011Z","level":"DEBUG","tag":"service-server:WebSocketHandler","msg":"클라이언트 연결됨 [object Object]"}
{"time":"2026-06-02T00:57:03.016Z","level":"DEBUG","tag":"service-server:WebSocketHandler","msg":"요청 수신됨 [object Object]"}
{"time":"2026-06-02T00:57:03.018Z","level":"DEBUG","tag":"service-server:WebSocketHandler","msg":"응답 전송됨 (크기: 40)"}
{"time":"2026-06-02T00:57:03.022Z","level":"DEBUG","tag":"service-server:WebSocketHandler","msg":"요청 수신됨 [object Object]"}
{"time":"2026-06-02T00:57:03.022Z","level":"DEBUG","tag":"service-server:WebSocketHandler","msg":"응답 전송됨 (크기: 40)"}
{"time":"2026-06-02T00:57:16.079Z","level":"DEBUG","tag":"service-server:WebSocketHandler","msg":"클라이언트 연결됨 [object Object]"}
{"time":"2026-06-02T00:57:16.089Z","level":"DEBUG","tag":"service-server:WebSocketHandler","msg":"요청 수신됨 [object Object]"}
{"time":"2026-06-02T00:57:16.090Z","level":"DEBUG","tag":"service-server:WebSocketHandler","msg":"응답 전송됨 (크기: 40)"}
{"time":"2026-06-02T00:57:49.575Z","level":"DEBUG","tag":"service-server:WebSocketHandler","msg":"클라이언트 연결됨 [object Object]"}
{"time":"2026-06-02T00:57:49.593Z","level":"DEBUG","tag":"service-server:WebSocketHandler","msg":"요청 수신됨 [object Object]"}
{"time":"2026-06-02T00:57:49.594Z","level":"DEBUG","tag":"service-server:WebSocketHandler","msg":"응답 전송됨 (크기: 40)"}
{"time":"2026-06-02T00:57:57.888Z","level":"DEBUG","tag":"service-server:WebSocketHandler","msg":"클라이언트 연결됨 [object Object]"}
{"time":"2026-06-02T00:57:59.827Z","level":"DEBUG","tag":"service-server:WebSocketHandler","msg":"요청 수신됨 [object Object]"}
{"time":"2026-06-02T00:57:59.838Z","level":"DEBUG","tag":"mysql-db-conn","msg":"쿼리 실행 [object Object]"}
{"time":"2026-06-02T00:57:59.854Z","level":"DEBUG","tag":"service-server:WebSocketHandler","msg":"응답 전송됨 (크기: 5594)"}
{"time":"2026-06-02T00:57:59.871Z","level":"DEBUG","tag":"service-server:WebSocketHandler","msg":"요청 수신됨 [object Object]"}
{"time":"2026-06-02T00:57:59.872Z","level":"DEBUG","tag":"service-server:WebSocketHandler","msg":"응답 전송됨 (크기: 40)"}
{"time":"2026-06-02T00:57:59.883Z","level":"DEBUG","tag":"service-server:WebSocketHandler","msg":"요청 수신됨 [object Object]"}
{"time":"2026-06-02T00:57:59.883Z","level":"DEBUG","tag":"service-server:WebSocketHandler","msg":"응답 전송됨 (크기: 40)"}
{"time":"2026-06-02T00:57:59.928Z","level":"DEBUG","tag":"service-server:WebSocketHandler","msg":"요청 수신됨 [object Object]"}
{"time":"2026-06-02T00:57:59.935Z","level":"DEBUG","tag":"mysql-db-conn","msg":"쿼리 실행 [object Object]"}
{"time":"2026-06-02T00:57:59.961Z","level":"DEBUG","tag":"service-server:WebSocketHandler","msg":"응답 전송됨 (크기: 5594)"}
{"time":"2026-06-02T00:57:59.975Z","level":"DEBUG","tag":"service-server:WebSocketHandler","msg":"요청 수신됨 [object Object]"}
{"time":"2026-06-02T00:57:59.976Z","level":"DEBUG","tag":"service-server:WebSocketHandler","msg":"응답 전송됨 (크기: 40)"}
{"time":"2026-06-02T00:57:59.989Z","level":"DEBUG","tag":"service-server:WebSocketHandler","msg":"요청 수신됨 [object Object]"}
{"time":"2026-06-02T00:57:59.989Z","level":"DEBUG","tag":"service-server:WebSocketHandler","msg":"응답 전송됨 (크기: 40)"}
{"time":"2026-06-02T00:57:59.999Z","level":"DEBUG","tag":"service-server:WebSocketHandler","msg":"요청 수신됨 [object Object]"}
{"time":"2026-06-02T00:57:59.999Z","level":"DEBUG","tag":"service-server:WebSocketHandler","msg":"응답 전송됨 (크기: 40)"}
{"time":"2026-06-02T00:58:00.007Z","level":"DEBUG","tag":"service-server:WebSocketHandler","msg":"요청 수신됨 [object Object]"}
{"time":"2026-06-02T00:58:00.007Z","level":"DEBUG","tag":"service-server:WebSocketHandler","msg":"응답 전송됨 (크기: 79)"}
{"time":"2026-06-02T00:58:00.017Z","level":"DEBUG","tag":"service-server:WebSocketHandler","msg":"요청 수신됨 [object Object]"}
{"time":"2026-06-02T00:58:00.022Z","level":"DEBUG","tag":"service-server:WebSocketHandler","msg":"응답 전송됨 (크기: 42)"}
{"time":"2026-06-02T00:58:00.029Z","level":"DEBUG","tag":"service-server:WebSocketHandler","msg":"요청 수신됨 [object Object]"}
{"time":"2026-06-02T00:58:00.030Z","level":"DEBUG","tag":"mysql-db-conn","msg":"쿼리 실행 [object Object]"}
{"time":"2026-06-02T00:58:00.032Z","level":"DEBUG","tag":"service-server:WebSocketHandler","msg":"응답 전송됨 (크기: 68)"}
{"time":"2026-06-02T00:58:00.042Z","level":"DEBUG","tag":"service-server:WebSocketHandler","msg":"요청 수신됨 [object Object]"}
{"time":"2026-06-02T00:58:00.042Z","level":"DEBUG","tag":"mysql-db-conn","msg":"쿼리 실행 [object Object]"}
{"time":"2026-06-02T00:58:00.043Z","level":"DEBUG","tag":"service-server:WebSocketHandler","msg":"응답 전송됨 (크기: 92)"}
{"time":"2026-06-02T00:58:00.052Z","level":"DEBUG","tag":"service-server:WebSocketHandler","msg":"요청 수신됨 [object Object]"}
{"time":"2026-06-02T00:58:00.052Z","level":"DEBUG","tag":"mysql-db-conn","msg":"쿼리 실행 [object Object]"}
{"time":"2026-06-02T00:58:00.055Z","level":"DEBUG","tag":"service-server:WebSocketHandler","msg":"응답 전송됨 (크기: 670)"}
{"time":"2026-06-02T00:58:00.064Z","level":"DEBUG","tag":"service-server:WebSocketHandler","msg":"요청 수신됨 [object Object]"}
{"time":"2026-06-02T00:58:00.064Z","level":"DEBUG","tag":"mysql-db-conn","msg":"쿼리 실행 [object Object]"}
{"time":"2026-06-02T00:58:00.067Z","level":"DEBUG","tag":"service-server:WebSocketHandler","msg":"응답 전송됨 (크기: 556)"}
{"time":"2026-06-02T00:58:00.076Z","level":"DEBUG","tag":"service-server:WebSocketHandler","msg":"요청 수신됨 [object Object]"}
{"time":"2026-06-02T00:58:00.077Z","level":"DEBUG","tag":"mysql-db-conn","msg":"쿼리 실행 [object Object]"}
{"time":"2026-06-02T00:58:11.031Z","level":"DEBUG","tag":"service-server:WebSocketHandler","msg":"응답 전송됨 (크기: 194)"}
{"time":"2026-06-02T00:58:11.049Z","level":"DEBUG","tag":"service-server:WebSocketHandler","msg":"요청 수신됨 [object Object]"}
{"time":"2026-06-02T00:58:11.049Z","level":"DEBUG","tag":"service-server:WebSocketHandler","msg":"응답 전송됨 (크기: 45)"}
{"time":"2026-06-02T00:58:11.063Z","level":"DEBUG","tag":"service-server:WebSocketHandler","msg":"요청 수신됨 [object Object]"}
{"time":"2026-06-02T00:58:11.063Z","level":"DEBUG","tag":"service-server:WebSocketHandler","msg":"응답 전송됨 (크기: 40)"}
{"time":"2026-06-02T00:58:15.919Z","level":"DEBUG","tag":"service-server:WebSocketHandler","msg":"클라이언트 연결 해제됨: (code: 1005)"}
{"time":"2026-06-02T00:58:42.160Z","level":"DEBUG","tag":"service-server:WebSocketHandler","msg":"클라이언트 연결 해제됨: (code: 1005)"}
{"time":"2026-06-02T00:59:03.021Z","level":"DEBUG","tag":"service-server:WebSocketHandler","msg":"클라이언트 연결 해제됨: (code: 1005)"}
{"time":"2026-06-02T00:59:15.925Z","level":"DEBUG","tag":"service-server:WebSocketHandler","msg":"클라이언트 연결됨 [object Object]"}
{"time":"2026-06-02T00:59:15.938Z","level":"DEBUG","tag":"service-server:WebSocketHandler","msg":"요청 수신됨 [object Object]"}
{"time":"2026-06-02T00:59:15.940Z","level":"DEBUG","tag":"service-server:WebSocketHandler","msg":"응답 전송됨 (크기: 40)"}
{"time":"2026-06-02T00:59:16.056Z","level":"DEBUG","tag":"service-server:WebSocketHandler","msg":"클라이언트 연결 해제됨: (code: 1005)"}
{"time":"2026-06-02T00:59:42.168Z","level":"DEBUG","tag":"service-server:WebSocketHandler","msg":"클라이언트 연결됨 [object Object]"}
{"time":"2026-06-02T00:59:42.177Z","level":"DEBUG","tag":"service-server:WebSocketHandler","msg":"요청 수신됨 [object Object]"}
{"time":"2026-06-02T00:59:42.178Z","level":"DEBUG","tag":"service-server:WebSocketHandler","msg":"응답 전송됨 (크기: 40)"}
{"time":"2026-06-02T00:59:49.564Z","level":"DEBUG","tag":"service-server:WebSocketHandler","msg":"클라이언트 연결 해제됨: (code: 1005)"}
{"time":"2026-06-02T01:00:03.024Z","level":"DEBUG","tag":"service-server:WebSocketHandler","msg":"클라이언트 연결됨 [object Object]"}
{"time":"2026-06-02T01:00:03.029Z","level":"DEBUG","tag":"service-server:WebSocketHandler","msg":"요청 수신됨 [object Object]"}
{"time":"2026-06-02T01:00:03.030Z","level":"DEBUG","tag":"service-server:WebSocketHandler","msg":"응답 전송됨 (크기: 40)"}
{"time":"2026-06-02T01:00:03.037Z","level":"DEBUG","tag":"service-server:WebSocketHandler","msg":"요청 수신됨 [object Object]"}
{"time":"2026-06-02T01:00:03.037Z","level":"DEBUG","tag":"service-server:WebSocketHandler","msg":"응답 전송됨 (크기: 40)"}
{"time":"2026-06-02T01:00:16.081Z","level":"DEBUG","tag":"service-server:WebSocketHandler","msg":"클라이언트 연결됨 [object Object]"}
{"time":"2026-06-02T01:00:16.097Z","level":"DEBUG","tag":"service-server:WebSocketHandler","msg":"요청 수신됨 [object Object]"}
{"time":"2026-06-02T01:00:16.099Z","level":"DEBUG","tag":"service-server:WebSocketHandler","msg":"응답 전송됨 (크기: 40)"}
{"time":"2026-06-02T01:00:49.585Z","level":"DEBUG","tag":"service-server:WebSocketHandler","msg":"클라이언트 연결됨 [object Object]"}
{"time":"2026-06-02T01:00:49.604Z","level":"DEBUG","tag":"service-server:WebSocketHandler","msg":"요청 수신됨 [object Object]"}
{"time":"2026-06-02T01:00:49.606Z","level":"DEBUG","tag":"service-server:WebSocketHandler","msg":"응답 전송됨 (크기: 40)"}
{"time":"2026-06-02T01:01:15.948Z","level":"DEBUG","tag":"service-server:WebSocketHandler","msg":"클라이언트 연결 해제됨: (code: 1005)"}
{"time":"2026-06-02T01:01:42.153Z","level":"DEBUG","tag":"service-server:WebSocketHandler","msg":"클라이언트 연결 해제됨: (code: 1005)"}
{"time":"2026-06-02T01:02:03.019Z","level":"DEBUG","tag":"service-server:WebSocketHandler","msg":"클라이언트 연결 해제됨: (code: 1005)"}
{"time":"2026-06-02T01:02:15.922Z","level":"DEBUG","tag":"service-server:WebSocketHandler","msg":"클라이언트 연결됨 [object Object]"}
{"time":"2026-06-02T01:02:15.931Z","level":"DEBUG","tag":"service-server:WebSocketHandler","msg":"요청 수신됨 [object Object]"}
{"time":"2026-06-02T01:02:15.933Z","level":"DEBUG","tag":"service-server:WebSocketHandler","msg":"응답 전송됨 (크기: 40)"}
{"time":"2026-06-02T01:02:16.074Z","level":"DEBUG","tag":"service-server:WebSocketHandler","msg":"클라이언트 연결 해제됨: (code: 1005)"}
{"time":"2026-06-02T01:02:42.156Z","level":"DEBUG","tag":"service-server:WebSocketHandler","msg":"클라이언트 연결됨 [object Object]"}
{"time":"2026-06-02T01:02:42.169Z","level":"DEBUG","tag":"service-server:WebSocketHandler","msg":"요청 수신됨 [object Object]"}
{"time":"2026-06-02T01:02:42.170Z","level":"DEBUG","tag":"service-server:WebSocketHandler","msg":"응답 전송됨 (크기: 40)"}
{"time":"2026-06-02T01:02:49.550Z","level":"DEBUG","tag":"service-server:WebSocketHandler","msg":"클라이언트 연결 해제됨: (code: 1005)"}
{"time":"2026-06-02T01:03:03.023Z","level":"DEBUG","tag":"service-server:WebSocketHandler","msg":"클라이언트 연결됨 [object Object]"}
{"time":"2026-06-02T01:03:03.029Z","level":"DEBUG","tag":"service-server:WebSocketHandler","msg":"요청 수신됨 [object Object]"}
{"time":"2026-06-02T01:03:03.030Z","level":"DEBUG","tag":"service-server:WebSocketHandler","msg":"응답 전송됨 (크기: 40)"}
{"time":"2026-06-02T01:03:03.034Z","level":"DEBUG","tag":"service-server:WebSocketHandler","msg":"요청 수신됨 [object Object]"}
{"time":"2026-06-02T01:03:03.034Z","level":"DEBUG","tag":"service-server:WebSocketHandler","msg":"응답 전송됨 (크기: 40)"}
{"time":"2026-06-02T01:03:08.855Z","level":"DEBUG","tag":"service-server:WebSocketHandler","msg":"클라이언트 연결됨 [object Object]"}
{"time":"2026-06-02T01:03:11.140Z","level":"DEBUG","tag":"service-server:WebSocketHandler","msg":"요청 수신됨 [object Object]"}
{"time":"2026-06-02T01:03:11.147Z","level":"DEBUG","tag":"mysql-db-conn","msg":"쿼리 실행 [object Object]"}
{"time":"2026-06-02T01:03:11.177Z","level":"DEBUG","tag":"service-server:WebSocketHandler","msg":"응답 전송됨 (크기: 6410)"}
{"time":"2026-06-02T01:03:11.212Z","level":"DEBUG","tag":"service-server:WebSocketHandler","msg":"요청 수신됨 [object Object]"}
{"time":"2026-06-02T01:03:11.213Z","level":"DEBUG","tag":"service-server:WebSocketHandler","msg":"응답 전송됨 (크기: 40)"}
{"time":"2026-06-02T01:03:11.243Z","level":"DEBUG","tag":"service-server:WebSocketHandler","msg":"요청 수신됨 [object Object]"}
{"time":"2026-06-02T01:03:11.244Z","level":"DEBUG","tag":"service-server:WebSocketHandler","msg":"응답 전송됨 (크기: 40)"}
{"time":"2026-06-02T01:03:11.280Z","level":"DEBUG","tag":"service-server:WebSocketHandler","msg":"요청 수신됨 [object Object]"}
{"time":"2026-06-02T01:03:11.287Z","level":"DEBUG","tag":"mysql-db-conn","msg":"쿼리 실행 [object Object]"}
{"time":"2026-06-02T01:03:11.313Z","level":"DEBUG","tag":"service-server:WebSocketHandler","msg":"응답 전송됨 (크기: 6410)"}
{"time":"2026-06-02T01:03:11.346Z","level":"DEBUG","tag":"service-server:WebSocketHandler","msg":"요청 수신됨 [object Object]"}
{"time":"2026-06-02T01:03:11.347Z","level":"DEBUG","tag":"service-server:WebSocketHandler","msg":"응답 전송됨 (크기: 40)"}
{"time":"2026-06-02T01:03:11.377Z","level":"DEBUG","tag":"service-server:WebSocketHandler","msg":"요청 수신됨 [object Object]"}
{"time":"2026-06-02T01:03:11.378Z","level":"DEBUG","tag":"service-server:WebSocketHandler","msg":"응답 전송됨 (크기: 40)"}
{"time":"2026-06-02T01:03:11.412Z","level":"DEBUG","tag":"service-server:WebSocketHandler","msg":"요청 수신됨 [object Object]"}
{"time":"2026-06-02T01:03:11.412Z","level":"DEBUG","tag":"service-server:WebSocketHandler","msg":"응답 전송됨 (크기: 40)"}
{"time":"2026-06-02T01:03:11.444Z","level":"DEBUG","tag":"service-server:WebSocketHandler","msg":"요청 수신됨 [object Object]"}
{"time":"2026-06-02T01:03:11.445Z","level":"DEBUG","tag":"service-server:WebSocketHandler","msg":"응답 전송됨 (크기: 79)"}
{"time":"2026-06-02T01:03:11.477Z","level":"DEBUG","tag":"service-server:WebSocketHandler","msg":"요청 수신됨 [object Object]"}
{"time":"2026-06-02T01:03:11.481Z","level":"DEBUG","tag":"service-server:WebSocketHandler","msg":"응답 전송됨 (크기: 42)"}
{"time":"2026-06-02T01:03:11.514Z","level":"DEBUG","tag":"service-server:WebSocketHandler","msg":"요청 수신됨 [object Object]"}
{"time":"2026-06-02T01:03:11.514Z","level":"DEBUG","tag":"mysql-db-conn","msg":"쿼리 실행 [object Object]"}
{"time":"2026-06-02T01:03:11.516Z","level":"DEBUG","tag":"service-server:WebSocketHandler","msg":"응답 전송됨 (크기: 68)"}
{"time":"2026-06-02T01:03:11.549Z","level":"DEBUG","tag":"service-server:WebSocketHandler","msg":"요청 수신됨 [object Object]"}
{"time":"2026-06-02T01:03:11.549Z","level":"DEBUG","tag":"mysql-db-conn","msg":"쿼리 실행 [object Object]"}
{"time":"2026-06-02T01:03:11.550Z","level":"DEBUG","tag":"service-server:WebSocketHandler","msg":"응답 전송됨 (크기: 92)"}
{"time":"2026-06-02T01:03:11.583Z","level":"DEBUG","tag":"service-server:WebSocketHandler","msg":"요청 수신됨 [object Object]"}
{"time":"2026-06-02T01:03:11.583Z","level":"DEBUG","tag":"mysql-db-conn","msg":"쿼리 실행 [object Object]"}
{"time":"2026-06-02T01:03:11.587Z","level":"DEBUG","tag":"service-server:WebSocketHandler","msg":"응답 전송됨 (크기: 670)"}
{"time":"2026-06-02T01:03:11.612Z","level":"DEBUG","tag":"service-server:WebSocketHandler","msg":"요청 수신됨 [object Object]"}
{"time":"2026-06-02T01:03:11.612Z","level":"DEBUG","tag":"mysql-db-conn","msg":"쿼리 실행 [object Object]"}
{"time":"2026-06-02T01:03:11.615Z","level":"DEBUG","tag":"service-server:WebSocketHandler","msg":"응답 전송됨 (크기: 556)"}
{"time":"2026-06-02T01:03:11.640Z","level":"DEBUG","tag":"service-server:WebSocketHandler","msg":"요청 수신됨 [object Object]"}
{"time":"2026-06-02T01:03:11.640Z","level":"DEBUG","tag":"mysql-db-conn","msg":"쿼리 실행 [object Object]"}
{"time":"2026-06-02T01:03:22.415Z","level":"DEBUG","tag":"service-server:WebSocketHandler","msg":"응답 전송됨 (크기: 194)"}
{"time":"2026-06-02T01:03:22.418Z","level":"DEBUG","tag":"service-server:WebSocketHandler","msg":"클라이언트 연결됨 [object Object]"}
{"time":"2026-06-02T01:03:22.452Z","level":"DEBUG","tag":"service-server:WebSocketHandler","msg":"요청 수신됨 [object Object]"}
{"time":"2026-06-02T01:03:22.452Z","level":"DEBUG","tag":"service-server:WebSocketHandler","msg":"응답 전송됨 (크기: 45)"}
{"time":"2026-06-02T01:03:22.454Z","level":"DEBUG","tag":"service-server:WebSocketHandler","msg":"요청 수신됨 [object Object]"}
{"time":"2026-06-02T01:03:22.454Z","level":"DEBUG","tag":"service-server:WebSocketHandler","msg":"응답 전송됨 (크기: 40)"}
{"time":"2026-06-02T01:03:22.488Z","level":"DEBUG","tag":"service-server:WebSocketHandler","msg":"요청 수신됨 [object Object]"}
{"time":"2026-06-02T01:03:22.488Z","level":"DEBUG","tag":"service-server:WebSocketHandler","msg":"응답 전송됨 (크기: 40)"}
{"time":"2026-06-02T01:03:49.572Z","level":"DEBUG","tag":"service-server:WebSocketHandler","msg":"클라이언트 연결됨 [object Object]"}
{"time":"2026-06-02T01:03:49.611Z","level":"DEBUG","tag":"service-server:WebSocketHandler","msg":"요청 수신됨 [object Object]"}
{"time":"2026-06-02T01:03:49.612Z","level":"DEBUG","tag":"service-server:WebSocketHandler","msg":"응답 전송됨 (크기: 40)"}
{"time":"2026-06-02T01:04:15.909Z","level":"DEBUG","tag":"service-server:WebSocketHandler","msg":"클라이언트 연결 해제됨: (code: 1005)"}
{"time":"2026-06-02T01:04:42.155Z","level":"DEBUG","tag":"service-server:WebSocketHandler","msg":"클라이언트 연결 해제됨: (code: 1005)"}
{"time":"2026-06-02T01:05:03.016Z","level":"DEBUG","tag":"service-server:WebSocketHandler","msg":"클라이언트 연결 해제됨: (code: 1005)"}
{"time":"2026-06-02T01:05:15.913Z","level":"DEBUG","tag":"service-server:WebSocketHandler","msg":"클라이언트 연결됨 [object Object]"}
{"time":"2026-06-02T01:05:15.939Z","level":"DEBUG","tag":"service-server:WebSocketHandler","msg":"요청 수신됨 [object Object]"}
{"time":"2026-06-02T01:05:15.940Z","level":"DEBUG","tag":"service-server:WebSocketHandler","msg":"응답 전송됨 (크기: 40)"}
{"time":"2026-06-02T01:05:16.062Z","level":"DEBUG","tag":"service-server:WebSocketHandler","msg":"클라이언트 연결 해제됨: (code: 1005)"}
{"time":"2026-06-02T01:05:42.167Z","level":"DEBUG","tag":"service-server:WebSocketHandler","msg":"클라이언트 연결됨 [object Object]"}
{"time":"2026-06-02T01:05:42.176Z","level":"DEBUG","tag":"service-server:WebSocketHandler","msg":"요청 수신됨 [object Object]"}
{"time":"2026-06-02T01:05:42.178Z","level":"DEBUG","tag":"service-server:WebSocketHandler","msg":"응답 전송됨 (크기: 40)"}
{"time":"2026-06-02T01:05:49.605Z","level":"DEBUG","tag":"service-server:WebSocketHandler","msg":"클라이언트 연결 해제됨: (code: 1005)"}
{"time":"2026-06-02T01:06:03.028Z","level":"DEBUG","tag":"service-server:WebSocketHandler","msg":"클라이언트 연결됨 [object Object]"}
{"time":"2026-06-02T01:06:03.033Z","level":"DEBUG","tag":"service-server:WebSocketHandler","msg":"요청 수신됨 [object Object]"}
{"time":"2026-06-02T01:06:03.034Z","level":"DEBUG","tag":"service-server:WebSocketHandler","msg":"응답 전송됨 (크기: 40)"}
{"time":"2026-06-02T01:06:03.038Z","level":"DEBUG","tag":"service-server:WebSocketHandler","msg":"요청 수신됨 [object Object]"}
{"time":"2026-06-02T01:06:03.039Z","level":"DEBUG","tag":"service-server:WebSocketHandler","msg":"응답 전송됨 (크기: 40)"}
{"time":"2026-06-02T01:06:16.082Z","level":"DEBUG","tag":"service-server:WebSocketHandler","msg":"클라이언트 연결됨 [object Object]"}
{"time":"2026-06-02T01:06:16.097Z","level":"DEBUG","tag":"service-server:WebSocketHandler","msg":"요청 수신됨 [object Object]"}
{"time":"2026-06-02T01:06:16.099Z","level":"DEBUG","tag":"service-server:WebSocketHandler","msg":"응답 전송됨 (크기: 40)"}
{"time":"2026-06-02T01:06:16.203Z","level":"DEBUG","tag":"service-server:WebSocketHandler","msg":"클라이언트 연결 해제됨: (code: 1005)"}
{"time":"2026-06-02T01:06:16.203Z","level":"DEBUG","tag":"service-server:OrmService","msg":"소켓 종료 감지: 열린 모든 DB 연결을 정리합니다."}
{"time":"2026-06-02T01:06:19.488Z","level":"DEBUG","tag":"service-server:WebSocketHandler","msg":"클라이언트 연결됨 [object Object]"}
{"time":"2026-06-02T01:06:19.595Z","level":"DEBUG","tag":"service-server:WebSocketHandler","msg":"요청 수신됨 [object Object]"}
{"time":"2026-06-02T01:06:19.597Z","level":"DEBUG","tag":"service-server:WebSocketHandler","msg":"응답 전송됨 (크기: 40)"}
{"time":"2026-06-02T01:06:49.592Z","level":"DEBUG","tag":"service-server:WebSocketHandler","msg":"클라이언트 연결됨 [object Object]"}
{"time":"2026-06-02T01:06:49.617Z","level":"DEBUG","tag":"service-server:WebSocketHandler","msg":"요청 수신됨 [object Object]"}
{"time":"2026-06-02T01:06:49.618Z","level":"DEBUG","tag":"service-server:WebSocketHandler","msg":"응답 전송됨 (크기: 40)"}
{"time":"2026-06-02T01:07:15.908Z","level":"DEBUG","tag":"service-server:WebSocketHandler","msg":"클라이언트 연결 해제됨: (code: 1005)"}
{"time":"2026-06-02T01:07:42.149Z","level":"DEBUG","tag":"service-server:WebSocketHandler","msg":"클라이언트 연결 해제됨: (code: 1005)"}
{"time":"2026-06-02T01:08:02.050Z","level":"DEBUG","tag":"service-server:WebSocketHandler","msg":"클라이언트 연결 해제됨: (code: 1005)"}
{"time":"2026-06-02T01:08:03.023Z","level":"DEBUG","tag":"service-server:WebSocketHandler","msg":"클라이언트 연결 해제됨: (code: 1005)"}
{"time":"2026-06-02T01:08:04.927Z","level":"DEBUG","tag":"service-server:WebSocketHandler","msg":"클라이언트 연결됨 [object Object]"}
{"time":"2026-06-02T01:08:04.937Z","level":"DEBUG","tag":"service-server:WebSocketHandler","msg":"요청 수신됨 [object Object]"}
{"time":"2026-06-02T01:08:04.938Z","level":"DEBUG","tag":"service-server:WebSocketHandler","msg":"응답 전송됨 (크기: 40)"}
{"time":"2026-06-02T01:08:05.787Z","level":"DEBUG","tag":"service-server:WebSocketHandler","msg":"요청 수신됨 [object Object]"}
{"time":"2026-06-02T01:08:05.798Z","level":"DEBUG","tag":"mysql-db-conn","msg":"쿼리 실행 [object Object]"}
{"time":"2026-06-02T01:08:05.827Z","level":"DEBUG","tag":"service-server:WebSocketHandler","msg":"응답 전송됨 (크기: 6410)"}
{"time":"2026-06-02T01:08:06.344Z","level":"DEBUG","tag":"service-server:WebSocketHandler","msg":"요청 수신됨 [object Object]"}
{"time":"2026-06-02T01:08:06.346Z","level":"DEBUG","tag":"service-server:WebSocketHandler","msg":"응답 전송됨 (크기: 40)"}
{"time":"2026-06-02T01:08:06.354Z","level":"DEBUG","tag":"service-server:WebSocketHandler","msg":"요청 수신됨 [object Object]"}
{"time":"2026-06-02T01:08:06.354Z","level":"DEBUG","tag":"service-server:WebSocketHandler","msg":"응답 전송됨 (크기: 40)"}
{"time":"2026-06-02T01:08:06.362Z","level":"DEBUG","tag":"service-server:WebSocketHandler","msg":"요청 수신됨 [object Object]"}
{"time":"2026-06-02T01:08:06.362Z","level":"DEBUG","tag":"service-server:WebSocketHandler","msg":"응답 전송됨 (크기: 40)"}
{"time":"2026-06-02T01:08:06.494Z","level":"DEBUG","tag":"service-server:WebSocketHandler","msg":"요청 수신됨 [object Object]"}
{"time":"2026-06-02T01:08:06.502Z","level":"DEBUG","tag":"mysql-db-conn","msg":"쿼리 실행 [object Object]"}
{"time":"2026-06-02T01:08:06.532Z","level":"DEBUG","tag":"service-server:WebSocketHandler","msg":"응답 전송됨 (크기: 6410)"}
{"time":"2026-06-02T01:08:06.633Z","level":"DEBUG","tag":"service-server:WebSocketHandler","msg":"요청 수신됨 [object Object]"}
{"time":"2026-06-02T01:08:06.634Z","level":"DEBUG","tag":"service-server:WebSocketHandler","msg":"응답 전송됨 (크기: 40)"}
{"time":"2026-06-02T01:08:06.643Z","level":"DEBUG","tag":"service-server:WebSocketHandler","msg":"요청 수신됨 [object Object]"}
{"time":"2026-06-02T01:08:06.643Z","level":"DEBUG","tag":"service-server:WebSocketHandler","msg":"응답 전송됨 (크기: 40)"}
{"time":"2026-06-02T01:08:06.651Z","level":"DEBUG","tag":"service-server:WebSocketHandler","msg":"요청 수신됨 [object Object]"}
{"time":"2026-06-02T01:08:06.651Z","level":"DEBUG","tag":"service-server:WebSocketHandler","msg":"응답 전송됨 (크기: 40)"}
{"time":"2026-06-02T01:08:06.659Z","level":"DEBUG","tag":"service-server:WebSocketHandler","msg":"요청 수신됨 [object Object]"}
{"time":"2026-06-02T01:08:06.660Z","level":"DEBUG","tag":"service-server:WebSocketHandler","msg":"응답 전송됨 (크기: 79)"}
{"time":"2026-06-02T01:08:06.795Z","level":"DEBUG","tag":"service-server:WebSocketHandler","msg":"요청 수신됨 [object Object]"}
{"time":"2026-06-02T01:08:06.800Z","level":"DEBUG","tag":"service-server:WebSocketHandler","msg":"응답 전송됨 (크기: 42)"}
{"time":"2026-06-02T01:08:06.808Z","level":"DEBUG","tag":"service-server:WebSocketHandler","msg":"요청 수신됨 [object Object]"}
{"time":"2026-06-02T01:08:06.809Z","level":"DEBUG","tag":"mysql-db-conn","msg":"쿼리 실행 [object Object]"}
{"time":"2026-06-02T01:08:06.811Z","level":"DEBUG","tag":"service-server:WebSocketHandler","msg":"응답 전송됨 (크기: 68)"}
{"time":"2026-06-02T01:08:06.938Z","level":"DEBUG","tag":"service-server:WebSocketHandler","msg":"요청 수신됨 [object Object]"}
{"time":"2026-06-02T01:08:06.938Z","level":"DEBUG","tag":"mysql-db-conn","msg":"쿼리 실행 [object Object]"}
{"time":"2026-06-02T01:08:06.940Z","level":"DEBUG","tag":"service-server:WebSocketHandler","msg":"응답 전송됨 (크기: 92)"}
{"time":"2026-06-02T01:08:06.955Z","level":"DEBUG","tag":"service-server:WebSocketHandler","msg":"요청 수신됨 [object Object]"}
{"time":"2026-06-02T01:08:06.955Z","level":"DEBUG","tag":"mysql-db-conn","msg":"쿼리 실행 [object Object]"}
{"time":"2026-06-02T01:08:06.958Z","level":"DEBUG","tag":"service-server:WebSocketHandler","msg":"응답 전송됨 (크기: 670)"}
{"time":"2026-06-02T01:08:06.967Z","level":"DEBUG","tag":"service-server:WebSocketHandler","msg":"요청 수신됨 [object Object]"}
{"time":"2026-06-02T01:08:06.970Z","level":"DEBUG","tag":"service-server:WebSocketHandler","msg":"응답 전송됨 (크기: 556)"}
{"time":"2026-06-02T01:08:06.979Z","level":"DEBUG","tag":"service-server:WebSocketHandler","msg":"요청 수신됨 [object Object]"}
{"time":"2026-06-02T01:08:06.955Z","level":"DEBUG","tag":"mysql-db-conn","msg":"쿼리 실행 [object Object]"}
{"time":"2026-06-02T01:08:06.979Z","level":"DEBUG","tag":"mysql-db-conn","msg":"쿼리 실행 [object Object]"}
{"time":"2026-06-02T01:08:17.527Z","level":"DEBUG","tag":"service-server:WebSocketHandler","msg":"응답 전송됨 (크기: 194)"}
{"time":"2026-06-02T01:08:17.529Z","level":"DEBUG","tag":"service-server:WebSocketHandler","msg":"클라이언트 연결됨 [object Object]"}
{"time":"2026-06-02T01:08:17.536Z","level":"DEBUG","tag":"service-server:WebSocketHandler","msg":"클라이언트 연결 해제됨: (code: 1005)"}
{"time":"2026-06-02T01:08:17.537Z","level":"DEBUG","tag":"service-server:WebSocketHandler","msg":"요청 수신됨 [object Object]"}
{"time":"2026-06-02T01:08:17.537Z","level":"DEBUG","tag":"service-server:WebSocketHandler","msg":"응답 전송됨 (크기: 45)"}
{"time":"2026-06-02T01:08:17.539Z","level":"DEBUG","tag":"service-server:WebSocketHandler","msg":"요청 수신됨 [object Object]"}
{"time":"2026-06-02T01:08:17.539Z","level":"DEBUG","tag":"service-server:WebSocketHandler","msg":"응답 전송됨 (크기: 40)"}
{"time":"2026-06-02T01:08:17.545Z","level":"DEBUG","tag":"service-server:WebSocketHandler","msg":"요청 수신됨 [object Object]"}
{"time":"2026-06-02T01:08:17.545Z","level":"DEBUG","tag":"service-server:WebSocketHandler","msg":"응답 전송됨 (크기: 40)"}
{"time":"2026-06-02T01:08:42.176Z","level":"DEBUG","tag":"service-server:WebSocketHandler","msg":"클라이언트 연결됨 [object Object]"}
{"time":"2026-06-02T01:08:42.186Z","level":"DEBUG","tag":"service-server:WebSocketHandler","msg":"요청 수신됨 [object Object]"}
{"time":"2026-06-02T01:08:42.187Z","level":"DEBUG","tag":"service-server:WebSocketHandler","msg":"응답 전송됨 (크기: 40)"}
{"time":"2026-06-02T01:08:49.551Z","level":"DEBUG","tag":"service-server:WebSocketHandler","msg":"클라이언트 연결 해제됨: (code: 1005)"}
{"time":"2026-06-02T01:09:03.033Z","level":"DEBUG","tag":"service-server:WebSocketHandler","msg":"클라이언트 연결됨 [object Object]"}
{"time":"2026-06-02T01:09:03.038Z","level":"DEBUG","tag":"service-server:WebSocketHandler","msg":"요청 수신됨 [object Object]"}
{"time":"2026-06-02T01:09:03.040Z","level":"DEBUG","tag":"service-server:WebSocketHandler","msg":"응답 전송됨 (크기: 40)"}
{"time":"2026-06-02T01:09:03.044Z","level":"DEBUG","tag":"service-server:WebSocketHandler","msg":"요청 수신됨 [object Object]"}
{"time":"2026-06-02T01:09:03.044Z","level":"DEBUG","tag":"service-server:WebSocketHandler","msg":"응답 전송됨 (크기: 40)"}
{"time":"2026-06-02T01:09:16.072Z","level":"DEBUG","tag":"service-server:WebSocketHandler","msg":"클라이언트 연결됨 [object Object]"}
{"time":"2026-06-02T01:09:16.084Z","level":"DEBUG","tag":"service-server:WebSocketHandler","msg":"요청 수신됨 [object Object]"}
{"time":"2026-06-02T01:09:16.085Z","level":"DEBUG","tag":"service-server:WebSocketHandler","msg":"응답 전송됨 (크기: 40)"}
{"time":"2026-06-02T01:09:32.284Z","level":"DEBUG","tag":"service-server:WebSocketHandler","msg":"요청 수신됨 [object Object]"}
{"time":"2026-06-02T01:09:32.295Z","level":"DEBUG","tag":"mysql-db-conn","msg":"쿼리 실행 [object Object]"}
{"time":"2026-06-02T01:09:32.326Z","level":"DEBUG","tag":"service-server:WebSocketHandler","msg":"응답 전송됨 (크기: 6410)"}
{"time":"2026-06-02T01:09:32.344Z","level":"DEBUG","tag":"service-server:WebSocketHandler","msg":"요청 수신됨 [object Object]"}
{"time":"2026-06-02T01:09:32.345Z","level":"DEBUG","tag":"service-server:WebSocketHandler","msg":"응답 전송됨 (크기: 40)"}
{"time":"2026-06-02T01:09:32.354Z","level":"DEBUG","tag":"service-server:WebSocketHandler","msg":"요청 수신됨 [object Object]"}
{"time":"2026-06-02T01:09:32.354Z","level":"DEBUG","tag":"service-server:WebSocketHandler","msg":"응답 전송됨 (크기: 40)"}
{"time":"2026-06-02T01:09:32.364Z","level":"DEBUG","tag":"service-server:WebSocketHandler","msg":"요청 수신됨 [object Object]"}
{"time":"2026-06-02T01:09:32.364Z","level":"DEBUG","tag":"service-server:WebSocketHandler","msg":"응답 전송됨 (크기: 40)"}
{"time":"2026-06-02T01:09:32.376Z","level":"DEBUG","tag":"service-server:WebSocketHandler","msg":"요청 수신됨 [object Object]"}
{"time":"2026-06-02T01:09:32.383Z","level":"DEBUG","tag":"mysql-db-conn","msg":"쿼리 실행 [object Object]"}
{"time":"2026-06-02T01:09:32.412Z","level":"DEBUG","tag":"service-server:WebSocketHandler","msg":"응답 전송됨 (크기: 6410)"}
{"time":"2026-06-02T01:09:32.437Z","level":"DEBUG","tag":"service-server:WebSocketHandler","msg":"요청 수신됨 [object Object]"}
{"time":"2026-06-02T01:09:32.437Z","level":"DEBUG","tag":"service-server:WebSocketHandler","msg":"응답 전송됨 (크기: 40)"}
{"time":"2026-06-02T01:09:32.461Z","level":"DEBUG","tag":"service-server:WebSocketHandler","msg":"요청 수신됨 [object Object]"}
{"time":"2026-06-02T01:09:32.461Z","level":"DEBUG","tag":"service-server:WebSocketHandler","msg":"응답 전송됨 (크기: 40)"}
{"time":"2026-06-02T01:09:32.469Z","level":"DEBUG","tag":"service-server:WebSocketHandler","msg":"요청 수신됨 [object Object]"}
{"time":"2026-06-02T01:09:32.469Z","level":"DEBUG","tag":"service-server:WebSocketHandler","msg":"응답 전송됨 (크기: 40)"}
{"time":"2026-06-02T01:09:32.492Z","level":"DEBUG","tag":"service-server:WebSocketHandler","msg":"요청 수신됨 [object Object]"}
{"time":"2026-06-02T01:09:32.492Z","level":"DEBUG","tag":"service-server:WebSocketHandler","msg":"응답 전송됨 (크기: 79)"}
{"time":"2026-06-02T01:09:32.508Z","level":"DEBUG","tag":"service-server:WebSocketHandler","msg":"요청 수신됨 [object Object]"}
{"time":"2026-06-02T01:09:32.513Z","level":"DEBUG","tag":"service-server:WebSocketHandler","msg":"응답 전송됨 (크기: 42)"}
{"time":"2026-06-02T01:09:32.551Z","level":"DEBUG","tag":"service-server:WebSocketHandler","msg":"요청 수신됨 [object Object]"}
{"time":"2026-06-02T01:09:32.551Z","level":"DEBUG","tag":"mysql-db-conn","msg":"쿼리 실행 [object Object]"}
{"time":"2026-06-02T01:09:32.553Z","level":"DEBUG","tag":"service-server:WebSocketHandler","msg":"응답 전송됨 (크기: 68)"}
{"time":"2026-06-02T01:09:32.561Z","level":"DEBUG","tag":"service-server:WebSocketHandler","msg":"요청 수신됨 [object Object]"}
{"time":"2026-06-02T01:09:32.561Z","level":"DEBUG","tag":"mysql-db-conn","msg":"쿼리 실행 [object Object]"}
{"time":"2026-06-02T01:09:32.563Z","level":"DEBUG","tag":"service-server:WebSocketHandler","msg":"응답 전송됨 (크기: 92)"}
{"time":"2026-06-02T01:09:32.593Z","level":"DEBUG","tag":"service-server:WebSocketHandler","msg":"요청 수신됨 [object Object]"}
{"time":"2026-06-02T01:09:32.594Z","level":"DEBUG","tag":"mysql-db-conn","msg":"쿼리 실행 [object Object]"}
{"time":"2026-06-02T01:09:32.597Z","level":"DEBUG","tag":"service-server:WebSocketHandler","msg":"응답 전송됨 (크기: 670)"}
{"time":"2026-06-02T01:09:32.606Z","level":"DEBUG","tag":"service-server:WebSocketHandler","msg":"요청 수신됨 [object Object]"}
{"time":"2026-06-02T01:09:32.606Z","level":"DEBUG","tag":"mysql-db-conn","msg":"쿼리 실행 [object Object]"}
{"time":"2026-06-02T01:09:32.609Z","level":"DEBUG","tag":"service-server:WebSocketHandler","msg":"응답 전송됨 (크기: 556)"}
{"time":"2026-06-02T01:09:32.618Z","level":"DEBUG","tag":"service-server:WebSocketHandler","msg":"요청 수신됨 [object Object]"}
{"time":"2026-06-02T01:09:32.618Z","level":"DEBUG","tag":"mysql-db-conn","msg":"쿼리 실행 [object Object]"}
{"time":"2026-06-02T01:09:42.803Z","level":"DEBUG","tag":"service-server:WebSocketHandler","msg":"응답 전송됨 (크기: 194)"}
{"time":"2026-06-02T01:09:42.835Z","level":"DEBUG","tag":"service-server:WebSocketHandler","msg":"요청 수신됨 [object Object]"}
{"time":"2026-06-02T01:09:42.835Z","level":"DEBUG","tag":"service-server:WebSocketHandler","msg":"응답 전송됨 (크기: 45)"}
{"time":"2026-06-02T01:09:42.843Z","level":"DEBUG","tag":"service-server:WebSocketHandler","msg":"요청 수신됨 [object Object]"}
{"time":"2026-06-02T01:09:42.843Z","level":"DEBUG","tag":"service-server:WebSocketHandler","msg":"응답 전송됨 (크기: 40)"}
{"time":"2026-06-02T01:09:49.589Z","level":"DEBUG","tag":"service-server:WebSocketHandler","msg":"클라이언트 연결됨 [object Object]"}
{"time":"2026-06-02T01:09:49.631Z","level":"DEBUG","tag":"service-server:WebSocketHandler","msg":"요청 수신됨 [object Object]"}
{"time":"2026-06-02T01:09:49.632Z","level":"DEBUG","tag":"service-server:WebSocketHandler","msg":"응답 전송됨 (크기: 40)"}
{"time":"2026-06-02T01:10:15.901Z","level":"DEBUG","tag":"service-server:WebSocketHandler","msg":"클라이언트 연결 해제됨: (code: 1005)"}
{"time":"2026-06-02T01:10:42.163Z","level":"DEBUG","tag":"service-server:WebSocketHandler","msg":"클라이언트 연결 해제됨: (code: 1005)"}
{"time":"2026-06-02T01:11:03.035Z","level":"DEBUG","tag":"service-server:WebSocketHandler","msg":"클라이언트 연결 해제됨: (code: 1005)"}
{"time":"2026-06-02T01:11:15.906Z","level":"DEBUG","tag":"service-server:WebSocketHandler","msg":"클라이언트 연결됨 [object Object]"}
{"time":"2026-06-02T01:11:15.913Z","level":"DEBUG","tag":"service-server:WebSocketHandler","msg":"요청 수신됨 [object Object]"}
{"time":"2026-06-02T01:11:15.915Z","level":"DEBUG","tag":"service-server:WebSocketHandler","msg":"응답 전송됨 (크기: 40)"}
{"time":"2026-06-02T01:11:16.066Z","level":"DEBUG","tag":"service-server:WebSocketHandler","msg":"클라이언트 연결 해제됨: (code: 1005)"}
{"time":"2026-06-02T01:11:30.594Z","level":"DEBUG","tag":"service-server:WebSocketHandler","msg":"요청 수신됨 [object Object]"}
{"time":"2026-06-02T01:11:30.606Z","level":"DEBUG","tag":"mysql-db-conn","msg":"쿼리 실행 [object Object]"}
{"time":"2026-06-02T01:11:30.622Z","level":"DEBUG","tag":"service-server:WebSocketHandler","msg":"응답 전송됨 (크기: 5594)"}
{"time":"2026-06-02T01:11:30.633Z","level":"DEBUG","tag":"service-server:WebSocketHandler","msg":"요청 수신됨 [object Object]"}
{"time":"2026-06-02T01:11:30.634Z","level":"DEBUG","tag":"service-server:WebSocketHandler","msg":"응답 전송됨 (크기: 40)"}
{"time":"2026-06-02T01:11:30.643Z","level":"DEBUG","tag":"service-server:WebSocketHandler","msg":"요청 수신됨 [object Object]"}
{"time":"2026-06-02T01:11:30.643Z","level":"DEBUG","tag":"service-server:WebSocketHandler","msg":"응답 전송됨 (크기: 40)"}
{"time":"2026-06-02T01:11:30.650Z","level":"DEBUG","tag":"service-server:WebSocketHandler","msg":"요청 수신됨 [object Object]"}
{"time":"2026-06-02T01:11:30.650Z","level":"DEBUG","tag":"service-server:WebSocketHandler","msg":"응답 전송됨 (크기: 40)"}
{"time":"2026-06-02T01:11:30.668Z","level":"DEBUG","tag":"service-server:WebSocketHandler","msg":"요청 수신됨 [object Object]"}
{"time":"2026-06-02T01:11:30.675Z","level":"DEBUG","tag":"mysql-db-conn","msg":"쿼리 실행 [object Object]"}
{"time":"2026-06-02T01:11:30.700Z","level":"DEBUG","tag":"service-server:WebSocketHandler","msg":"응답 전송됨 (크기: 5594)"}
{"time":"2026-06-02T01:11:30.721Z","level":"DEBUG","tag":"service-server:WebSocketHandler","msg":"요청 수신됨 [object Object]"}
{"time":"2026-06-02T01:11:30.721Z","level":"DEBUG","tag":"service-server:WebSocketHandler","msg":"응답 전송됨 (크기: 40)"}
{"time":"2026-06-02T01:11:30.735Z","level":"DEBUG","tag":"service-server:WebSocketHandler","msg":"요청 수신됨 [object Object]"}
{"time":"2026-06-02T01:11:30.735Z","level":"DEBUG","tag":"service-server:WebSocketHandler","msg":"응답 전송됨 (크기: 40)"}
{"time":"2026-06-02T01:11:30.753Z","level":"DEBUG","tag":"service-server:WebSocketHandler","msg":"요청 수신됨 [object Object]"}
{"time":"2026-06-02T01:11:30.753Z","level":"DEBUG","tag":"service-server:WebSocketHandler","msg":"응답 전송됨 (크기: 40)"}
{"time":"2026-06-02T01:11:30.767Z","level":"DEBUG","tag":"service-server:WebSocketHandler","msg":"요청 수신됨 [object Object]"}
{"time":"2026-06-02T01:11:30.768Z","level":"DEBUG","tag":"service-server:WebSocketHandler","msg":"응답 전송됨 (크기: 79)"}
{"time":"2026-06-02T01:11:30.786Z","level":"DEBUG","tag":"service-server:WebSocketHandler","msg":"요청 수신됨 [object Object]"}
{"time":"2026-06-02T01:11:30.791Z","level":"DEBUG","tag":"service-server:WebSocketHandler","msg":"응답 전송됨 (크기: 42)"}
{"time":"2026-06-02T01:11:30.798Z","level":"DEBUG","tag":"service-server:WebSocketHandler","msg":"요청 수신됨 [object Object]"}
{"time":"2026-06-02T01:11:30.798Z","level":"DEBUG","tag":"mysql-db-conn","msg":"쿼리 실행 [object Object]"}
{"time":"2026-06-02T01:11:30.800Z","level":"DEBUG","tag":"service-server:WebSocketHandler","msg":"응답 전송됨 (크기: 68)"}
{"time":"2026-06-02T01:11:30.810Z","level":"DEBUG","tag":"service-server:WebSocketHandler","msg":"요청 수신됨 [object Object]"}
{"time":"2026-06-02T01:11:30.810Z","level":"DEBUG","tag":"mysql-db-conn","msg":"쿼리 실행 [object Object]"}
{"time":"2026-06-02T01:11:30.812Z","level":"DEBUG","tag":"service-server:WebSocketHandler","msg":"응답 전송됨 (크기: 92)"}
{"time":"2026-06-02T01:11:30.822Z","level":"DEBUG","tag":"service-server:WebSocketHandler","msg":"요청 수신됨 [object Object]"}
{"time":"2026-06-02T01:11:30.822Z","level":"DEBUG","tag":"mysql-db-conn","msg":"쿼리 실행 [object Object]"}
{"time":"2026-06-02T01:11:30.824Z","level":"DEBUG","tag":"service-server:WebSocketHandler","msg":"응답 전송됨 (크기: 670)"}
{"time":"2026-06-02T01:11:30.832Z","level":"DEBUG","tag":"service-server:WebSocketHandler","msg":"요청 수신됨 [object Object]"}
{"time":"2026-06-02T01:11:30.832Z","level":"DEBUG","tag":"mysql-db-conn","msg":"쿼리 실행 [object Object]"}
{"time":"2026-06-02T01:11:30.834Z","level":"DEBUG","tag":"service-server:WebSocketHandler","msg":"응답 전송됨 (크기: 556)"}
{"time":"2026-06-02T01:11:30.843Z","level":"DEBUG","tag":"service-server:WebSocketHandler","msg":"요청 수신됨 [object Object]"}
{"time":"2026-06-02T01:11:30.843Z","level":"DEBUG","tag":"mysql-db-conn","msg":"쿼리 실행 [object Object]"}
{"time":"2026-06-02T01:11:42.121Z","level":"DEBUG","tag":"service-server:WebSocketHandler","msg":"응답 전송됨 (크기: 194)"}
{"time":"2026-06-02T01:11:42.122Z","level":"DEBUG","tag":"service-server:WebSocketHandler","msg":"클라이언트 연결 해제됨: (code: 1006)"}
{"time":"2026-06-02T01:11:42.129Z","level":"DEBUG","tag":"service-server:WebSocketHandler","msg":"요청 수신됨 [object Object]"}
{"time":"2026-06-02T01:11:42.129Z","level":"DEBUG","tag":"service-server:WebSocketHandler","msg":"응답 전송됨 (크기: 45)"}
{"time":"2026-06-02T01:11:42.137Z","level":"DEBUG","tag":"service-server:WebSocketHandler","msg":"요청 수신됨 [object Object]"}
{"time":"2026-06-02T01:11:42.137Z","level":"DEBUG","tag":"service-server:WebSocketHandler","msg":"응답 전송됨 (크기: 40)"}
{"time":"2026-06-02T01:11:42.159Z","level":"DEBUG","tag":"service-server:WebSocketHandler","msg":"클라이언트 연결됨 [object Object]"}
{"time":"2026-06-02T01:11:42.169Z","level":"DEBUG","tag":"service-server:WebSocketHandler","msg":"요청 수신됨 [object Object]"}
{"time":"2026-06-02T01:11:42.170Z","level":"DEBUG","tag":"service-server:WebSocketHandler","msg":"응답 전송됨 (크기: 40)"}
{"time":"2026-06-02T01:11:45.908Z","level":"DEBUG","tag":"service-server:WebSocketHandler","msg":"클라이언트 연결됨 [object Object]"}
{"time":"2026-06-02T01:11:45.915Z","level":"DEBUG","tag":"service-server:WebSocketHandler","msg":"요청 수신됨 [object Object]"}
{"time":"2026-06-02T01:11:45.917Z","level":"DEBUG","tag":"service-server:WebSocketHandler","msg":"응답 전송됨 (크기: 40)"}
{"time":"2026-06-02T01:11:49.573Z","level":"DEBUG","tag":"service-server:WebSocketHandler","msg":"클라이언트 연결 해제됨: (code: 1005)"}
{"time":"2026-06-02T01:11:53.047Z","level":"DEBUG","tag":"service-server:WebSocketHandler","msg":"클라이언트 연결됨 [object Object]"}
{"time":"2026-06-02T01:11:53.061Z","level":"DEBUG","tag":"service-server:WebSocketHandler","msg":"요청 수신됨 [object Object]"}
{"time":"2026-06-02T01:11:53.062Z","level":"DEBUG","tag":"service-server:WebSocketHandler","msg":"응답 전송됨 (크기: 40)"}
{"time":"2026-06-02T01:12:03.027Z","level":"DEBUG","tag":"service-server:WebSocketHandler","msg":"클라이언트 연결됨 [object Object]"}
{"time":"2026-06-02T01:12:03.032Z","level":"DEBUG","tag":"service-server:WebSocketHandler","msg":"요청 수신됨 [object Object]"}
{"time":"2026-06-02T01:12:03.034Z","level":"DEBUG","tag":"service-server:WebSocketHandler","msg":"응답 전송됨 (크기: 40)"}
{"time":"2026-06-02T01:12:03.037Z","level":"DEBUG","tag":"service-server:WebSocketHandler","msg":"요청 수신됨 [object Object]"}
{"time":"2026-06-02T01:12:03.038Z","level":"DEBUG","tag":"service-server:WebSocketHandler","msg":"응답 전송됨 (크기: 40)"}
{"time":"2026-06-02T01:12:49.581Z","level":"DEBUG","tag":"service-server:WebSocketHandler","msg":"클라이언트 연결됨 [object Object]"}
{"time":"2026-06-02T01:12:49.645Z","level":"DEBUG","tag":"service-server:WebSocketHandler","msg":"요청 수신됨 [object Object]"}
{"time":"2026-06-02T01:12:49.646Z","level":"DEBUG","tag":"service-server:WebSocketHandler","msg":"응답 전송됨 (크기: 40)"}
{"time":"2026-06-02T01:13:15.905Z","level":"DEBUG","tag":"service-server:WebSocketHandler","msg":"클라이언트 연결 해제됨: (code: 1005)"}
{"time":"2026-06-02T01:13:42.151Z","level":"DEBUG","tag":"service-server:WebSocketHandler","msg":"클라이언트 연결 해제됨: (code: 1005)"}
{"time":"2026-06-02T01:14:03.028Z","level":"DEBUG","tag":"service-server:WebSocketHandler","msg":"클라이언트 연결 해제됨: (code: 1005)"}
{"time":"2026-06-02T01:14:18.607Z","level":"DEBUG","tag":"service-server:WebSocketHandler","msg":"클라이언트 연결됨 [object Object]"}
{"time":"2026-06-02T01:14:18.615Z","level":"DEBUG","tag":"service-server:WebSocketHandler","msg":"클라이언트 연결 해제됨: (code: 1005)"}
{"time":"2026-06-02T01:14:19.626Z","level":"DEBUG","tag":"service-server:WebSocketHandler","msg":"요청 수신됨 [object Object]"}
{"time":"2026-06-02T01:14:19.627Z","level":"DEBUG","tag":"service-server:WebSocketHandler","msg":"응답 전송됨 (크기: 40)"}
{"time":"2026-06-02T01:14:20.512Z","level":"DEBUG","tag":"service-server:WebSocketHandler","msg":"클라이언트 연결 해제됨: (code: 1005)"}
{"time":"2026-06-02T01:14:20.512Z","level":"DEBUG","tag":"service-server:OrmService","msg":"소켓 종료 감지: 열린 모든 DB 연결을 정리합니다."}
{"time":"2026-06-02T01:14:42.165Z","level":"DEBUG","tag":"service-server:WebSocketHandler","msg":"클라이언트 연결됨 [object Object]"}
{"time":"2026-06-02T01:14:42.173Z","level":"DEBUG","tag":"service-server:WebSocketHandler","msg":"요청 수신됨 [object Object]"}
{"time":"2026-06-02T01:14:42.174Z","level":"DEBUG","tag":"service-server:WebSocketHandler","msg":"응답 전송됨 (크기: 40)"}
{"time":"2026-06-02T01:14:49.545Z","level":"DEBUG","tag":"service-server:WebSocketHandler","msg":"클라이언트 연결 해제됨: (code: 1005)"}
{"time":"2026-06-02T01:15:03.037Z","level":"DEBUG","tag":"service-server:WebSocketHandler","msg":"클라이언트 연결됨 [object Object]"}
{"time":"2026-06-02T01:15:03.042Z","level":"DEBUG","tag":"service-server:WebSocketHandler","msg":"요청 수신됨 [object Object]"}
{"time":"2026-06-02T01:15:03.044Z","level":"DEBUG","tag":"service-server:WebSocketHandler","msg":"응답 전송됨 (크기: 40)"}
{"time":"2026-06-02T01:15:03.048Z","level":"DEBUG","tag":"service-server:WebSocketHandler","msg":"요청 수신됨 [object Object]"}
{"time":"2026-06-02T01:15:03.048Z","level":"DEBUG","tag":"service-server:WebSocketHandler","msg":"응답 전송됨 (크기: 40)"}
{"time":"2026-06-02T01:15:16.092Z","level":"DEBUG","tag":"service-server:WebSocketHandler","msg":"클라이언트 연결됨 [object Object]"}
{"time":"2026-06-02T01:15:16.130Z","level":"DEBUG","tag":"service-server:WebSocketHandler","msg":"요청 수신됨 [object Object]"}
{"time":"2026-06-02T01:15:16.132Z","level":"DEBUG","tag":"service-server:WebSocketHandler","msg":"응답 전송됨 (크기: 40)"}
{"time":"2026-06-02T01:15:16.172Z","level":"DEBUG","tag":"service-server:WebSocketHandler","msg":"클라이언트 연결됨 [object Object]"}
{"time":"2026-06-02T01:15:16.217Z","level":"DEBUG","tag":"service-server:WebSocketHandler","msg":"요청 수신됨 [object Object]"}
{"time":"2026-06-02T01:15:16.218Z","level":"DEBUG","tag":"service-server:WebSocketHandler","msg":"응답 전송됨 (크기: 40)"}
{"time":"2026-06-02T01:15:25.183Z","level":"DEBUG","tag":"service-server:WebSocketHandler","msg":"요청 수신됨 [object Object]"}
{"time":"2026-06-02T01:15:25.191Z","level":"DEBUG","tag":"mysql-db-conn","msg":"쿼리 실행 [object Object]"}
{"time":"2026-06-02T01:15:25.221Z","level":"DEBUG","tag":"service-server:WebSocketHandler","msg":"응답 전송됨 (크기: 6410)"}
{"time":"2026-06-02T01:15:25.407Z","level":"DEBUG","tag":"service-server:WebSocketHandler","msg":"요청 수신됨 [object Object]"}
{"time":"2026-06-02T01:15:25.408Z","level":"DEBUG","tag":"service-server:WebSocketHandler","msg":"응답 전송됨 (크기: 40)"}
{"time":"2026-06-02T01:15:25.417Z","level":"DEBUG","tag":"service-server:WebSocketHandler","msg":"요청 수신됨 [object Object]"}
{"time":"2026-06-02T01:15:25.417Z","level":"DEBUG","tag":"service-server:WebSocketHandler","msg":"응답 전송됨 (크기: 40)"}
{"time":"2026-06-02T01:15:25.425Z","level":"DEBUG","tag":"service-server:WebSocketHandler","msg":"요청 수신됨 [object Object]"}
{"time":"2026-06-02T01:15:25.425Z","level":"DEBUG","tag":"service-server:WebSocketHandler","msg":"응답 전송됨 (크기: 40)"}
{"time":"2026-06-02T01:15:25.464Z","level":"DEBUG","tag":"service-server:WebSocketHandler","msg":"요청 수신됨 [object Object]"}
{"time":"2026-06-02T01:15:25.470Z","level":"DEBUG","tag":"mysql-db-conn","msg":"쿼리 실행 [object Object]"}
{"time":"2026-06-02T01:15:25.523Z","level":"DEBUG","tag":"service-server:WebSocketHandler","msg":"응답 전송됨 (크기: 6410)"}
{"time":"2026-06-02T01:15:25.543Z","level":"DEBUG","tag":"service-server:WebSocketHandler","msg":"요청 수신됨 [object Object]"}
{"time":"2026-06-02T01:15:25.544Z","level":"DEBUG","tag":"service-server:WebSocketHandler","msg":"응답 전송됨 (크기: 40)"}
{"time":"2026-06-02T01:15:25.553Z","level":"DEBUG","tag":"service-server:WebSocketHandler","msg":"요청 수신됨 [object Object]"}
{"time":"2026-06-02T01:15:25.553Z","level":"DEBUG","tag":"service-server:WebSocketHandler","msg":"응답 전송됨 (크기: 40)"}
{"time":"2026-06-02T01:15:25.561Z","level":"DEBUG","tag":"service-server:WebSocketHandler","msg":"요청 수신됨 [object Object]"}
{"time":"2026-06-02T01:15:25.561Z","level":"DEBUG","tag":"service-server:WebSocketHandler","msg":"응답 전송됨 (크기: 40)"}
{"time":"2026-06-02T01:15:25.575Z","level":"DEBUG","tag":"service-server:WebSocketHandler","msg":"요청 수신됨 [object Object]"}
{"time":"2026-06-02T01:15:25.576Z","level":"DEBUG","tag":"service-server:WebSocketHandler","msg":"응답 전송됨 (크기: 79)"}
{"time":"2026-06-02T01:15:25.586Z","level":"DEBUG","tag":"service-server:WebSocketHandler","msg":"요청 수신됨 [object Object]"}
{"time":"2026-06-02T01:15:25.591Z","level":"DEBUG","tag":"service-server:WebSocketHandler","msg":"응답 전송됨 (크기: 42)"}
{"time":"2026-06-02T01:15:25.614Z","level":"DEBUG","tag":"service-server:WebSocketHandler","msg":"요청 수신됨 [object Object]"}
{"time":"2026-06-02T01:15:25.614Z","level":"DEBUG","tag":"mysql-db-conn","msg":"쿼리 실행 [object Object]"}
{"time":"2026-06-02T01:15:25.617Z","level":"DEBUG","tag":"service-server:WebSocketHandler","msg":"응답 전송됨 (크기: 68)"}
{"time":"2026-06-02T01:15:25.627Z","level":"DEBUG","tag":"service-server:WebSocketHandler","msg":"요청 수신됨 [object Object]"}
{"time":"2026-06-02T01:15:25.627Z","level":"DEBUG","tag":"mysql-db-conn","msg":"쿼리 실행 [object Object]"}
{"time":"2026-06-02T01:15:25.628Z","level":"DEBUG","tag":"service-server:WebSocketHandler","msg":"응답 전송됨 (크기: 92)"}
{"time":"2026-06-02T01:15:25.655Z","level":"DEBUG","tag":"service-server:WebSocketHandler","msg":"요청 수신됨 [object Object]"}
{"time":"2026-06-02T01:15:25.655Z","level":"DEBUG","tag":"mysql-db-conn","msg":"쿼리 실행 [object Object]"}
{"time":"2026-06-02T01:15:25.658Z","level":"DEBUG","tag":"service-server:WebSocketHandler","msg":"응답 전송됨 (크기: 670)"}
{"time":"2026-06-02T01:15:25.694Z","level":"DEBUG","tag":"service-server:WebSocketHandler","msg":"요청 수신됨 [object Object]"}
{"time":"2026-06-02T01:15:25.694Z","level":"DEBUG","tag":"mysql-db-conn","msg":"쿼리 실행 [object Object]"}
{"time":"2026-06-02T01:15:25.697Z","level":"DEBUG","tag":"service-server:WebSocketHandler","msg":"응답 전송됨 (크기: 556)"}
{"time":"2026-06-02T01:15:25.732Z","level":"DEBUG","tag":"service-server:WebSocketHandler","msg":"요청 수신됨 [object Object]"}
{"time":"2026-06-02T01:15:25.732Z","level":"DEBUG","tag":"mysql-db-conn","msg":"쿼리 실행 [object Object]"}
{"time":"2026-06-02T01:15:36.377Z","level":"DEBUG","tag":"service-server:WebSocketHandler","msg":"응답 전송됨 (크기: 194)"}
{"time":"2026-06-02T01:15:36.400Z","level":"DEBUG","tag":"service-server:WebSocketHandler","msg":"요청 수신됨 [object Object]"}
{"time":"2026-06-02T01:15:36.400Z","level":"DEBUG","tag":"service-server:WebSocketHandler","msg":"응답 전송됨 (크기: 45)"}
{"time":"2026-06-02T01:15:36.416Z","level":"DEBUG","tag":"service-server:WebSocketHandler","msg":"요청 수신됨 [object Object]"}
{"time":"2026-06-02T01:15:36.416Z","level":"DEBUG","tag":"service-server:WebSocketHandler","msg":"응답 전송됨 (크기: 40)"}
{"time":"2026-06-02T01:15:49.597Z","level":"DEBUG","tag":"service-server:WebSocketHandler","msg":"클라이언트 연결됨 [object Object]"}
{"time":"2026-06-02T01:15:49.617Z","level":"DEBUG","tag":"service-server:WebSocketHandler","msg":"요청 수신됨 [object Object]"}
{"time":"2026-06-02T01:15:49.618Z","level":"DEBUG","tag":"service-server:WebSocketHandler","msg":"응답 전송됨 (크기: 40)"}
{"time":"2026-06-02T01:16:15.895Z","level":"DEBUG","tag":"service-server:WebSocketHandler","msg":"클라이언트 연결 해제됨: (code: 1005)"}
{"time":"2026-06-02T01:16:42.154Z","level":"DEBUG","tag":"service-server:WebSocketHandler","msg":"클라이언트 연결 해제됨: (code: 1005)"}
{"time":"2026-06-02T01:17:03.032Z","level":"DEBUG","tag":"service-server:WebSocketHandler","msg":"클라이언트 연결 해제됨: (code: 1005)"}
{"time":"2026-06-02T01:17:15.909Z","level":"DEBUG","tag":"service-server:WebSocketHandler","msg":"클라이언트 연결됨 [object Object]"}
{"time":"2026-06-02T01:17:15.918Z","level":"DEBUG","tag":"service-server:WebSocketHandler","msg":"요청 수신됨 [object Object]"}
{"time":"2026-06-02T01:17:15.920Z","level":"DEBUG","tag":"service-server:WebSocketHandler","msg":"응답 전송됨 (크기: 40)"}
{"time":"2026-06-02T01:17:16.040Z","level":"DEBUG","tag":"service-server:WebSocketHandler","msg":"클라이언트 연결 해제됨: (code: 1005)"}
{"time":"2026-06-02T01:17:16.041Z","level":"DEBUG","tag":"service-server:WebSocketHandler","msg":"클라이언트 연결 해제됨: (code: 1005)"}
{"time":"2026-06-02T01:17:42.153Z","level":"DEBUG","tag":"service-server:WebSocketHandler","msg":"클라이언트 연결됨 [object Object]"}
{"time":"2026-06-02T01:17:42.166Z","level":"DEBUG","tag":"service-server:WebSocketHandler","msg":"요청 수신됨 [object Object]"}
{"time":"2026-06-02T01:17:42.167Z","level":"DEBUG","tag":"service-server:WebSocketHandler","msg":"응답 전송됨 (크기: 40)"}
{"time":"2026-06-02T01:17:49.562Z","level":"DEBUG","tag":"service-server:WebSocketHandler","msg":"클라이언트 연결 해제됨: (code: 1005)"}
{"time":"2026-06-02T01:18:03.043Z","level":"DEBUG","tag":"service-server:WebSocketHandler","msg":"클라이언트 연결됨 [object Object]"}
{"time":"2026-06-02T01:18:03.048Z","level":"DEBUG","tag":"service-server:WebSocketHandler","msg":"요청 수신됨 [object Object]"}
{"time":"2026-06-02T01:18:03.050Z","level":"DEBUG","tag":"service-server:WebSocketHandler","msg":"응답 전송됨 (크기: 123)"}
{"time":"2026-06-02T01:18:16.115Z","level":"DEBUG","tag":"service-server:WebSocketHandler","msg":"클라이언트 연결됨 [object Object]"}
{"time":"2026-06-02T01:18:16.450Z","level":"DEBUG","tag":"service-server:WebSocketHandler","msg":"요청 수신됨 [object Object]"}
{"time":"2026-06-02T01:18:16.451Z","level":"DEBUG","tag":"service-server:WebSocketHandler","msg":"응답 전송됨 (크기: 40)"}
{"time":"2026-06-02T01:18:16.478Z","level":"DEBUG","tag":"service-server:WebSocketHandler","msg":"클라이언트 연결됨 [object Object]"}
{"time":"2026-06-02T01:18:16.493Z","level":"DEBUG","tag":"service-server:WebSocketHandler","msg":"요청 수신됨 [object Object]"}
{"time":"2026-06-02T01:18:16.494Z","level":"DEBUG","tag":"service-server:WebSocketHandler","msg":"응답 전송됨 (크기: 40)"}
{"time":"2026-06-02T01:18:50.050Z","level":"DEBUG","tag":"service-server:WebSocketHandler","msg":"클라이언트 연결됨 [object Object]"}
{"time":"2026-06-02T01:18:50.490Z","level":"DEBUG","tag":"service-server:WebSocketHandler","msg":"요청 수신됨 [object Object]"}
{"time":"2026-06-02T01:18:50.492Z","level":"DEBUG","tag":"service-server:WebSocketHandler","msg":"응답 전송됨 (크기: 40)"}
{"time":"2026-06-02T01:19:15.883Z","level":"DEBUG","tag":"service-server:WebSocketHandler","msg":"클라이언트 연결 해제됨: (code: 1005)"}
{"time":"2026-06-02T01:19:42.154Z","level":"DEBUG","tag":"service-server:WebSocketHandler","msg":"클라이언트 연결 해제됨: (code: 1005)"}
{"time":"2026-06-02T01:20:03.251Z","level":"DEBUG","tag":"service-server:WebSocketHandler","msg":"클라이언트 연결 해제됨: (code: 1005)"}
{"time":"2026-06-02T01:20:15.937Z","level":"DEBUG","tag":"service-server:WebSocketHandler","msg":"클라이언트 연결됨 [object Object]"}
{"time":"2026-06-02T01:20:15.953Z","level":"DEBUG","tag":"service-server:WebSocketHandler","msg":"요청 수신됨 [object Object]"}
{"time":"2026-06-02T01:20:15.954Z","level":"DEBUG","tag":"service-server:WebSocketHandler","msg":"응답 전송됨 (크기: 40)"}
{"time":"2026-06-02T01:20:16.039Z","level":"DEBUG","tag":"service-server:WebSocketHandler","msg":"클라이언트 연결 해제됨: (code: 1005)"}
{"time":"2026-06-02T01:20:16.133Z","level":"DEBUG","tag":"service-server:WebSocketHandler","msg":"클라이언트 연결 해제됨: (code: 1005)"}
{"time":"2026-06-02T01:20:42.175Z","level":"DEBUG","tag":"service-server:WebSocketHandler","msg":"클라이언트 연결됨 [object Object]"}
{"time":"2026-06-02T01:20:42.186Z","level":"DEBUG","tag":"service-server:WebSocketHandler","msg":"요청 수신됨 [object Object]"}
{"time":"2026-06-02T01:20:42.188Z","level":"DEBUG","tag":"service-server:WebSocketHandler","msg":"응답 전송됨 (크기: 40)"}
{"time":"2026-06-02T01:20:49.559Z","level":"DEBUG","tag":"service-server:WebSocketHandler","msg":"클라이언트 연결 해제됨: (code: 1005)"}
{"time":"2026-06-02T01:21:03.040Z","level":"DEBUG","tag":"service-server:WebSocketHandler","msg":"클라이언트 연결됨 [object Object]"}
{"time":"2026-06-02T01:21:03.045Z","level":"DEBUG","tag":"service-server:WebSocketHandler","msg":"요청 수신됨 [object Object]"}
{"time":"2026-06-02T01:21:03.047Z","level":"DEBUG","tag":"service-server:WebSocketHandler","msg":"응답 전송됨 (크기: 123)"}
{"time":"2026-06-02T01:21:16.044Z","level":"DEBUG","tag":"service-server:WebSocketHandler","msg":"클라이언트 연결됨 [object Object]"}
{"time":"2026-06-02T01:21:16.052Z","level":"DEBUG","tag":"service-server:WebSocketHandler","msg":"요청 수신됨 [object Object]"}
{"time":"2026-06-02T01:21:16.053Z","level":"DEBUG","tag":"service-server:WebSocketHandler","msg":"응답 전송됨 (크기: 40)"}
{"time":"2026-06-02T01:21:16.079Z","level":"DEBUG","tag":"service-server:WebSocketHandler","msg":"클라이언트 연결됨 [object Object]"}
{"time":"2026-06-02T01:21:16.089Z","level":"DEBUG","tag":"service-server:WebSocketHandler","msg":"요청 수신됨 [object Object]"}
{"time":"2026-06-02T01:21:16.090Z","level":"DEBUG","tag":"service-server:WebSocketHandler","msg":"응답 전송됨 (크기: 40)"}
{"time":"2026-06-02T01:21:49.570Z","level":"DEBUG","tag":"service-server:WebSocketHandler","msg":"클라이언트 연결됨 [object Object]"}
{"time":"2026-06-02T01:21:49.602Z","level":"DEBUG","tag":"service-server:WebSocketHandler","msg":"요청 수신됨 [object Object]"}
{"time":"2026-06-02T01:21:49.603Z","level":"DEBUG","tag":"service-server:WebSocketHandler","msg":"응답 전송됨 (크기: 40)"}
{"time":"2026-06-02T01:22:15.892Z","level":"DEBUG","tag":"service-server:WebSocketHandler","msg":"클라이언트 연결 해제됨: (code: 1005)"}
{"time":"2026-06-02T01:22:31.885Z","level":"DEBUG","tag":"service-server:WebSocketHandler","msg":"요청 수신됨 [object Object]"}
{"time":"2026-06-02T01:22:31.895Z","level":"DEBUG","tag":"mysql-db-conn","msg":"쿼리 실행 [object Object]"}
{"time":"2026-06-02T01:22:31.925Z","level":"DEBUG","tag":"service-server:WebSocketHandler","msg":"응답 전송됨 (크기: 6410)"}
{"time":"2026-06-02T01:22:31.963Z","level":"DEBUG","tag":"service-server:WebSocketHandler","msg":"요청 수신됨 [object Object]"}
{"time":"2026-06-02T01:22:31.964Z","level":"DEBUG","tag":"service-server:WebSocketHandler","msg":"응답 전송됨 (크기: 40)"}
{"time":"2026-06-02T01:22:32.001Z","level":"DEBUG","tag":"service-server:WebSocketHandler","msg":"요청 수신됨 [object Object]"}
{"time":"2026-06-02T01:22:32.001Z","level":"DEBUG","tag":"service-server:WebSocketHandler","msg":"응답 전송됨 (크기: 40)"}
{"time":"2026-06-02T01:22:32.052Z","level":"DEBUG","tag":"service-server:WebSocketHandler","msg":"요청 수신됨 [object Object]"}
{"time":"2026-06-02T01:22:32.052Z","level":"DEBUG","tag":"service-server:WebSocketHandler","msg":"응답 전송됨 (크기: 40)"}
{"time":"2026-06-02T01:22:32.101Z","level":"DEBUG","tag":"service-server:WebSocketHandler","msg":"요청 수신됨 [object Object]"}
{"time":"2026-06-02T01:22:32.108Z","level":"DEBUG","tag":"mysql-db-conn","msg":"쿼리 실행 [object Object]"}
{"time":"2026-06-02T01:22:32.138Z","level":"DEBUG","tag":"service-server:WebSocketHandler","msg":"응답 전송됨 (크기: 6410)"}
{"time":"2026-06-02T01:22:32.178Z","level":"DEBUG","tag":"service-server:WebSocketHandler","msg":"요청 수신됨 [object Object]"}
{"time":"2026-06-02T01:22:32.178Z","level":"DEBUG","tag":"service-server:WebSocketHandler","msg":"응답 전송됨 (크기: 40)"}
{"time":"2026-06-02T01:22:32.210Z","level":"DEBUG","tag":"service-server:WebSocketHandler","msg":"요청 수신됨 [object Object]"}
{"time":"2026-06-02T01:22:32.210Z","level":"DEBUG","tag":"service-server:WebSocketHandler","msg":"응답 전송됨 (크기: 40)"}
{"time":"2026-06-02T01:22:32.251Z","level":"DEBUG","tag":"service-server:WebSocketHandler","msg":"요청 수신됨 [object Object]"}
{"time":"2026-06-02T01:22:32.251Z","level":"DEBUG","tag":"service-server:WebSocketHandler","msg":"응답 전송됨 (크기: 40)"}
{"time":"2026-06-02T01:22:32.297Z","level":"DEBUG","tag":"service-server:WebSocketHandler","msg":"요청 수신됨 [object Object]"}
{"time":"2026-06-02T01:22:32.298Z","level":"DEBUG","tag":"service-server:WebSocketHandler","msg":"응답 전송됨 (크기: 79)"}
{"time":"2026-06-02T01:22:32.328Z","level":"DEBUG","tag":"service-server:WebSocketHandler","msg":"요청 수신됨 [object Object]"}
{"time":"2026-06-02T01:22:32.332Z","level":"DEBUG","tag":"service-server:WebSocketHandler","msg":"응답 전송됨 (크기: 42)"}
{"time":"2026-06-02T01:22:32.358Z","level":"DEBUG","tag":"service-server:WebSocketHandler","msg":"요청 수신됨 [object Object]"}
{"time":"2026-06-02T01:22:32.359Z","level":"DEBUG","tag":"mysql-db-conn","msg":"쿼리 실행 [object Object]"}
{"time":"2026-06-02T01:22:32.361Z","level":"DEBUG","tag":"service-server:WebSocketHandler","msg":"응답 전송됨 (크기: 68)"}
{"time":"2026-06-02T01:22:32.389Z","level":"DEBUG","tag":"service-server:WebSocketHandler","msg":"요청 수신됨 [object Object]"}
{"time":"2026-06-02T01:22:32.389Z","level":"DEBUG","tag":"mysql-db-conn","msg":"쿼리 실행 [object Object]"}
{"time":"2026-06-02T01:22:32.391Z","level":"DEBUG","tag":"service-server:WebSocketHandler","msg":"응답 전송됨 (크기: 92)"}
{"time":"2026-06-02T01:22:32.434Z","level":"DEBUG","tag":"service-server:WebSocketHandler","msg":"요청 수신됨 [object Object]"}
{"time":"2026-06-02T01:22:32.434Z","level":"DEBUG","tag":"mysql-db-conn","msg":"쿼리 실행 [object Object]"}
{"time":"2026-06-02T01:22:32.437Z","level":"DEBUG","tag":"service-server:WebSocketHandler","msg":"응답 전송됨 (크기: 670)"}
{"time":"2026-06-02T01:22:32.479Z","level":"DEBUG","tag":"service-server:WebSocketHandler","msg":"요청 수신됨 [object Object]"}
{"time":"2026-06-02T01:22:32.479Z","level":"DEBUG","tag":"mysql-db-conn","msg":"쿼리 실행 [object Object]"}
{"time":"2026-06-02T01:22:32.482Z","level":"DEBUG","tag":"service-server:WebSocketHandler","msg":"응답 전송됨 (크기: 556)"}
{"time":"2026-06-02T01:22:32.509Z","level":"DEBUG","tag":"service-server:WebSocketHandler","msg":"요청 수신됨 [object Object]"}
{"time":"2026-06-02T01:22:32.509Z","level":"DEBUG","tag":"mysql-db-conn","msg":"쿼리 실행 [object Object]"}
{"time":"2026-06-02T01:22:43.762Z","level":"DEBUG","tag":"service-server:WebSocketHandler","msg":"응답 전송됨 (크기: 194)"}
{"time":"2026-06-02T01:22:43.769Z","level":"DEBUG","tag":"service-server:WebSocketHandler","msg":"클라이언트 연결 해제됨: (code: 1005)"}
{"time":"2026-06-02T01:22:43.802Z","level":"DEBUG","tag":"service-server:WebSocketHandler","msg":"요청 수신됨 [object Object]"}
{"time":"2026-06-02T01:22:43.802Z","level":"DEBUG","tag":"service-server:WebSocketHandler","msg":"응답 전송됨 (크기: 45)"}
{"time":"2026-06-02T01:22:43.831Z","level":"DEBUG","tag":"service-server:WebSocketHandler","msg":"요청 수신됨 [object Object]"}
{"time":"2026-06-02T01:22:43.831Z","level":"DEBUG","tag":"service-server:WebSocketHandler","msg":"응답 전송됨 (크기: 40)"}
{"time":"2026-06-02T01:23:03.040Z","level":"DEBUG","tag":"service-server:WebSocketHandler","msg":"클라이언트 연결 해제됨: (code: 1005)"}
{"time":"2026-06-02T01:23:15.940Z","level":"DEBUG","tag":"service-server:WebSocketHandler","msg":"클라이언트 연결됨 [object Object]"}
{"time":"2026-06-02T01:23:16.014Z","level":"DEBUG","tag":"service-server:WebSocketHandler","msg":"요청 수신됨 [object Object]"}
{"time":"2026-06-02T01:23:16.016Z","level":"DEBUG","tag":"service-server:WebSocketHandler","msg":"응답 전송됨 (크기: 40)"}
{"time":"2026-06-02T01:23:16.147Z","level":"DEBUG","tag":"service-server:WebSocketHandler","msg":"클라이언트 연결 해제됨: (code: 1005)"}
{"time":"2026-06-02T01:23:16.148Z","level":"DEBUG","tag":"service-server:WebSocketHandler","msg":"클라이언트 연결 해제됨: (code: 1005)"}
{"time":"2026-06-02T01:23:44.544Z","level":"DEBUG","tag":"service-server:WebSocketHandler","msg":"클라이언트 연결됨 [object Object]"}
{"time":"2026-06-02T01:23:45.392Z","level":"DEBUG","tag":"service-server:WebSocketHandler","msg":"요청 수신됨 [object Object]"}
{"time":"2026-06-02T01:23:45.394Z","level":"DEBUG","tag":"service-server:WebSocketHandler","msg":"응답 전송됨 (크기: 40)"}
{"time":"2026-06-02T01:23:49.578Z","level":"DEBUG","tag":"service-server:WebSocketHandler","msg":"클라이언트 연결 해제됨: (code: 1005)"}
{"time":"2026-06-02T01:24:03.040Z","level":"DEBUG","tag":"service-server:WebSocketHandler","msg":"클라이언트 연결됨 [object Object]"}
{"time":"2026-06-02T01:24:03.046Z","level":"DEBUG","tag":"service-server:WebSocketHandler","msg":"요청 수신됨 [object Object]"}
{"time":"2026-06-02T01:24:03.048Z","level":"DEBUG","tag":"service-server:WebSocketHandler","msg":"응답 전송됨 (크기: 123)"}
{"time":"2026-06-02T01:24:16.060Z","level":"DEBUG","tag":"service-server:WebSocketHandler","msg":"클라이언트 연결됨 [object Object]"}
{"time":"2026-06-02T01:24:16.071Z","level":"DEBUG","tag":"service-server:WebSocketHandler","msg":"요청 수신됨 [object Object]"}
{"time":"2026-06-02T01:24:16.073Z","level":"DEBUG","tag":"service-server:WebSocketHandler","msg":"응답 전송됨 (크기: 40)"}
{"time":"2026-06-02T01:24:16.100Z","level":"DEBUG","tag":"service-server:WebSocketHandler","msg":"클라이언트 연결됨 [object Object]"}
{"time":"2026-06-02T01:24:16.115Z","level":"DEBUG","tag":"service-server:WebSocketHandler","msg":"요청 수신됨 [object Object]"}
{"time":"2026-06-02T01:24:16.116Z","level":"DEBUG","tag":"service-server:WebSocketHandler","msg":"응답 전송됨 (크기: 40)"}
{"time":"2026-06-02T01:24:50.077Z","level":"DEBUG","tag":"service-server:WebSocketHandler","msg":"클라이언트 연결됨 [object Object]"}
{"time":"2026-06-02T01:24:50.485Z","level":"DEBUG","tag":"service-server:WebSocketHandler","msg":"요청 수신됨 [object Object]"}
{"time":"2026-06-02T01:24:50.486Z","level":"DEBUG","tag":"service-server:WebSocketHandler","msg":"응답 전송됨 (크기: 40)"}
{"time":"2026-06-02T01:25:15.879Z","level":"DEBUG","tag":"service-server:WebSocketHandler","msg":"클라이언트 연결 해제됨: (code: 1005)"}
{"time":"2026-06-02T01:25:42.143Z","level":"DEBUG","tag":"service-server:WebSocketHandler","msg":"클라이언트 연결 해제됨: (code: 1005)"}
{"time":"2026-06-02T01:26:03.042Z","level":"DEBUG","tag":"service-server:WebSocketHandler","msg":"클라이언트 연결 해제됨: (code: 1005)"}
{"time":"2026-06-02T01:26:15.898Z","level":"DEBUG","tag":"service-server:WebSocketHandler","msg":"클라이언트 연결됨 [object Object]"}
{"time":"2026-06-02T01:26:15.908Z","level":"DEBUG","tag":"service-server:WebSocketHandler","msg":"요청 수신됨 [object Object]"}
{"time":"2026-06-02T01:26:15.909Z","level":"DEBUG","tag":"service-server:WebSocketHandler","msg":"응답 전송됨 (크기: 40)"}
{"time":"2026-06-02T01:26:16.052Z","level":"DEBUG","tag":"service-server:WebSocketHandler","msg":"클라이언트 연결 해제됨: (code: 1005)"}
{"time":"2026-06-02T01:26:16.052Z","level":"DEBUG","tag":"service-server:WebSocketHandler","msg":"클라이언트 연결 해제됨: (code: 1005)"}
{"time":"2026-06-02T01:26:42.160Z","level":"DEBUG","tag":"service-server:WebSocketHandler","msg":"클라이언트 연결됨 [object Object]"}
{"time":"2026-06-02T01:26:42.174Z","level":"DEBUG","tag":"service-server:WebSocketHandler","msg":"요청 수신됨 [object Object]"}
{"time":"2026-06-02T01:26:42.175Z","level":"DEBUG","tag":"service-server:WebSocketHandler","msg":"응답 전송됨 (크기: 40)"}
{"time":"2026-06-02T01:26:49.543Z","level":"DEBUG","tag":"service-server:WebSocketHandler","msg":"클라이언트 연결 해제됨: (code: 1005)"}
{"time":"2026-06-02T01:27:03.058Z","level":"DEBUG","tag":"service-server:WebSocketHandler","msg":"클라이언트 연결됨 [object Object]"}
{"time":"2026-06-02T01:27:03.063Z","level":"DEBUG","tag":"service-server:WebSocketHandler","msg":"요청 수신됨 [object Object]"}
{"time":"2026-06-02T01:27:03.064Z","level":"DEBUG","tag":"service-server:WebSocketHandler","msg":"응답 전송됨 (크기: 123)"}
{"time":"2026-06-02T01:27:16.052Z","level":"DEBUG","tag":"service-server:WebSocketHandler","msg":"클라이언트 연결됨 [object Object]"}
{"time":"2026-06-02T01:27:16.061Z","level":"DEBUG","tag":"service-server:WebSocketHandler","msg":"요청 수신됨 [object Object]"}
{"time":"2026-06-02T01:27:16.063Z","level":"DEBUG","tag":"service-server:WebSocketHandler","msg":"응답 전송됨 (크기: 40)"}
{"time":"2026-06-02T01:27:16.084Z","level":"DEBUG","tag":"service-server:WebSocketHandler","msg":"클라이언트 연결됨 [object Object]"}
{"time":"2026-06-02T01:27:16.091Z","level":"DEBUG","tag":"service-server:WebSocketHandler","msg":"요청 수신됨 [object Object]"}
{"time":"2026-06-02T01:27:16.092Z","level":"DEBUG","tag":"service-server:WebSocketHandler","msg":"응답 전송됨 (크기: 40)"}
{"time":"2026-06-02T01:27:49.563Z","level":"DEBUG","tag":"service-server:WebSocketHandler","msg":"클라이언트 연결됨 [object Object]"}
{"time":"2026-06-02T01:27:49.578Z","level":"DEBUG","tag":"service-server:WebSocketHandler","msg":"요청 수신됨 [object Object]"}
{"time":"2026-06-02T01:27:49.580Z","level":"DEBUG","tag":"service-server:WebSocketHandler","msg":"응답 전송됨 (크기: 40)"}
{"time":"2026-06-02T01:28:15.877Z","level":"DEBUG","tag":"service-server:WebSocketHandler","msg":"클라이언트 연결 해제됨: (code: 1005)"}
{"time":"2026-06-02T01:28:42.148Z","level":"DEBUG","tag":"service-server:WebSocketHandler","msg":"클라이언트 연결 해제됨: (code: 1005)"}
{"time":"2026-06-02T01:29:03.048Z","level":"DEBUG","tag":"service-server:WebSocketHandler","msg":"클라이언트 연결 해제됨: (code: 1005)"}
{"time":"2026-06-02T01:29:15.894Z","level":"DEBUG","tag":"service-server:WebSocketHandler","msg":"클라이언트 연결됨 [object Object]"}
{"time":"2026-06-02T01:29:15.914Z","level":"DEBUG","tag":"service-server:WebSocketHandler","msg":"요청 수신됨 [object Object]"}
{"time":"2026-06-02T01:29:15.915Z","level":"DEBUG","tag":"service-server:WebSocketHandler","msg":"응답 전송됨 (크기: 40)"}
{"time":"2026-06-02T01:29:16.044Z","level":"DEBUG","tag":"service-server:WebSocketHandler","msg":"클라이언트 연결 해제됨: (code: 1005)"}
{"time":"2026-06-02T01:29:16.045Z","level":"DEBUG","tag":"service-server:WebSocketHandler","msg":"클라이언트 연결 해제됨: (code: 1005)"}
{"time":"2026-06-02T01:29:42.152Z","level":"DEBUG","tag":"service-server:WebSocketHandler","msg":"클라이언트 연결됨 [object Object]"}
{"time":"2026-06-02T01:29:42.161Z","level":"DEBUG","tag":"service-server:WebSocketHandler","msg":"요청 수신됨 [object Object]"}
{"time":"2026-06-02T01:29:42.162Z","level":"DEBUG","tag":"service-server:WebSocketHandler","msg":"응답 전송됨 (크기: 40)"}
{"time":"2026-06-02T01:29:49.565Z","level":"DEBUG","tag":"service-server:WebSocketHandler","msg":"클라이언트 연결 해제됨: (code: 1005)"}
{"time":"2026-06-02T01:30:03.054Z","level":"DEBUG","tag":"service-server:WebSocketHandler","msg":"클라이언트 연결됨 [object Object]"}
{"time":"2026-06-02T01:30:03.059Z","level":"DEBUG","tag":"service-server:WebSocketHandler","msg":"요청 수신됨 [object Object]"}
{"time":"2026-06-02T01:30:03.060Z","level":"DEBUG","tag":"service-server:WebSocketHandler","msg":"응답 전송됨 (크기: 123)"}
{"time":"2026-06-02T01:30:16.047Z","level":"DEBUG","tag":"service-server:WebSocketHandler","msg":"클라이언트 연결됨 [object Object]"}
{"time":"2026-06-02T01:30:16.061Z","level":"DEBUG","tag":"service-server:WebSocketHandler","msg":"요청 수신됨 [object Object]"}
{"time":"2026-06-02T01:30:16.062Z","level":"DEBUG","tag":"service-server:WebSocketHandler","msg":"응답 전송됨 (크기: 40)"}
{"time":"2026-06-02T01:30:16.085Z","level":"DEBUG","tag":"service-server:WebSocketHandler","msg":"클라이언트 연결됨 [object Object]"}
{"time":"2026-06-02T01:30:16.094Z","level":"DEBUG","tag":"service-server:WebSocketHandler","msg":"요청 수신됨 [object Object]"}
{"time":"2026-06-02T01:30:16.096Z","level":"DEBUG","tag":"service-server:WebSocketHandler","msg":"응답 전송됨 (크기: 40)"}
{"time":"2026-06-02T01:30:49.572Z","level":"DEBUG","tag":"service-server:WebSocketHandler","msg":"클라이언트 연결됨 [object Object]"}
{"time":"2026-06-02T01:30:49.587Z","level":"DEBUG","tag":"service-server:WebSocketHandler","msg":"요청 수신됨 [object Object]"}
{"time":"2026-06-02T01:30:49.589Z","level":"DEBUG","tag":"service-server:WebSocketHandler","msg":"응답 전송됨 (크기: 40)"}
{"time":"2026-06-02T01:31:15.907Z","level":"DEBUG","tag":"service-server:WebSocketHandler","msg":"클라이언트 연결 해제됨: (code: 1005)"}
{"time":"2026-06-02T01:31:42.143Z","level":"DEBUG","tag":"service-server:WebSocketHandler","msg":"클라이언트 연결 해제됨: (code: 1005)"}
{"time":"2026-06-02T01:32:03.054Z","level":"DEBUG","tag":"service-server:WebSocketHandler","msg":"클라이언트 연결 해제됨: (code: 1005)"}
{"time":"2026-06-02T01:32:15.888Z","level":"DEBUG","tag":"service-server:WebSocketHandler","msg":"클라이언트 연결됨 [object Object]"}
{"time":"2026-06-02T01:32:15.899Z","level":"DEBUG","tag":"service-server:WebSocketHandler","msg":"요청 수신됨 [object Object]"}
{"time":"2026-06-02T01:32:15.900Z","level":"DEBUG","tag":"service-server:WebSocketHandler","msg":"응답 전송됨 (크기: 40)"}
{"time":"2026-06-02T01:32:16.029Z","level":"DEBUG","tag":"service-server:WebSocketHandler","msg":"클라이언트 연결 해제됨: (code: 1005)"}
{"time":"2026-06-02T01:32:16.029Z","level":"DEBUG","tag":"service-server:WebSocketHandler","msg":"클라이언트 연결 해제됨: (code: 1005)"}
{"time":"2026-06-02T01:32:42.162Z","level":"DEBUG","tag":"service-server:WebSocketHandler","msg":"클라이언트 연결됨 [object Object]"}
{"time":"2026-06-02T01:32:42.169Z","level":"DEBUG","tag":"service-server:WebSocketHandler","msg":"요청 수신됨 [object Object]"}
{"time":"2026-06-02T01:32:42.170Z","level":"DEBUG","tag":"service-server:WebSocketHandler","msg":"응답 전송됨 (크기: 40)"}
{"time":"2026-06-02T01:32:49.553Z","level":"DEBUG","tag":"service-server:WebSocketHandler","msg":"클라이언트 연결 해제됨: (code: 1005)"}
{"time":"2026-06-02T01:33:03.057Z","level":"DEBUG","tag":"service-server:WebSocketHandler","msg":"클라이언트 연결됨 [object Object]"}
{"time":"2026-06-02T01:33:03.062Z","level":"DEBUG","tag":"service-server:WebSocketHandler","msg":"요청 수신됨 [object Object]"}
{"time":"2026-06-02T01:33:03.064Z","level":"DEBUG","tag":"service-server:WebSocketHandler","msg":"응답 전송됨 (크기: 123)"}
{"time":"2026-06-02T01:33:16.082Z","level":"DEBUG","tag":"service-server:WebSocketHandler","msg":"클라이언트 연결됨 [object Object]"}
{"time":"2026-06-02T01:33:16.166Z","level":"DEBUG","tag":"service-server:WebSocketHandler","msg":"요청 수신됨 [object Object]"}
{"time":"2026-06-02T01:33:16.168Z","level":"DEBUG","tag":"service-server:WebSocketHandler","msg":"응답 전송됨 (크기: 40)"}
{"time":"2026-06-02T01:33:16.213Z","level":"DEBUG","tag":"service-server:WebSocketHandler","msg":"클라이언트 연결됨 [object Object]"}
{"time":"2026-06-02T01:33:16.280Z","level":"DEBUG","tag":"service-server:WebSocketHandler","msg":"요청 수신됨 [object Object]"}
{"time":"2026-06-02T01:33:16.281Z","level":"DEBUG","tag":"service-server:WebSocketHandler","msg":"응답 전송됨 (크기: 40)"}
{"time":"2026-06-02T01:33:45.598Z","level":"DEBUG","tag":"service-server:WebSocketHandler","msg":"요청 수신됨 [object Object]"}
{"time":"2026-06-02T01:33:45.609Z","level":"DEBUG","tag":"mysql-db-conn","msg":"쿼리 실행 [object Object]"}
{"time":"2026-06-02T01:33:45.639Z","level":"DEBUG","tag":"service-server:WebSocketHandler","msg":"응답 전송됨 (크기: 6410)"}
{"time":"2026-06-02T01:33:45.665Z","level":"DEBUG","tag":"service-server:WebSocketHandler","msg":"요청 수신됨 [object Object]"}
{"time":"2026-06-02T01:33:45.665Z","level":"DEBUG","tag":"service-server:WebSocketHandler","msg":"응답 전송됨 (크기: 40)"}
{"time":"2026-06-02T01:33:45.691Z","level":"DEBUG","tag":"service-server:WebSocketHandler","msg":"요청 수신됨 [object Object]"}
{"time":"2026-06-02T01:33:45.691Z","level":"DEBUG","tag":"service-server:WebSocketHandler","msg":"응답 전송됨 (크기: 40)"}
{"time":"2026-06-02T01:33:45.710Z","level":"DEBUG","tag":"service-server:WebSocketHandler","msg":"요청 수신됨 [object Object]"}
{"time":"2026-06-02T01:33:45.710Z","level":"DEBUG","tag":"service-server:WebSocketHandler","msg":"응답 전송됨 (크기: 40)"}
{"time":"2026-06-02T01:33:45.722Z","level":"DEBUG","tag":"service-server:WebSocketHandler","msg":"요청 수신됨 [object Object]"}
{"time":"2026-06-02T01:33:45.730Z","level":"DEBUG","tag":"mysql-db-conn","msg":"쿼리 실행 [object Object]"}
{"time":"2026-06-02T01:33:45.781Z","level":"DEBUG","tag":"service-server:WebSocketHandler","msg":"응답 전송됨 (크기: 6410)"}
{"time":"2026-06-02T01:33:45.791Z","level":"DEBUG","tag":"service-server:WebSocketHandler","msg":"요청 수신됨 [object Object]"}
{"time":"2026-06-02T01:33:45.791Z","level":"DEBUG","tag":"service-server:WebSocketHandler","msg":"응답 전송됨 (크기: 40)"}
{"time":"2026-06-02T01:33:45.799Z","level":"DEBUG","tag":"service-server:WebSocketHandler","msg":"요청 수신됨 [object Object]"}
{"time":"2026-06-02T01:33:45.799Z","level":"DEBUG","tag":"service-server:WebSocketHandler","msg":"응답 전송됨 (크기: 40)"}
{"time":"2026-06-02T01:33:45.809Z","level":"DEBUG","tag":"service-server:WebSocketHandler","msg":"요청 수신됨 [object Object]"}
{"time":"2026-06-02T01:33:45.809Z","level":"DEBUG","tag":"service-server:WebSocketHandler","msg":"응답 전송됨 (크기: 40)"}
{"time":"2026-06-02T01:33:45.829Z","level":"DEBUG","tag":"service-server:WebSocketHandler","msg":"요청 수신됨 [object Object]"}
{"time":"2026-06-02T01:33:45.830Z","level":"DEBUG","tag":"service-server:WebSocketHandler","msg":"응답 전송됨 (크기: 79)"}
{"time":"2026-06-02T01:33:45.862Z","level":"DEBUG","tag":"service-server:WebSocketHandler","msg":"요청 수신됨 [object Object]"}
{"time":"2026-06-02T01:33:45.867Z","level":"DEBUG","tag":"service-server:WebSocketHandler","msg":"응답 전송됨 (크기: 42)"}
{"time":"2026-06-02T01:33:45.880Z","level":"DEBUG","tag":"service-server:WebSocketHandler","msg":"요청 수신됨 [object Object]"}
{"time":"2026-06-02T01:33:45.881Z","level":"DEBUG","tag":"mysql-db-conn","msg":"쿼리 실행 [object Object]"}
{"time":"2026-06-02T01:33:45.883Z","level":"DEBUG","tag":"service-server:WebSocketHandler","msg":"응답 전송됨 (크기: 68)"}
{"time":"2026-06-02T01:33:45.893Z","level":"DEBUG","tag":"service-server:WebSocketHandler","msg":"요청 수신됨 [object Object]"}
{"time":"2026-06-02T01:33:45.893Z","level":"DEBUG","tag":"mysql-db-conn","msg":"쿼리 실행 [object Object]"}
{"time":"2026-06-02T01:33:45.894Z","level":"DEBUG","tag":"service-server:WebSocketHandler","msg":"응답 전송됨 (크기: 92)"}
{"time":"2026-06-02T01:33:45.903Z","level":"DEBUG","tag":"service-server:WebSocketHandler","msg":"요청 수신됨 [object Object]"}
{"time":"2026-06-02T01:33:45.903Z","level":"DEBUG","tag":"mysql-db-conn","msg":"쿼리 실행 [object Object]"}
{"time":"2026-06-02T01:33:45.906Z","level":"DEBUG","tag":"service-server:WebSocketHandler","msg":"응답 전송됨 (크기: 670)"}
{"time":"2026-06-02T01:33:45.915Z","level":"DEBUG","tag":"service-server:WebSocketHandler","msg":"요청 수신됨 [object Object]"}
{"time":"2026-06-02T01:33:45.918Z","level":"DEBUG","tag":"service-server:WebSocketHandler","msg":"응답 전송됨 (크기: 556)"}
{"time":"2026-06-02T01:33:45.927Z","level":"DEBUG","tag":"service-server:WebSocketHandler","msg":"요청 수신됨 [object Object]"}
{"time":"2026-06-02T01:33:45.903Z","level":"DEBUG","tag":"mysql-db-conn","msg":"쿼리 실행 [object Object]"}
{"time":"2026-06-02T01:33:45.928Z","level":"DEBUG","tag":"mysql-db-conn","msg":"쿼리 실행 [object Object]"}
{"time":"2026-06-02T01:33:56.306Z","level":"DEBUG","tag":"service-server:WebSocketHandler","msg":"응답 전송됨 (크기: 194)"}
{"time":"2026-06-02T01:33:56.308Z","level":"DEBUG","tag":"service-server:WebSocketHandler","msg":"클라이언트 연결됨 [object Object]"}
{"time":"2026-06-02T01:33:56.318Z","level":"DEBUG","tag":"service-server:WebSocketHandler","msg":"요청 수신됨 [object Object]"}
{"time":"2026-06-02T01:33:56.318Z","level":"DEBUG","tag":"service-server:WebSocketHandler","msg":"응답 전송됨 (크기: 45)"}
{"time":"2026-06-02T01:33:56.353Z","level":"DEBUG","tag":"service-server:WebSocketHandler","msg":"요청 수신됨 [object Object]"}
{"time":"2026-06-02T01:33:56.353Z","level":"DEBUG","tag":"service-server:WebSocketHandler","msg":"응답 전송됨 (크기: 40)"}
{"time":"2026-06-02T01:33:56.415Z","level":"DEBUG","tag":"service-server:WebSocketHandler","msg":"요청 수신됨 [object Object]"}
{"time":"2026-06-02T01:33:56.416Z","level":"DEBUG","tag":"service-server:WebSocketHandler","msg":"응답 전송됨 (크기: 40)"}
{"time":"2026-06-02T01:34:15.873Z","level":"DEBUG","tag":"service-server:WebSocketHandler","msg":"클라이언트 연결 해제됨: (code: 1005)"}
{"time":"2026-06-02T01:34:42.152Z","level":"DEBUG","tag":"service-server:WebSocketHandler","msg":"클라이언트 연결 해제됨: (code: 1005)"}
{"time":"2026-06-02T01:35:03.059Z","level":"DEBUG","tag":"service-server:WebSocketHandler","msg":"클라이언트 연결 해제됨: (code: 1005)"}
{"time":"2026-06-02T01:35:15.897Z","level":"DEBUG","tag":"service-server:WebSocketHandler","msg":"클라이언트 연결됨 [object Object]"}
{"time":"2026-06-02T01:35:15.919Z","level":"DEBUG","tag":"service-server:WebSocketHandler","msg":"요청 수신됨 [object Object]"}
{"time":"2026-06-02T01:35:15.920Z","level":"DEBUG","tag":"service-server:WebSocketHandler","msg":"응답 전송됨 (크기: 40)"}
{"time":"2026-06-02T01:35:16.028Z","level":"DEBUG","tag":"service-server:WebSocketHandler","msg":"클라이언트 연결 해제됨: (code: 1005)"}
{"time":"2026-06-02T01:35:16.028Z","level":"DEBUG","tag":"service-server:WebSocketHandler","msg":"클라이언트 연결 해제됨: (code: 1005)"}
{"time":"2026-06-02T01:35:42.157Z","level":"DEBUG","tag":"service-server:WebSocketHandler","msg":"클라이언트 연결됨 [object Object]"}
{"time":"2026-06-02T01:35:42.167Z","level":"DEBUG","tag":"service-server:WebSocketHandler","msg":"요청 수신됨 [object Object]"}
{"time":"2026-06-02T01:35:42.168Z","level":"DEBUG","tag":"service-server:WebSocketHandler","msg":"응답 전송됨 (크기: 40)"}
{"time":"2026-06-02T01:35:49.569Z","level":"DEBUG","tag":"service-server:WebSocketHandler","msg":"클라이언트 연결 해제됨: (code: 1005)"}
{"time":"2026-06-02T01:36:03.073Z","level":"DEBUG","tag":"service-server:WebSocketHandler","msg":"클라이언트 연결됨 [object Object]"}
{"time":"2026-06-02T01:36:03.078Z","level":"DEBUG","tag":"service-server:WebSocketHandler","msg":"요청 수신됨 [object Object]"}
{"time":"2026-06-02T01:36:03.081Z","level":"DEBUG","tag":"service-server:WebSocketHandler","msg":"응답 전송됨 (크기: 123)"}
{"time":"2026-06-02T01:36:16.111Z","level":"DEBUG","tag":"service-server:WebSocketHandler","msg":"클라이언트 연결됨 [object Object]"}
{"time":"2026-06-02T01:36:16.190Z","level":"DEBUG","tag":"service-server:WebSocketHandler","msg":"요청 수신됨 [object Object]"}
{"time":"2026-06-02T01:36:16.191Z","level":"DEBUG","tag":"service-server:WebSocketHandler","msg":"응답 전송됨 (크기: 40)"}
{"time":"2026-06-02T01:36:16.243Z","level":"DEBUG","tag":"service-server:WebSocketHandler","msg":"클라이언트 연결됨 [object Object]"}
{"time":"2026-06-02T01:36:16.288Z","level":"DEBUG","tag":"service-server:WebSocketHandler","msg":"요청 수신됨 [object Object]"}
{"time":"2026-06-02T01:36:16.289Z","level":"DEBUG","tag":"service-server:WebSocketHandler","msg":"응답 전송됨 (크기: 40)"}
{"time":"2026-06-02T01:36:49.576Z","level":"DEBUG","tag":"service-server:WebSocketHandler","msg":"클라이언트 연결됨 [object Object]"}
{"time":"2026-06-02T01:36:49.596Z","level":"DEBUG","tag":"service-server:WebSocketHandler","msg":"요청 수신됨 [object Object]"}
{"time":"2026-06-02T01:36:49.597Z","level":"DEBUG","tag":"service-server:WebSocketHandler","msg":"응답 전송됨 (크기: 40)"}
{"time":"2026-06-02T01:37:15.874Z","level":"DEBUG","tag":"service-server:WebSocketHandler","msg":"클라이언트 연결 해제됨: (code: 1005)"}
{"time":"2026-06-02T01:37:42.141Z","level":"DEBUG","tag":"service-server:WebSocketHandler","msg":"클라이언트 연결 해제됨: (code: 1005)"}
{"time":"2026-06-02T01:38:03.056Z","level":"DEBUG","tag":"service-server:WebSocketHandler","msg":"클라이언트 연결 해제됨: (code: 1005)"}
{"time":"2026-06-02T01:38:16.060Z","level":"DEBUG","tag":"service-server:WebSocketHandler","msg":"클라이언트 연결 해제됨: (code: 1005)"}
{"time":"2026-06-02T01:38:16.152Z","level":"DEBUG","tag":"service-server:WebSocketHandler","msg":"클라이언트 연결됨 [object Object]"}
{"time":"2026-06-02T01:38:16.152Z","level":"DEBUG","tag":"service-server:WebSocketHandler","msg":"클라이언트 연결 해제됨: (code: 1005)"}
{"time":"2026-06-02T01:38:16.163Z","level":"DEBUG","tag":"service-server:WebSocketHandler","msg":"요청 수신됨 [object Object]"}
{"time":"2026-06-02T01:38:16.164Z","level":"DEBUG","tag":"service-server:WebSocketHandler","msg":"응답 전송됨 (크기: 40)"}
{"time":"2026-06-02T01:38:29.742Z","level":"DEBUG","tag":"service-server:WebSocketHandler","msg":"클라이언트 연결 해제됨: (code: 1005)"}
{"time":"2026-06-02T01:38:32.734Z","level":"DEBUG","tag":"service-server:WebSocketHandler","msg":"클라이언트 연결됨 [object Object]"}
{"time":"2026-06-02T01:38:32.770Z","level":"DEBUG","tag":"service-server:WebSocketHandler","msg":"요청 수신됨 [object Object]"}
{"time":"2026-06-02T01:38:32.771Z","level":"DEBUG","tag":"service-server:WebSocketHandler","msg":"응답 전송됨 (크기: 40)"}
{"time":"2026-06-02T01:38:33.861Z","level":"DEBUG","tag":"service-server:WebSocketHandler","msg":"요청 수신됨 [object Object]"}
{"time":"2026-06-02T01:38:33.865Z","level":"DEBUG","tag":"mysql-db-conn","msg":"쿼리 실행 [object Object]"}
{"time":"2026-06-02T01:38:33.877Z","level":"DEBUG","tag":"service-server:WebSocketHandler","msg":"응답 전송됨 (크기: 4531)"}
{"time":"2026-06-02T01:38:33.891Z","level":"DEBUG","tag":"service-server:WebSocketHandler","msg":"요청 수신됨 [object Object]"}
{"time":"2026-06-02T01:38:33.893Z","level":"DEBUG","tag":"service-server:WebSocketHandler","msg":"응답 전송됨 (크기: 40)"}
{"time":"2026-06-02T01:38:33.906Z","level":"DEBUG","tag":"service-server:WebSocketHandler","msg":"요청 수신됨 [object Object]"}
{"time":"2026-06-02T01:38:33.906Z","level":"DEBUG","tag":"service-server:WebSocketHandler","msg":"응답 전송됨 (크기: 40)"}
{"time":"2026-06-02T01:38:33.916Z","level":"DEBUG","tag":"service-server:WebSocketHandler","msg":"요청 수신됨 [object Object]"}
{"time":"2026-06-02T01:38:33.916Z","level":"DEBUG","tag":"service-server:WebSocketHandler","msg":"응답 전송됨 (크기: 40)"}
{"time":"2026-06-02T01:38:33.938Z","level":"DEBUG","tag":"service-server:WebSocketHandler","msg":"요청 수신됨 [object Object]"}
{"time":"2026-06-02T01:38:33.945Z","level":"DEBUG","tag":"mysql-db-conn","msg":"쿼리 실행 [object Object]"}
{"time":"2026-06-02T01:38:33.977Z","level":"DEBUG","tag":"service-server:WebSocketHandler","msg":"응답 전송됨 (크기: 4531)"}
{"time":"2026-06-02T01:38:33.991Z","level":"DEBUG","tag":"service-server:WebSocketHandler","msg":"요청 수신됨 [object Object]"}
{"time":"2026-06-02T01:38:33.991Z","level":"DEBUG","tag":"service-server:WebSocketHandler","msg":"응답 전송됨 (크기: 40)"}
{"time":"2026-06-02T01:38:33.999Z","level":"DEBUG","tag":"service-server:WebSocketHandler","msg":"요청 수신됨 [object Object]"}
{"time":"2026-06-02T01:38:33.999Z","level":"DEBUG","tag":"service-server:WebSocketHandler","msg":"응답 전송됨 (크기: 40)"}
{"time":"2026-06-02T01:38:34.009Z","level":"DEBUG","tag":"service-server:WebSocketHandler","msg":"요청 수신됨 [object Object]"}
{"time":"2026-06-02T01:38:34.009Z","level":"DEBUG","tag":"service-server:WebSocketHandler","msg":"응답 전송됨 (크기: 40)"}
{"time":"2026-06-02T01:38:34.025Z","level":"DEBUG","tag":"service-server:WebSocketHandler","msg":"요청 수신됨 [object Object]"}
{"time":"2026-06-02T01:38:34.025Z","level":"DEBUG","tag":"service-server:WebSocketHandler","msg":"응답 전송됨 (크기: 79)"}
{"time":"2026-06-02T01:38:34.050Z","level":"DEBUG","tag":"service-server:WebSocketHandler","msg":"요청 수신됨 [object Object]"}
{"time":"2026-06-02T01:38:34.056Z","level":"DEBUG","tag":"service-server:WebSocketHandler","msg":"응답 전송됨 (크기: 42)"}
{"time":"2026-06-02T01:38:34.078Z","level":"DEBUG","tag":"service-server:WebSocketHandler","msg":"요청 수신됨 [object Object]"}
{"time":"2026-06-02T01:38:34.079Z","level":"DEBUG","tag":"mysql-db-conn","msg":"쿼리 실행 [object Object]"}
{"time":"2026-06-02T01:38:34.081Z","level":"DEBUG","tag":"service-server:WebSocketHandler","msg":"응답 전송됨 (크기: 68)"}
{"time":"2026-06-02T01:38:34.095Z","level":"DEBUG","tag":"service-server:WebSocketHandler","msg":"요청 수신됨 [object Object]"}
{"time":"2026-06-02T01:38:34.095Z","level":"DEBUG","tag":"mysql-db-conn","msg":"쿼리 실행 [object Object]"}
{"time":"2026-06-02T01:38:34.096Z","level":"DEBUG","tag":"service-server:WebSocketHandler","msg":"응답 전송됨 (크기: 92)"}
{"time":"2026-06-02T01:38:34.115Z","level":"DEBUG","tag":"service-server:WebSocketHandler","msg":"요청 수신됨 [object Object]"}
{"time":"2026-06-02T01:38:34.115Z","level":"DEBUG","tag":"mysql-db-conn","msg":"쿼리 실행 [object Object]"}
{"time":"2026-06-02T01:38:34.118Z","level":"DEBUG","tag":"service-server:WebSocketHandler","msg":"응답 전송됨 (크기: 670)"}
{"time":"2026-06-02T01:38:34.135Z","level":"DEBUG","tag":"service-server:WebSocketHandler","msg":"요청 수신됨 [object Object]"}
{"time":"2026-06-02T01:38:34.135Z","level":"DEBUG","tag":"mysql-db-conn","msg":"쿼리 실행 [object Object]"}
{"time":"2026-06-02T01:38:34.139Z","level":"DEBUG","tag":"service-server:WebSocketHandler","msg":"응답 전송됨 (크기: 556)"}
{"time":"2026-06-02T01:38:34.149Z","level":"DEBUG","tag":"service-server:WebSocketHandler","msg":"요청 수신됨 [object Object]"}
{"time":"2026-06-02T01:38:34.149Z","level":"DEBUG","tag":"mysql-db-conn","msg":"쿼리 실행 [object Object]"}
{"time":"2026-06-02T01:38:45.025Z","level":"DEBUG","tag":"service-server:WebSocketHandler","msg":"응답 전송됨 (크기: 194)"}
{"time":"2026-06-02T01:38:45.027Z","level":"DEBUG","tag":"service-server:WebSocketHandler","msg":"클라이언트 연결됨 [object Object]"}
{"time":"2026-06-02T01:38:45.035Z","level":"DEBUG","tag":"service-server:WebSocketHandler","msg":"요청 수신됨 [object Object]"}
{"time":"2026-06-02T01:38:45.036Z","level":"DEBUG","tag":"service-server:WebSocketHandler","msg":"응답 전송됨 (크기: 40)"}
{"time":"2026-06-02T01:38:45.055Z","level":"DEBUG","tag":"service-server:WebSocketHandler","msg":"요청 수신됨 [object Object]"}
{"time":"2026-06-02T01:38:45.055Z","level":"DEBUG","tag":"service-server:WebSocketHandler","msg":"응답 전송됨 (크기: 45)"}
{"time":"2026-06-02T01:38:45.079Z","level":"DEBUG","tag":"service-server:WebSocketHandler","msg":"요청 수신됨 [object Object]"}
{"time":"2026-06-02T01:38:45.079Z","level":"DEBUG","tag":"service-server:WebSocketHandler","msg":"응답 전송됨 (크기: 40)"}
{"time":"2026-06-02T01:39:03.072Z","level":"DEBUG","tag":"service-server:WebSocketHandler","msg":"클라이언트 연결됨 [object Object]"}
{"time":"2026-06-02T01:39:03.079Z","level":"DEBUG","tag":"service-server:WebSocketHandler","msg":"요청 수신됨 [object Object]"}
{"time":"2026-06-02T01:39:03.081Z","level":"DEBUG","tag":"service-server:WebSocketHandler","msg":"응답 전송됨 (크기: 123)"}
{"time":"2026-06-02T01:39:16.044Z","level":"DEBUG","tag":"service-server:WebSocketHandler","msg":"클라이언트 연결됨 [object Object]"}
{"time":"2026-06-02T01:39:16.052Z","level":"DEBUG","tag":"service-server:WebSocketHandler","msg":"요청 수신됨 [object Object]"}
{"time":"2026-06-02T01:39:16.053Z","level":"DEBUG","tag":"service-server:WebSocketHandler","msg":"응답 전송됨 (크기: 40)"}
{"time":"2026-06-02T01:39:16.089Z","level":"DEBUG","tag":"service-server:WebSocketHandler","msg":"클라이언트 연결됨 [object Object]"}
{"time":"2026-06-02T01:39:16.096Z","level":"DEBUG","tag":"service-server:WebSocketHandler","msg":"요청 수신됨 [object Object]"}
{"time":"2026-06-02T01:39:16.097Z","level":"DEBUG","tag":"service-server:WebSocketHandler","msg":"응답 전송됨 (크기: 40)"}
{"time":"2026-06-02T01:40:15.884Z","level":"DEBUG","tag":"service-server:WebSocketHandler","msg":"클라이언트 연결 해제됨: (code: 1005)"}
{"time":"2026-06-02T01:40:41.688Z","level":"DEBUG","tag":"service-server:WebSocketHandler","msg":"클라이언트 연결 해제됨: (code: 1005)"}
{"time":"2026-06-02T01:40:44.705Z","level":"DEBUG","tag":"service-server:WebSocketHandler","msg":"클라이언트 연결됨 [object Object]"}
{"time":"2026-06-02T01:40:44.712Z","level":"DEBUG","tag":"service-server:WebSocketHandler","msg":"요청 수신됨 [object Object]"}
{"time":"2026-06-02T01:40:44.713Z","level":"DEBUG","tag":"service-server:WebSocketHandler","msg":"응답 전송됨 (크기: 40)"}
{"time":"2026-06-02T01:40:44.775Z","level":"DEBUG","tag":"service-server:WebSocketHandler","msg":"요청 수신됨 [object Object]"}
{"time":"2026-06-02T01:40:44.786Z","level":"DEBUG","tag":"mysql-db-conn","msg":"쿼리 실행 [object Object]"}
{"time":"2026-06-02T01:40:44.792Z","level":"DEBUG","tag":"service-server:WebSocketHandler","msg":"응답 전송됨 (크기: 2279)"}
{"time":"2026-06-02T01:40:44.799Z","level":"DEBUG","tag":"service-server:WebSocketHandler","msg":"요청 수신됨 [object Object]"}
{"time":"2026-06-02T01:40:44.799Z","level":"DEBUG","tag":"service-server:WebSocketHandler","msg":"응답 전송됨 (크기: 40)"}
{"time":"2026-06-02T01:40:44.805Z","level":"DEBUG","tag":"service-server:WebSocketHandler","msg":"요청 수신됨 [object Object]"}
{"time":"2026-06-02T01:40:44.805Z","level":"DEBUG","tag":"service-server:WebSocketHandler","msg":"응답 전송됨 (크기: 40)"}
{"time":"2026-06-02T01:40:44.811Z","level":"DEBUG","tag":"service-server:WebSocketHandler","msg":"요청 수신됨 [object Object]"}
{"time":"2026-06-02T01:40:44.811Z","level":"DEBUG","tag":"service-server:WebSocketHandler","msg":"응답 전송됨 (크기: 40)"}
{"time":"2026-06-02T01:40:44.822Z","level":"DEBUG","tag":"service-server:WebSocketHandler","msg":"요청 수신됨 [object Object]"}
{"time":"2026-06-02T01:40:44.825Z","level":"DEBUG","tag":"mysql-db-conn","msg":"쿼리 실행 [object Object]"}
{"time":"2026-06-02T01:40:44.831Z","level":"DEBUG","tag":"service-server:WebSocketHandler","msg":"응답 전송됨 (크기: 2279)"}
{"time":"2026-06-02T01:40:44.838Z","level":"DEBUG","tag":"service-server:WebSocketHandler","msg":"요청 수신됨 [object Object]"}
{"time":"2026-06-02T01:40:44.839Z","level":"DEBUG","tag":"service-server:WebSocketHandler","msg":"응답 전송됨 (크기: 40)"}
{"time":"2026-06-02T01:40:44.846Z","level":"DEBUG","tag":"service-server:WebSocketHandler","msg":"요청 수신됨 [object Object]"}
{"time":"2026-06-02T01:40:44.846Z","level":"DEBUG","tag":"service-server:WebSocketHandler","msg":"응답 전송됨 (크기: 40)"}
{"time":"2026-06-02T01:40:44.852Z","level":"DEBUG","tag":"service-server:WebSocketHandler","msg":"요청 수신됨 [object Object]"}
{"time":"2026-06-02T01:40:44.852Z","level":"DEBUG","tag":"service-server:WebSocketHandler","msg":"응답 전송됨 (크기: 40)"}
{"time":"2026-06-02T01:40:44.858Z","level":"DEBUG","tag":"service-server:WebSocketHandler","msg":"요청 수신됨 [object Object]"}
{"time":"2026-06-02T01:40:44.859Z","level":"DEBUG","tag":"service-server:WebSocketHandler","msg":"응답 전송됨 (크기: 79)"}
{"time":"2026-06-02T01:40:44.866Z","level":"DEBUG","tag":"service-server:WebSocketHandler","msg":"요청 수신됨 [object Object]"}
{"time":"2026-06-02T01:40:44.872Z","level":"DEBUG","tag":"service-server:WebSocketHandler","msg":"응답 전송됨 (크기: 42)"}
{"time":"2026-06-02T01:40:44.878Z","level":"DEBUG","tag":"service-server:WebSocketHandler","msg":"요청 수신됨 [object Object]"}
{"time":"2026-06-02T01:40:44.879Z","level":"DEBUG","tag":"mysql-db-conn","msg":"쿼리 실행 [object Object]"}
{"time":"2026-06-02T01:40:44.881Z","level":"DEBUG","tag":"service-server:WebSocketHandler","msg":"응답 전송됨 (크기: 68)"}
{"time":"2026-06-02T01:40:44.889Z","level":"DEBUG","tag":"service-server:WebSocketHandler","msg":"요청 수신됨 [object Object]"}
{"time":"2026-06-02T01:40:44.889Z","level":"DEBUG","tag":"mysql-db-conn","msg":"쿼리 실행 [object Object]"}
{"time":"2026-06-02T01:40:44.891Z","level":"DEBUG","tag":"service-server:WebSocketHandler","msg":"응답 전송됨 (크기: 92)"}
{"time":"2026-06-02T01:40:44.897Z","level":"DEBUG","tag":"service-server:WebSocketHandler","msg":"요청 수신됨 [object Object]"}
{"time":"2026-06-02T01:40:44.897Z","level":"DEBUG","tag":"mysql-db-conn","msg":"쿼리 실행 [object Object]"}
{"time":"2026-06-02T01:40:44.901Z","level":"DEBUG","tag":"service-server:WebSocketHandler","msg":"응답 전송됨 (크기: 670)"}
{"time":"2026-06-02T01:40:44.907Z","level":"DEBUG","tag":"service-server:WebSocketHandler","msg":"요청 수신됨 [object Object]"}
{"time":"2026-06-02T01:40:44.907Z","level":"DEBUG","tag":"mysql-db-conn","msg":"쿼리 실행 [object Object]"}
{"time":"2026-06-02T01:40:44.910Z","level":"DEBUG","tag":"service-server:WebSocketHandler","msg":"응답 전송됨 (크기: 556)"}
{"time":"2026-06-02T01:40:44.917Z","level":"DEBUG","tag":"service-server:WebSocketHandler","msg":"요청 수신됨 [object Object]"}
{"time":"2026-06-02T01:40:44.918Z","level":"DEBUG","tag":"mysql-db-conn","msg":"쿼리 실행 [object Object]"}
{"time":"2026-06-02T01:40:56.286Z","level":"DEBUG","tag":"service-server:WebSocketHandler","msg":"응답 전송됨 (크기: 194)"}
{"time":"2026-06-02T01:40:56.293Z","level":"DEBUG","tag":"service-server:WebSocketHandler","msg":"요청 수신됨 [object Object]"}
{"time":"2026-06-02T01:40:56.293Z","level":"DEBUG","tag":"service-server:WebSocketHandler","msg":"응답 전송됨 (크기: 45)"}
{"time":"2026-06-02T01:40:56.299Z","level":"DEBUG","tag":"service-server:WebSocketHandler","msg":"요청 수신됨 [object Object]"}
{"time":"2026-06-02T01:40:56.299Z","level":"DEBUG","tag":"service-server:WebSocketHandler","msg":"응답 전송됨 (크기: 40)"}
{"time":"2026-06-02T01:41:03.065Z","level":"DEBUG","tag":"service-server:WebSocketHandler","msg":"클라이언트 연결 해제됨: (code: 1005)"}
{"time":"2026-06-02T01:41:15.868Z","level":"DEBUG","tag":"service-server:WebSocketHandler","msg":"클라이언트 연결됨 [object Object]"}
{"time":"2026-06-02T01:41:15.879Z","level":"DEBUG","tag":"service-server:WebSocketHandler","msg":"요청 수신됨 [object Object]"}
{"time":"2026-06-02T01:41:15.880Z","level":"DEBUG","tag":"service-server:WebSocketHandler","msg":"응답 전송됨 (크기: 40)"}
{"time":"2026-06-02T01:41:16.020Z","level":"DEBUG","tag":"service-server:WebSocketHandler","msg":"클라이언트 연결 해제됨: (code: 1005)"}
{"time":"2026-06-02T01:41:16.020Z","level":"DEBUG","tag":"service-server:WebSocketHandler","msg":"클라이언트 연결 해제됨: (code: 1005)"}
{"time":"2026-06-02T01:42:03.075Z","level":"DEBUG","tag":"service-server:WebSocketHandler","msg":"클라이언트 연결됨 [object Object]"}
{"time":"2026-06-02T01:42:03.080Z","level":"DEBUG","tag":"service-server:WebSocketHandler","msg":"요청 수신됨 [object Object]"}
{"time":"2026-06-02T01:42:03.082Z","level":"DEBUG","tag":"service-server:WebSocketHandler","msg":"응답 전송됨 (크기: 123)"}
{"time":"2026-06-02T01:42:16.031Z","level":"DEBUG","tag":"service-server:WebSocketHandler","msg":"클라이언트 연결됨 [object Object]"}
{"time":"2026-06-02T01:42:16.045Z","level":"DEBUG","tag":"service-server:WebSocketHandler","msg":"요청 수신됨 [object Object]"}
{"time":"2026-06-02T01:42:16.047Z","level":"DEBUG","tag":"service-server:WebSocketHandler","msg":"응답 전송됨 (크기: 40)"}
{"time":"2026-06-02T01:42:16.074Z","level":"DEBUG","tag":"service-server:WebSocketHandler","msg":"클라이언트 연결됨 [object Object]"}
{"time":"2026-06-02T01:42:16.085Z","level":"DEBUG","tag":"service-server:WebSocketHandler","msg":"요청 수신됨 [object Object]"}
{"time":"2026-06-02T01:42:16.087Z","level":"DEBUG","tag":"service-server:WebSocketHandler","msg":"응답 전송됨 (크기: 40)"}
{"time":"2026-06-02T01:42:42.560Z","level":"DEBUG","tag":"service-server:WebSocketHandler","msg":"클라이언트 연결 해제됨: (code: 1005)"}
{"time":"2026-06-02T01:42:42.560Z","level":"DEBUG","tag":"service-server:OrmService","msg":"소켓 종료 감지: 열린 모든 DB 연결을 정리합니다."}
{"time":"2026-06-02T01:43:15.855Z","level":"DEBUG","tag":"service-server:WebSocketHandler","msg":"클라이언트 연결 해제됨: (code: 1005)"}
{"time":"2026-06-02T01:43:42.152Z","level":"DEBUG","tag":"service-server:WebSocketHandler","msg":"클라이언트 연결됨 [object Object]"}
{"time":"2026-06-02T01:43:42.159Z","level":"DEBUG","tag":"service-server:WebSocketHandler","msg":"요청 수신됨 [object Object]"}
{"time":"2026-06-02T01:43:42.160Z","level":"DEBUG","tag":"service-server:WebSocketHandler","msg":"응답 전송됨 (크기: 40)"}
{"time":"2026-06-02T01:44:03.066Z","level":"DEBUG","tag":"service-server:WebSocketHandler","msg":"클라이언트 연결 해제됨: (code: 1005)"}
{"time":"2026-06-02T01:44:15.875Z","level":"DEBUG","tag":"service-server:WebSocketHandler","msg":"클라이언트 연결됨 [object Object]"}
{"time":"2026-06-02T01:44:15.895Z","level":"DEBUG","tag":"service-server:WebSocketHandler","msg":"요청 수신됨 [object Object]"}
{"time":"2026-06-02T01:44:15.896Z","level":"DEBUG","tag":"service-server:WebSocketHandler","msg":"응답 전송됨 (크기: 40)"}
{"time":"2026-06-02T01:44:16.023Z","level":"DEBUG","tag":"service-server:WebSocketHandler","msg":"클라이언트 연결 해제됨: (code: 1005)"}
{"time":"2026-06-02T01:44:16.023Z","level":"DEBUG","tag":"service-server:WebSocketHandler","msg":"클라이언트 연결 해제됨: (code: 1005)"}
{"time":"2026-06-02T01:44:49.542Z","level":"DEBUG","tag":"service-server:WebSocketHandler","msg":"클라이언트 연결 해제됨: (code: 1005)"}
{"time":"2026-06-02T01:44:49.542Z","level":"DEBUG","tag":"service-server:OrmService","msg":"소켓 종료 감지: 열린 모든 DB 연결을 정리합니다."}
{"time":"2026-06-02T01:44:56.753Z","level":"DEBUG","tag":"service-server:WebSocketHandler","msg":"요청 수신됨 [object Object]"}
{"time":"2026-06-02T01:44:56.765Z","level":"DEBUG","tag":"mysql-db-conn","msg":"쿼리 실행 [object Object]"}
{"time":"2026-06-02T01:44:56.795Z","level":"DEBUG","tag":"service-server:WebSocketHandler","msg":"응답 전송됨 (크기: 6410)"}
{"time":"2026-06-02T01:44:56.822Z","level":"DEBUG","tag":"service-server:WebSocketHandler","msg":"요청 수신됨 [object Object]"}
{"time":"2026-06-02T01:44:56.823Z","level":"DEBUG","tag":"service-server:WebSocketHandler","msg":"응답 전송됨 (크기: 40)"}
{"time":"2026-06-02T01:44:56.831Z","level":"DEBUG","tag":"service-server:WebSocketHandler","msg":"요청 수신됨 [object Object]"}
{"time":"2026-06-02T01:44:56.831Z","level":"DEBUG","tag":"service-server:WebSocketHandler","msg":"응답 전송됨 (크기: 40)"}
{"time":"2026-06-02T01:44:56.839Z","level":"DEBUG","tag":"service-server:WebSocketHandler","msg":"요청 수신됨 [object Object]"}
{"time":"2026-06-02T01:44:56.839Z","level":"DEBUG","tag":"service-server:WebSocketHandler","msg":"응답 전송됨 (크기: 40)"}
{"time":"2026-06-02T01:44:56.864Z","level":"DEBUG","tag":"service-server:WebSocketHandler","msg":"요청 수신됨 [object Object]"}
{"time":"2026-06-02T01:44:56.871Z","level":"DEBUG","tag":"mysql-db-conn","msg":"쿼리 실행 [object Object]"}
{"time":"2026-06-02T01:44:56.902Z","level":"DEBUG","tag":"service-server:WebSocketHandler","msg":"응답 전송됨 (크기: 6410)"}
{"time":"2026-06-02T01:44:56.916Z","level":"DEBUG","tag":"service-server:WebSocketHandler","msg":"요청 수신됨 [object Object]"}
{"time":"2026-06-02T01:44:56.917Z","level":"DEBUG","tag":"service-server:WebSocketHandler","msg":"응답 전송됨 (크기: 40)"}
{"time":"2026-06-02T01:44:56.926Z","level":"DEBUG","tag":"service-server:WebSocketHandler","msg":"요청 수신됨 [object Object]"}
{"time":"2026-06-02T01:44:56.926Z","level":"DEBUG","tag":"service-server:WebSocketHandler","msg":"응답 전송됨 (크기: 40)"}
{"time":"2026-06-02T01:44:56.934Z","level":"DEBUG","tag":"service-server:WebSocketHandler","msg":"요청 수신됨 [object Object]"}
{"time":"2026-06-02T01:44:56.934Z","level":"DEBUG","tag":"service-server:WebSocketHandler","msg":"응답 전송됨 (크기: 40)"}
{"time":"2026-06-02T01:44:56.942Z","level":"DEBUG","tag":"service-server:WebSocketHandler","msg":"요청 수신됨 [object Object]"}
{"time":"2026-06-02T01:44:56.942Z","level":"DEBUG","tag":"service-server:WebSocketHandler","msg":"응답 전송됨 (크기: 79)"}
{"time":"2026-06-02T01:44:56.950Z","level":"DEBUG","tag":"service-server:WebSocketHandler","msg":"요청 수신됨 [object Object]"}
{"time":"2026-06-02T01:44:56.953Z","level":"DEBUG","tag":"service-server:WebSocketHandler","msg":"응답 전송됨 (크기: 42)"}
{"time":"2026-06-02T01:44:56.961Z","level":"DEBUG","tag":"service-server:WebSocketHandler","msg":"요청 수신됨 [object Object]"}
{"time":"2026-06-02T01:44:56.961Z","level":"DEBUG","tag":"mysql-db-conn","msg":"쿼리 실행 [object Object]"}
{"time":"2026-06-02T01:44:56.963Z","level":"DEBUG","tag":"service-server:WebSocketHandler","msg":"응답 전송됨 (크기: 68)"}
{"time":"2026-06-02T01:44:56.971Z","level":"DEBUG","tag":"service-server:WebSocketHandler","msg":"요청 수신됨 [object Object]"}
{"time":"2026-06-02T01:44:56.971Z","level":"DEBUG","tag":"mysql-db-conn","msg":"쿼리 실행 [object Object]"}
{"time":"2026-06-02T01:44:56.973Z","level":"DEBUG","tag":"service-server:WebSocketHandler","msg":"응답 전송됨 (크기: 92)"}
{"time":"2026-06-02T01:44:56.981Z","level":"DEBUG","tag":"service-server:WebSocketHandler","msg":"요청 수신됨 [object Object]"}
{"time":"2026-06-02T01:44:56.982Z","level":"DEBUG","tag":"mysql-db-conn","msg":"쿼리 실행 [object Object]"}
{"time":"2026-06-02T01:44:56.985Z","level":"DEBUG","tag":"service-server:WebSocketHandler","msg":"응답 전송됨 (크기: 670)"}
{"time":"2026-06-02T01:44:56.993Z","level":"DEBUG","tag":"service-server:WebSocketHandler","msg":"요청 수신됨 [object Object]"}
{"time":"2026-06-02T01:44:56.994Z","level":"DEBUG","tag":"mysql-db-conn","msg":"쿼리 실행 [object Object]"}
{"time":"2026-06-02T01:44:56.997Z","level":"DEBUG","tag":"service-server:WebSocketHandler","msg":"응답 전송됨 (크기: 556)"}
{"time":"2026-06-02T01:44:57.006Z","level":"DEBUG","tag":"service-server:WebSocketHandler","msg":"요청 수신됨 [object Object]"}
{"time":"2026-06-02T01:44:57.006Z","level":"DEBUG","tag":"mysql-db-conn","msg":"쿼리 실행 [object Object]"}
{"time":"2026-06-02T01:45:08.438Z","level":"DEBUG","tag":"service-server:WebSocketHandler","msg":"응답 전송됨 (크기: 194)"}
{"time":"2026-06-02T01:45:08.440Z","level":"DEBUG","tag":"service-server:WebSocketHandler","msg":"클라이언트 연결됨 [object Object]"}
{"time":"2026-06-02T01:45:08.445Z","level":"DEBUG","tag":"service-server:WebSocketHandler","msg":"요청 수신됨 [object Object]"}
{"time":"2026-06-02T01:45:08.445Z","level":"DEBUG","tag":"service-server:WebSocketHandler","msg":"응답 전송됨 (크기: 123)"}
{"time":"2026-06-02T01:45:08.447Z","level":"DEBUG","tag":"service-server:WebSocketHandler","msg":"요청 수신됨 [object Object]"}
{"time":"2026-06-02T01:45:08.447Z","level":"DEBUG","tag":"service-server:WebSocketHandler","msg":"응답 전송됨 (크기: 45)"}
{"time":"2026-06-02T01:45:08.455Z","level":"DEBUG","tag":"service-server:WebSocketHandler","msg":"요청 수신됨 [object Object]"}
{"time":"2026-06-02T01:45:08.455Z","level":"DEBUG","tag":"service-server:WebSocketHandler","msg":"응답 전송됨 (크기: 40)"}
{"time":"2026-06-02T01:45:16.027Z","level":"DEBUG","tag":"service-server:WebSocketHandler","msg":"클라이언트 연결됨 [object Object]"}
{"time":"2026-06-02T01:45:16.038Z","level":"DEBUG","tag":"service-server:WebSocketHandler","msg":"요청 수신됨 [object Object]"}
{"time":"2026-06-02T01:45:16.040Z","level":"DEBUG","tag":"service-server:WebSocketHandler","msg":"응답 전송됨 (크기: 40)"}
{"time":"2026-06-02T01:45:16.069Z","level":"DEBUG","tag":"service-server:WebSocketHandler","msg":"클라이언트 연결됨 [object Object]"}
{"time":"2026-06-02T01:45:16.096Z","level":"DEBUG","tag":"service-server:WebSocketHandler","msg":"요청 수신됨 [object Object]"}
{"time":"2026-06-02T01:45:16.097Z","level":"DEBUG","tag":"service-server:WebSocketHandler","msg":"응답 전송됨 (크기: 40)"}
{"time":"2026-06-02T01:45:42.156Z","level":"DEBUG","tag":"service-server:WebSocketHandler","msg":"클라이언트 연결 해제됨: (code: 1005)"}
{"time":"2026-06-02T01:45:49.631Z","level":"DEBUG","tag":"service-server:WebSocketHandler","msg":"클라이언트 연결됨 [object Object]"}
{"time":"2026-06-02T01:45:49.670Z","level":"DEBUG","tag":"service-server:WebSocketHandler","msg":"요청 수신됨 [object Object]"}
{"time":"2026-06-02T01:45:49.672Z","level":"DEBUG","tag":"service-server:WebSocketHandler","msg":"응답 전송됨 (크기: 40)"}
{"time":"2026-06-02T01:46:15.850Z","level":"DEBUG","tag":"service-server:WebSocketHandler","msg":"클라이언트 연결 해제됨: (code: 1005)"}
{"time":"2026-06-02T01:46:42.147Z","level":"DEBUG","tag":"service-server:WebSocketHandler","msg":"클라이언트 연결됨 [object Object]"}
{"time":"2026-06-02T01:46:42.156Z","level":"DEBUG","tag":"service-server:WebSocketHandler","msg":"요청 수신됨 [object Object]"}
{"time":"2026-06-02T01:46:42.157Z","level":"DEBUG","tag":"service-server:WebSocketHandler","msg":"응답 전송됨 (크기: 40)"}
{"time":"2026-06-02T01:46:49.100Z","level":"DEBUG","tag":"service-server:WebSocketHandler","msg":"요청 수신됨 [object Object]"}
{"time":"2026-06-02T01:46:49.110Z","level":"DEBUG","tag":"mysql-db-conn","msg":"쿼리 실행 [object Object]"}
{"time":"2026-06-02T01:46:49.121Z","level":"DEBUG","tag":"service-server:WebSocketHandler","msg":"응답 전송됨 (크기: 2279)"}
{"time":"2026-06-02T01:46:49.130Z","level":"DEBUG","tag":"service-server:WebSocketHandler","msg":"요청 수신됨 [object Object]"}
{"time":"2026-06-02T01:46:49.131Z","level":"DEBUG","tag":"service-server:WebSocketHandler","msg":"응답 전송됨 (크기: 40)"}
{"time":"2026-06-02T01:46:49.137Z","level":"DEBUG","tag":"service-server:WebSocketHandler","msg":"요청 수신됨 [object Object]"}
{"time":"2026-06-02T01:46:49.138Z","level":"DEBUG","tag":"service-server:WebSocketHandler","msg":"응답 전송됨 (크기: 40)"}
{"time":"2026-06-02T01:46:49.144Z","level":"DEBUG","tag":"service-server:WebSocketHandler","msg":"요청 수신됨 [object Object]"}
{"time":"2026-06-02T01:46:49.145Z","level":"DEBUG","tag":"service-server:WebSocketHandler","msg":"응답 전송됨 (크기: 40)"}
{"time":"2026-06-02T01:46:49.157Z","level":"DEBUG","tag":"service-server:WebSocketHandler","msg":"요청 수신됨 [object Object]"}
{"time":"2026-06-02T01:46:49.164Z","level":"DEBUG","tag":"mysql-db-conn","msg":"쿼리 실행 [object Object]"}
{"time":"2026-06-02T01:46:49.174Z","level":"DEBUG","tag":"service-server:WebSocketHandler","msg":"응답 전송됨 (크기: 2279)"}
{"time":"2026-06-02T01:46:49.183Z","level":"DEBUG","tag":"service-server:WebSocketHandler","msg":"요청 수신됨 [object Object]"}
{"time":"2026-06-02T01:46:49.184Z","level":"DEBUG","tag":"service-server:WebSocketHandler","msg":"응답 전송됨 (크기: 40)"}
{"time":"2026-06-02T01:46:49.197Z","level":"DEBUG","tag":"service-server:WebSocketHandler","msg":"요청 수신됨 [object Object]"}
{"time":"2026-06-02T01:46:49.197Z","level":"DEBUG","tag":"service-server:WebSocketHandler","msg":"응답 전송됨 (크기: 40)"}
{"time":"2026-06-02T01:46:49.211Z","level":"DEBUG","tag":"service-server:WebSocketHandler","msg":"요청 수신됨 [object Object]"}
{"time":"2026-06-02T01:46:49.212Z","level":"DEBUG","tag":"service-server:WebSocketHandler","msg":"응답 전송됨 (크기: 40)"}
{"time":"2026-06-02T01:46:49.220Z","level":"DEBUG","tag":"service-server:WebSocketHandler","msg":"요청 수신됨 [object Object]"}
{"time":"2026-06-02T01:46:49.220Z","level":"DEBUG","tag":"service-server:WebSocketHandler","msg":"응답 전송됨 (크기: 79)"}
{"time":"2026-06-02T01:46:49.230Z","level":"DEBUG","tag":"service-server:WebSocketHandler","msg":"요청 수신됨 [object Object]"}
{"time":"2026-06-02T01:46:49.235Z","level":"DEBUG","tag":"service-server:WebSocketHandler","msg":"응답 전송됨 (크기: 42)"}
{"time":"2026-06-02T01:46:49.244Z","level":"DEBUG","tag":"service-server:WebSocketHandler","msg":"요청 수신됨 [object Object]"}
{"time":"2026-06-02T01:46:49.245Z","level":"DEBUG","tag":"mysql-db-conn","msg":"쿼리 실행 [object Object]"}
{"time":"2026-06-02T01:46:49.247Z","level":"DEBUG","tag":"service-server:WebSocketHandler","msg":"응답 전송됨 (크기: 68)"}
{"time":"2026-06-02T01:46:49.254Z","level":"DEBUG","tag":"service-server:WebSocketHandler","msg":"요청 수신됨 [object Object]"}
{"time":"2026-06-02T01:46:49.255Z","level":"DEBUG","tag":"mysql-db-conn","msg":"쿼리 실행 [object Object]"}
{"time":"2026-06-02T01:46:49.256Z","level":"DEBUG","tag":"service-server:WebSocketHandler","msg":"응답 전송됨 (크기: 92)"}
{"time":"2026-06-02T01:46:49.265Z","level":"DEBUG","tag":"service-server:WebSocketHandler","msg":"요청 수신됨 [object Object]"}
{"time":"2026-06-02T01:46:49.265Z","level":"DEBUG","tag":"mysql-db-conn","msg":"쿼리 실행 [object Object]"}
{"time":"2026-06-02T01:46:49.268Z","level":"DEBUG","tag":"service-server:WebSocketHandler","msg":"응답 전송됨 (크기: 670)"}
{"time":"2026-06-02T01:46:49.277Z","level":"DEBUG","tag":"service-server:WebSocketHandler","msg":"요청 수신됨 [object Object]"}
{"time":"2026-06-02T01:46:49.277Z","level":"DEBUG","tag":"mysql-db-conn","msg":"쿼리 실행 [object Object]"}
{"time":"2026-06-02T01:46:49.280Z","level":"DEBUG","tag":"service-server:WebSocketHandler","msg":"응답 전송됨 (크기: 556)"}
{"time":"2026-06-02T01:46:49.289Z","level":"DEBUG","tag":"service-server:WebSocketHandler","msg":"요청 수신됨 [object Object]"}
{"time":"2026-06-02T01:46:49.289Z","level":"DEBUG","tag":"mysql-db-conn","msg":"쿼리 실행 [object Object]"}
{"time":"2026-06-02T01:47:00.274Z","level":"DEBUG","tag":"service-server:WebSocketHandler","msg":"응답 전송됨 (크기: 194)"}
{"time":"2026-06-02T01:47:00.281Z","level":"DEBUG","tag":"service-server:WebSocketHandler","msg":"요청 수신됨 [object Object]"}
{"time":"2026-06-02T01:47:00.282Z","level":"DEBUG","tag":"service-server:WebSocketHandler","msg":"응답 전송됨 (크기: 45)"}
{"time":"2026-06-02T01:47:00.288Z","level":"DEBUG","tag":"service-server:WebSocketHandler","msg":"요청 수신됨 [object Object]"}
{"time":"2026-06-02T01:47:00.288Z","level":"DEBUG","tag":"service-server:WebSocketHandler","msg":"응답 전송됨 (크기: 40)"}
{"time":"2026-06-02T01:47:03.065Z","level":"DEBUG","tag":"service-server:WebSocketHandler","msg":"클라이언트 연결 해제됨: (code: 1005)"}
{"time":"2026-06-02T01:47:16.273Z","level":"DEBUG","tag":"service-server:WebSocketHandler","msg":"클라이언트 연결 해제됨: (code: 1005)"}
{"time":"2026-06-02T01:47:16.343Z","level":"DEBUG","tag":"service-server:WebSocketHandler","msg":"클라이언트 연결 해제됨: (code: 1005)"}
{"time":"2026-06-02T01:47:18.751Z","level":"DEBUG","tag":"service-server:WebSocketHandler","msg":"클라이언트 연결됨 [object Object]"}
{"time":"2026-06-02T01:47:18.786Z","level":"DEBUG","tag":"service-server:WebSocketHandler","msg":"요청 수신됨 [object Object]"}
{"time":"2026-06-02T01:47:18.788Z","level":"DEBUG","tag":"service-server:WebSocketHandler","msg":"응답 전송됨 (크기: 40)"}
{"time":"2026-06-02T01:47:49.563Z","level":"DEBUG","tag":"service-server:WebSocketHandler","msg":"클라이언트 연결 해제됨: (code: 1005)"}
{"time":"2026-06-02T01:48:03.080Z","level":"DEBUG","tag":"service-server:WebSocketHandler","msg":"클라이언트 연결됨 [object Object]"}
{"time":"2026-06-02T01:48:03.085Z","level":"DEBUG","tag":"service-server:WebSocketHandler","msg":"요청 수신됨 [object Object]"}
{"time":"2026-06-02T01:48:03.087Z","level":"DEBUG","tag":"service-server:WebSocketHandler","msg":"응답 전송됨 (크기: 123)"}
{"time":"2026-06-02T01:48:16.180Z","level":"DEBUG","tag":"service-server:WebSocketHandler","msg":"클라이언트 연결됨 [object Object]"}
{"time":"2026-06-02T01:48:16.311Z","level":"DEBUG","tag":"service-server:WebSocketHandler","msg":"요청 수신됨 [object Object]"}
{"time":"2026-06-02T01:48:16.313Z","level":"DEBUG","tag":"service-server:WebSocketHandler","msg":"응답 전송됨 (크기: 40)"}
{"time":"2026-06-02T01:48:16.335Z","level":"DEBUG","tag":"service-server:WebSocketHandler","msg":"클라이언트 연결됨 [object Object]"}
{"time":"2026-06-02T01:48:16.345Z","level":"DEBUG","tag":"service-server:WebSocketHandler","msg":"요청 수신됨 [object Object]"}
{"time":"2026-06-02T01:48:16.346Z","level":"DEBUG","tag":"service-server:WebSocketHandler","msg":"응답 전송됨 (크기: 40)"}
{"time":"2026-06-02T01:48:42.150Z","level":"DEBUG","tag":"service-server:WebSocketHandler","msg":"클라이언트 연결 해제됨: (code: 1005)"}
{"time":"2026-06-02T01:48:42.150Z","level":"DEBUG","tag":"service-server:OrmService","msg":"소켓 종료 감지: 열린 모든 DB 연결을 정리합니다."}
{"time":"2026-06-02T01:48:49.600Z","level":"DEBUG","tag":"service-server:WebSocketHandler","msg":"클라이언트 연결됨 [object Object]"}
{"time":"2026-06-02T01:48:49.642Z","level":"DEBUG","tag":"service-server:WebSocketHandler","msg":"요청 수신됨 [object Object]"}
{"time":"2026-06-02T01:48:49.643Z","level":"DEBUG","tag":"service-server:WebSocketHandler","msg":"응답 전송됨 (크기: 40)"}
{"time":"2026-06-02T01:49:15.888Z","level":"DEBUG","tag":"service-server:WebSocketHandler","msg":"클라이언트 연결 해제됨: (code: 1005)"}
{"time":"2026-06-02T01:49:42.160Z","level":"DEBUG","tag":"service-server:WebSocketHandler","msg":"클라이언트 연결됨 [object Object]"}
{"time":"2026-06-02T01:49:42.167Z","level":"DEBUG","tag":"service-server:WebSocketHandler","msg":"요청 수신됨 [object Object]"}
{"time":"2026-06-02T01:49:42.168Z","level":"DEBUG","tag":"service-server:WebSocketHandler","msg":"응답 전송됨 (크기: 40)"}
{"time":"2026-06-02T01:50:03.068Z","level":"DEBUG","tag":"service-server:WebSocketHandler","msg":"클라이언트 연결 해제됨: (code: 1005)"}
{"time":"2026-06-02T01:50:15.887Z","level":"DEBUG","tag":"service-server:WebSocketHandler","msg":"클라이언트 연결됨 [object Object]"}
{"time":"2026-06-02T01:50:15.929Z","level":"DEBUG","tag":"service-server:WebSocketHandler","msg":"요청 수신됨 [object Object]"}
{"time":"2026-06-02T01:50:15.931Z","level":"DEBUG","tag":"service-server:WebSocketHandler","msg":"응답 전송됨 (크기: 40)"}
{"time":"2026-06-02T01:50:16.046Z","level":"DEBUG","tag":"service-server:WebSocketHandler","msg":"클라이언트 연결 해제됨: (code: 1005)"}
{"time":"2026-06-02T01:50:16.047Z","level":"DEBUG","tag":"service-server:WebSocketHandler","msg":"클라이언트 연결 해제됨: (code: 1005)"}
{"time":"2026-06-02T01:50:49.574Z","level":"DEBUG","tag":"service-server:WebSocketHandler","msg":"클라이언트 연결 해제됨: (code: 1005)"}
{"time":"2026-06-02T01:51:03.074Z","level":"DEBUG","tag":"service-server:WebSocketHandler","msg":"클라이언트 연결됨 [object Object]"}
{"time":"2026-06-02T01:51:03.080Z","level":"DEBUG","tag":"service-server:WebSocketHandler","msg":"요청 수신됨 [object Object]"}
{"time":"2026-06-02T01:51:03.081Z","level":"DEBUG","tag":"service-server:WebSocketHandler","msg":"응답 전송됨 (크기: 123)"}
{"time":"2026-06-02T01:51:05.819Z","level":"DEBUG","tag":"service-server:WebSocketHandler","msg":"클라이언트 연결됨 [object Object]"}
{"time":"2026-06-02T01:51:05.845Z","level":"DEBUG","tag":"service-server:WebSocketHandler","msg":"요청 수신됨 [object Object]"}
{"time":"2026-06-02T01:51:05.846Z","level":"DEBUG","tag":"service-server:WebSocketHandler","msg":"응답 전송됨 (크기: 40)"}
{"time":"2026-06-02T01:51:13.062Z","level":"DEBUG","tag":"service-server:WebSocketHandler","msg":"요청 수신됨 [object Object]"}
{"time":"2026-06-02T01:51:13.069Z","level":"DEBUG","tag":"mysql-db-conn","msg":"쿼리 실행 [object Object]"}
{"time":"2026-06-02T01:51:13.098Z","level":"DEBUG","tag":"service-server:WebSocketHandler","msg":"응답 전송됨 (크기: 6410)"}
{"time":"2026-06-02T01:51:13.117Z","level":"DEBUG","tag":"service-server:WebSocketHandler","msg":"요청 수신됨 [object Object]"}
{"time":"2026-06-02T01:51:13.119Z","level":"DEBUG","tag":"service-server:WebSocketHandler","msg":"응답 전송됨 (크기: 40)"}
{"time":"2026-06-02T01:51:13.129Z","level":"DEBUG","tag":"service-server:WebSocketHandler","msg":"요청 수신됨 [object Object]"}
{"time":"2026-06-02T01:51:13.130Z","level":"DEBUG","tag":"service-server:WebSocketHandler","msg":"응답 전송됨 (크기: 40)"}
{"time":"2026-06-02T01:51:13.139Z","level":"DEBUG","tag":"service-server:WebSocketHandler","msg":"요청 수신됨 [object Object]"}
{"time":"2026-06-02T01:51:13.140Z","level":"DEBUG","tag":"service-server:WebSocketHandler","msg":"응답 전송됨 (크기: 40)"}
{"time":"2026-06-02T01:51:13.152Z","level":"DEBUG","tag":"service-server:WebSocketHandler","msg":"요청 수신됨 [object Object]"}
{"time":"2026-06-02T01:51:13.158Z","level":"DEBUG","tag":"mysql-db-conn","msg":"쿼리 실행 [object Object]"}
{"time":"2026-06-02T01:51:13.211Z","level":"DEBUG","tag":"service-server:WebSocketHandler","msg":"응답 전송됨 (크기: 6410)"}
{"time":"2026-06-02T01:51:13.225Z","level":"DEBUG","tag":"service-server:WebSocketHandler","msg":"요청 수신됨 [object Object]"}
{"time":"2026-06-02T01:51:13.226Z","level":"DEBUG","tag":"service-server:WebSocketHandler","msg":"응답 전송됨 (크기: 40)"}
{"time":"2026-06-02T01:51:13.235Z","level":"DEBUG","tag":"service-server:WebSocketHandler","msg":"요청 수신됨 [object Object]"}
{"time":"2026-06-02T01:51:13.235Z","level":"DEBUG","tag":"service-server:WebSocketHandler","msg":"응답 전송됨 (크기: 40)"}
{"time":"2026-06-02T01:51:13.243Z","level":"DEBUG","tag":"service-server:WebSocketHandler","msg":"요청 수신됨 [object Object]"}
{"time":"2026-06-02T01:51:13.243Z","level":"DEBUG","tag":"service-server:WebSocketHandler","msg":"응답 전송됨 (크기: 40)"}
{"time":"2026-06-02T01:51:13.251Z","level":"DEBUG","tag":"service-server:WebSocketHandler","msg":"요청 수신됨 [object Object]"}
{"time":"2026-06-02T01:51:13.251Z","level":"DEBUG","tag":"service-server:WebSocketHandler","msg":"응답 전송됨 (크기: 79)"}
{"time":"2026-06-02T01:51:13.259Z","level":"DEBUG","tag":"service-server:WebSocketHandler","msg":"요청 수신됨 [object Object]"}
{"time":"2026-06-02T01:51:13.262Z","level":"DEBUG","tag":"service-server:WebSocketHandler","msg":"응답 전송됨 (크기: 42)"}
{"time":"2026-06-02T01:51:13.269Z","level":"DEBUG","tag":"service-server:WebSocketHandler","msg":"요청 수신됨 [object Object]"}
{"time":"2026-06-02T01:51:13.270Z","level":"DEBUG","tag":"mysql-db-conn","msg":"쿼리 실행 [object Object]"}
{"time":"2026-06-02T01:51:13.271Z","level":"DEBUG","tag":"service-server:WebSocketHandler","msg":"응답 전송됨 (크기: 68)"}
{"time":"2026-06-02T01:51:13.278Z","level":"DEBUG","tag":"service-server:WebSocketHandler","msg":"요청 수신됨 [object Object]"}
{"time":"2026-06-02T01:51:13.278Z","level":"DEBUG","tag":"mysql-db-conn","msg":"쿼리 실행 [object Object]"}
{"time":"2026-06-02T01:51:13.280Z","level":"DEBUG","tag":"service-server:WebSocketHandler","msg":"응답 전송됨 (크기: 92)"}
{"time":"2026-06-02T01:51:13.288Z","level":"DEBUG","tag":"service-server:WebSocketHandler","msg":"요청 수신됨 [object Object]"}
{"time":"2026-06-02T01:51:13.288Z","level":"DEBUG","tag":"mysql-db-conn","msg":"쿼리 실행 [object Object]"}
{"time":"2026-06-02T01:51:13.292Z","level":"DEBUG","tag":"service-server:WebSocketHandler","msg":"응답 전송됨 (크기: 670)"}
{"time":"2026-06-02T01:51:13.300Z","level":"DEBUG","tag":"service-server:WebSocketHandler","msg":"요청 수신됨 [object Object]"}
{"time":"2026-06-02T01:51:13.304Z","level":"DEBUG","tag":"service-server:WebSocketHandler","msg":"응답 전송됨 (크기: 556)"}
{"time":"2026-06-02T01:51:13.313Z","level":"DEBUG","tag":"service-server:WebSocketHandler","msg":"요청 수신됨 [object Object]"}
{"time":"2026-06-02T01:51:13.288Z","level":"DEBUG","tag":"mysql-db-conn","msg":"쿼리 실행 [object Object]"}
{"time":"2026-06-02T01:51:13.313Z","level":"DEBUG","tag":"mysql-db-conn","msg":"쿼리 실행 [object Object]"}
{"time":"2026-06-02T01:51:23.712Z","level":"DEBUG","tag":"service-server:WebSocketHandler","msg":"응답 전송됨 (크기: 194)"}
{"time":"2026-06-02T01:51:23.714Z","level":"DEBUG","tag":"service-server:WebSocketHandler","msg":"클라이언트 연결 해제됨: (code: 1001)"}
{"time":"2026-06-02T01:51:23.714Z","level":"DEBUG","tag":"service-server:OrmService","msg":"소켓 종료 감지: 열린 모든 DB 연결을 정리합니다."}
{"time":"2026-06-02T01:51:42.134Z","level":"DEBUG","tag":"service-server:WebSocketHandler","msg":"클라이언트 연결 해제됨: (code: 1005)"}
{"time":"2026-06-02T01:51:49.633Z","level":"DEBUG","tag":"service-server:WebSocketHandler","msg":"클라이언트 연결됨 [object Object]"}
{"time":"2026-06-02T01:51:49.709Z","level":"DEBUG","tag":"service-server:WebSocketHandler","msg":"요청 수신됨 [object Object]"}
{"time":"2026-06-02T01:51:49.710Z","level":"DEBUG","tag":"service-server:WebSocketHandler","msg":"응답 전송됨 (크기: 40)"}
{"time":"2026-06-02T01:52:15.882Z","level":"DEBUG","tag":"service-server:WebSocketHandler","msg":"클라이언트 연결 해제됨: (code: 1005)"}
{"time":"2026-06-02T01:52:42.152Z","level":"DEBUG","tag":"service-server:WebSocketHandler","msg":"클라이언트 연결됨 [object Object]"}
{"time":"2026-06-02T01:52:42.161Z","level":"DEBUG","tag":"service-server:WebSocketHandler","msg":"요청 수신됨 [object Object]"}
{"time":"2026-06-02T01:52:42.163Z","level":"DEBUG","tag":"service-server:WebSocketHandler","msg":"응답 전송됨 (크기: 40)"}
{"time":"2026-06-02T01:52:53.839Z","level":"DEBUG","tag":"service-server:WebSocketHandler","msg":"요청 수신됨 [object Object]"}
{"time":"2026-06-02T01:52:53.850Z","level":"DEBUG","tag":"mysql-db-conn","msg":"쿼리 실행 [object Object]"}
{"time":"2026-06-02T01:52:53.859Z","level":"DEBUG","tag":"service-server:WebSocketHandler","msg":"응답 전송됨 (크기: 2279)"}
{"time":"2026-06-02T01:52:53.867Z","level":"DEBUG","tag":"service-server:WebSocketHandler","msg":"요청 수신됨 [object Object]"}
{"time":"2026-06-02T01:52:53.868Z","level":"DEBUG","tag":"service-server:WebSocketHandler","msg":"응답 전송됨 (크기: 40)"}
{"time":"2026-06-02T01:52:53.873Z","level":"DEBUG","tag":"service-server:WebSocketHandler","msg":"요청 수신됨 [object Object]"}
{"time":"2026-06-02T01:52:53.873Z","level":"DEBUG","tag":"service-server:WebSocketHandler","msg":"응답 전송됨 (크기: 40)"}
{"time":"2026-06-02T01:52:53.879Z","level":"DEBUG","tag":"service-server:WebSocketHandler","msg":"요청 수신됨 [object Object]"}
{"time":"2026-06-02T01:52:53.879Z","level":"DEBUG","tag":"service-server:WebSocketHandler","msg":"응답 전송됨 (크기: 40)"}
{"time":"2026-06-02T01:52:53.887Z","level":"DEBUG","tag":"service-server:WebSocketHandler","msg":"요청 수신됨 [object Object]"}
{"time":"2026-06-02T01:52:53.891Z","level":"DEBUG","tag":"mysql-db-conn","msg":"쿼리 실행 [object Object]"}
{"time":"2026-06-02T01:52:53.895Z","level":"DEBUG","tag":"service-server:WebSocketHandler","msg":"응답 전송됨 (크기: 2279)"}
{"time":"2026-06-02T01:52:53.902Z","level":"DEBUG","tag":"service-server:WebSocketHandler","msg":"요청 수신됨 [object Object]"}
{"time":"2026-06-02T01:52:53.902Z","level":"DEBUG","tag":"service-server:WebSocketHandler","msg":"응답 전송됨 (크기: 40)"}
{"time":"2026-06-02T01:52:53.908Z","level":"DEBUG","tag":"service-server:WebSocketHandler","msg":"요청 수신됨 [object Object]"}
{"time":"2026-06-02T01:52:53.908Z","level":"DEBUG","tag":"service-server:WebSocketHandler","msg":"응답 전송됨 (크기: 40)"}
{"time":"2026-06-02T01:52:53.914Z","level":"DEBUG","tag":"service-server:WebSocketHandler","msg":"요청 수신됨 [object Object]"}
{"time":"2026-06-02T01:52:53.914Z","level":"DEBUG","tag":"service-server:WebSocketHandler","msg":"응답 전송됨 (크기: 40)"}
{"time":"2026-06-02T01:52:53.920Z","level":"DEBUG","tag":"service-server:WebSocketHandler","msg":"요청 수신됨 [object Object]"}
{"time":"2026-06-02T01:52:53.920Z","level":"DEBUG","tag":"service-server:WebSocketHandler","msg":"응답 전송됨 (크기: 79)"}
{"time":"2026-06-02T01:52:53.926Z","level":"DEBUG","tag":"service-server:WebSocketHandler","msg":"요청 수신됨 [object Object]"}
{"time":"2026-06-02T01:52:53.935Z","level":"DEBUG","tag":"service-server:WebSocketHandler","msg":"응답 전송됨 (크기: 42)"}
{"time":"2026-06-02T01:52:53.940Z","level":"DEBUG","tag":"service-server:WebSocketHandler","msg":"요청 수신됨 [object Object]"}
{"time":"2026-06-02T01:52:53.941Z","level":"DEBUG","tag":"mysql-db-conn","msg":"쿼리 실행 [object Object]"}
{"time":"2026-06-02T01:52:53.943Z","level":"DEBUG","tag":"service-server:WebSocketHandler","msg":"응답 전송됨 (크기: 68)"}
{"time":"2026-06-02T01:52:53.949Z","level":"DEBUG","tag":"service-server:WebSocketHandler","msg":"요청 수신됨 [object Object]"}
{"time":"2026-06-02T01:52:53.949Z","level":"DEBUG","tag":"mysql-db-conn","msg":"쿼리 실행 [object Object]"}
{"time":"2026-06-02T01:52:53.950Z","level":"DEBUG","tag":"service-server:WebSocketHandler","msg":"응답 전송됨 (크기: 92)"}
{"time":"2026-06-02T01:52:53.957Z","level":"DEBUG","tag":"service-server:WebSocketHandler","msg":"요청 수신됨 [object Object]"}
{"time":"2026-06-02T01:52:53.957Z","level":"DEBUG","tag":"mysql-db-conn","msg":"쿼리 실행 [object Object]"}
{"time":"2026-06-02T01:52:53.960Z","level":"DEBUG","tag":"service-server:WebSocketHandler","msg":"응답 전송됨 (크기: 670)"}
{"time":"2026-06-02T01:52:53.969Z","level":"DEBUG","tag":"service-server:WebSocketHandler","msg":"요청 수신됨 [object Object]"}
{"time":"2026-06-02T01:52:53.969Z","level":"DEBUG","tag":"mysql-db-conn","msg":"쿼리 실행 [object Object]"}
{"time":"2026-06-02T01:52:53.972Z","level":"DEBUG","tag":"service-server:WebSocketHandler","msg":"응답 전송됨 (크기: 556)"}
{"time":"2026-06-02T01:52:53.979Z","level":"DEBUG","tag":"service-server:WebSocketHandler","msg":"요청 수신됨 [object Object]"}
{"time":"2026-06-02T01:52:53.979Z","level":"DEBUG","tag":"mysql-db-conn","msg":"쿼리 실행 [object Object]"}
{"time":"2026-06-02T01:53:04.830Z","level":"DEBUG","tag":"service-server:WebSocketHandler","msg":"응답 전송됨 (크기: 194)"}
{"time":"2026-06-02T01:53:04.835Z","level":"DEBUG","tag":"service-server:WebSocketHandler","msg":"클라이언트 연결 해제됨: (code: 1005)"}
{"time":"2026-06-02T01:53:04.836Z","level":"DEBUG","tag":"service-server:WebSocketHandler","msg":"요청 수신됨 [object Object]"}
{"time":"2026-06-02T01:53:04.837Z","level":"DEBUG","tag":"service-server:WebSocketHandler","msg":"응답 전송됨 (크기: 45)"}
{"time":"2026-06-02T01:53:04.843Z","level":"DEBUG","tag":"service-server:WebSocketHandler","msg":"요청 수신됨 [object Object]"}
{"time":"2026-06-02T01:53:04.843Z","level":"DEBUG","tag":"service-server:WebSocketHandler","msg":"응답 전송됨 (크기: 40)"}
{"time":"2026-06-02T01:53:15.930Z","level":"DEBUG","tag":"service-server:WebSocketHandler","msg":"클라이언트 연결됨 [object Object]"}
{"time":"2026-06-02T01:53:15.993Z","level":"DEBUG","tag":"service-server:WebSocketHandler","msg":"요청 수신됨 [object Object]"}
{"time":"2026-06-02T01:53:15.995Z","level":"DEBUG","tag":"service-server:WebSocketHandler","msg":"응답 전송됨 (크기: 40)"}
{"time":"2026-06-02T01:53:16.036Z","level":"DEBUG","tag":"service-server:WebSocketHandler","msg":"클라이언트 연결 해제됨: (code: 1005)"}
{"time":"2026-06-02T01:53:49.557Z","level":"DEBUG","tag":"service-server:WebSocketHandler","msg":"클라이언트 연결 해제됨: (code: 1005)"}
{"time":"2026-06-02T01:54:03.088Z","level":"DEBUG","tag":"service-server:WebSocketHandler","msg":"클라이언트 연결됨 [object Object]"}
{"time":"2026-06-02T01:54:03.094Z","level":"DEBUG","tag":"service-server:WebSocketHandler","msg":"요청 수신됨 [object Object]"}
{"time":"2026-06-02T01:54:03.096Z","level":"DEBUG","tag":"service-server:WebSocketHandler","msg":"응답 전송됨 (크기: 123)"}
{"time":"2026-06-02T01:54:16.040Z","level":"DEBUG","tag":"service-server:WebSocketHandler","msg":"클라이언트 연결됨 [object Object]"}
{"time":"2026-06-02T01:54:16.048Z","level":"DEBUG","tag":"service-server:WebSocketHandler","msg":"요청 수신됨 [object Object]"}
{"time":"2026-06-02T01:54:16.048Z","level":"DEBUG","tag":"service-server:WebSocketHandler","msg":"응답 전송됨 (크기: 40)"}
{"time":"2026-06-02T01:54:42.141Z","level":"DEBUG","tag":"service-server:WebSocketHandler","msg":"클라이언트 연결 해제됨: (code: 1005)"}
{"time":"2026-06-02T01:54:42.141Z","level":"DEBUG","tag":"service-server:OrmService","msg":"소켓 종료 감지: 열린 모든 DB 연결을 정리합니다."}
{"time":"2026-06-02T01:54:49.565Z","level":"DEBUG","tag":"service-server:WebSocketHandler","msg":"클라이언트 연결됨 [object Object]"}
{"time":"2026-06-02T01:54:49.608Z","level":"DEBUG","tag":"service-server:WebSocketHandler","msg":"요청 수신됨 [object Object]"}
{"time":"2026-06-02T01:54:49.609Z","level":"DEBUG","tag":"service-server:WebSocketHandler","msg":"응답 전송됨 (크기: 40)"}
{"time":"2026-06-02T01:55:15.849Z","level":"DEBUG","tag":"service-server:WebSocketHandler","msg":"클라이언트 연결 해제됨: (code: 1005)"}
{"time":"2026-06-02T01:55:42.155Z","level":"DEBUG","tag":"service-server:WebSocketHandler","msg":"클라이언트 연결됨 [object Object]"}
{"time":"2026-06-02T01:55:42.162Z","level":"DEBUG","tag":"service-server:WebSocketHandler","msg":"요청 수신됨 [object Object]"}
{"time":"2026-06-02T01:55:42.163Z","level":"DEBUG","tag":"service-server:WebSocketHandler","msg":"응답 전송됨 (크기: 40)"}
{"time":"2026-06-02T01:56:03.090Z","level":"DEBUG","tag":"service-server:WebSocketHandler","msg":"클라이언트 연결 해제됨: (code: 1005)"}
{"time":"2026-06-02T01:56:15.855Z","level":"DEBUG","tag":"service-server:WebSocketHandler","msg":"클라이언트 연결됨 [object Object]"}
{"time":"2026-06-02T01:56:15.865Z","level":"DEBUG","tag":"service-server:WebSocketHandler","msg":"요청 수신됨 [object Object]"}
{"time":"2026-06-02T01:56:15.866Z","level":"DEBUG","tag":"service-server:WebSocketHandler","msg":"응답 전송됨 (크기: 40)"}
{"time":"2026-06-02T01:56:16.013Z","level":"DEBUG","tag":"service-server:WebSocketHandler","msg":"클라이언트 연결 해제됨: (code: 1005)"}
{"time":"2026-06-02T01:56:49.553Z","level":"DEBUG","tag":"service-server:WebSocketHandler","msg":"클라이언트 연결 해제됨: (code: 1005)"}
{"time":"2026-06-02T01:57:03.081Z","level":"DEBUG","tag":"service-server:WebSocketHandler","msg":"클라이언트 연결됨 [object Object]"}
{"time":"2026-06-02T01:57:03.086Z","level":"DEBUG","tag":"service-server:WebSocketHandler","msg":"요청 수신됨 [object Object]"}
{"time":"2026-06-02T01:57:03.088Z","level":"DEBUG","tag":"service-server:WebSocketHandler","msg":"응답 전송됨 (크기: 123)"}
{"time":"2026-06-02T01:57:16.027Z","level":"DEBUG","tag":"service-server:WebSocketHandler","msg":"클라이언트 연결됨 [object Object]"}
{"time":"2026-06-02T01:57:16.040Z","level":"DEBUG","tag":"service-server:WebSocketHandler","msg":"요청 수신됨 [object Object]"}
{"time":"2026-06-02T01:57:16.041Z","level":"DEBUG","tag":"service-server:WebSocketHandler","msg":"응답 전송됨 (크기: 40)"}
{"time":"2026-06-02T01:57:42.151Z","level":"DEBUG","tag":"service-server:WebSocketHandler","msg":"클라이언트 연결 해제됨: (code: 1005)"}
{"time":"2026-06-02T01:57:49.568Z","level":"DEBUG","tag":"service-server:WebSocketHandler","msg":"클라이언트 연결됨 [object Object]"}
{"time":"2026-06-02T01:57:49.584Z","level":"DEBUG","tag":"service-server:WebSocketHandler","msg":"요청 수신됨 [object Object]"}
{"time":"2026-06-02T01:57:49.585Z","level":"DEBUG","tag":"service-server:WebSocketHandler","msg":"응답 전송됨 (크기: 40)"}
{"time":"2026-06-02T01:58:15.859Z","level":"DEBUG","tag":"service-server:WebSocketHandler","msg":"클라이언트 연결 해제됨: (code: 1005)"}
{"time":"2026-06-02T01:58:42.159Z","level":"DEBUG","tag":"service-server:WebSocketHandler","msg":"클라이언트 연결됨 [object Object]"}
{"time":"2026-06-02T01:58:42.169Z","level":"DEBUG","tag":"service-server:WebSocketHandler","msg":"요청 수신됨 [object Object]"}
{"time":"2026-06-02T01:58:42.170Z","level":"DEBUG","tag":"service-server:WebSocketHandler","msg":"응답 전송됨 (크기: 40)"}
{"time":"2026-06-02T01:59:03.086Z","level":"DEBUG","tag":"service-server:WebSocketHandler","msg":"클라이언트 연결 해제됨: (code: 1005)"}
{"time":"2026-06-02T01:59:15.870Z","level":"DEBUG","tag":"service-server:WebSocketHandler","msg":"클라이언트 연결됨 [object Object]"}
{"time":"2026-06-02T01:59:15.896Z","level":"DEBUG","tag":"service-server:WebSocketHandler","msg":"요청 수신됨 [object Object]"}
{"time":"2026-06-02T01:59:15.897Z","level":"DEBUG","tag":"service-server:WebSocketHandler","msg":"응답 전송됨 (크기: 40)"}
{"time":"2026-06-02T01:59:16.007Z","level":"DEBUG","tag":"service-server:WebSocketHandler","msg":"클라이언트 연결 해제됨: (code: 1005)"}
{"time":"2026-06-02T01:59:49.548Z","level":"DEBUG","tag":"service-server:WebSocketHandler","msg":"클라이언트 연결 해제됨: (code: 1005)"}
{"time":"2026-06-02T02:00:03.085Z","level":"DEBUG","tag":"service-server:WebSocketHandler","msg":"클라이언트 연결됨 [object Object]"}
{"time":"2026-06-02T02:00:03.090Z","level":"DEBUG","tag":"service-server:WebSocketHandler","msg":"요청 수신됨 [object Object]"}
{"time":"2026-06-02T02:00:03.092Z","level":"DEBUG","tag":"service-server:WebSocketHandler","msg":"응답 전송됨 (크기: 123)"}
{"time":"2026-06-02T02:00:16.012Z","level":"DEBUG","tag":"service-server:WebSocketHandler","msg":"클라이언트 연결됨 [object Object]"}
{"time":"2026-06-02T02:00:16.021Z","level":"DEBUG","tag":"service-server:WebSocketHandler","msg":"요청 수신됨 [object Object]"}
{"time":"2026-06-02T02:00:16.022Z","level":"DEBUG","tag":"service-server:WebSocketHandler","msg":"응답 전송됨 (크기: 40)"}
{"time":"2026-06-02T02:00:42.149Z","level":"DEBUG","tag":"service-server:WebSocketHandler","msg":"클라이언트 연결 해제됨: (code: 1005)"}
{"time":"2026-06-02T02:00:49.575Z","level":"DEBUG","tag":"service-server:WebSocketHandler","msg":"클라이언트 연결됨 [object Object]"}
{"time":"2026-06-02T02:00:49.605Z","level":"DEBUG","tag":"service-server:WebSocketHandler","msg":"요청 수신됨 [object Object]"}
{"time":"2026-06-02T02:00:49.606Z","level":"DEBUG","tag":"service-server:WebSocketHandler","msg":"응답 전송됨 (크기: 40)"}
{"time":"2026-06-02T02:01:15.834Z","level":"DEBUG","tag":"service-server:WebSocketHandler","msg":"클라이언트 연결 해제됨: (code: 1005)"}
{"time":"2026-06-02T02:01:42.148Z","level":"DEBUG","tag":"service-server:WebSocketHandler","msg":"클라이언트 연결됨 [object Object]"}
{"time":"2026-06-02T02:01:42.155Z","level":"DEBUG","tag":"service-server:WebSocketHandler","msg":"요청 수신됨 [object Object]"}
{"time":"2026-06-02T02:01:42.157Z","level":"DEBUG","tag":"service-server:WebSocketHandler","msg":"응답 전송됨 (크기: 40)"}
{"time":"2026-06-02T02:02:03.090Z","level":"DEBUG","tag":"service-server:WebSocketHandler","msg":"클라이언트 연결 해제됨: (code: 1005)"}
{"time":"2026-06-02T02:02:15.945Z","level":"DEBUG","tag":"service-server:WebSocketHandler","msg":"클라이언트 연결됨 [object Object]"}
{"time":"2026-06-02T02:02:16.029Z","level":"DEBUG","tag":"service-server:WebSocketHandler","msg":"요청 수신됨 [object Object]"}
{"time":"2026-06-02T02:02:16.030Z","level":"DEBUG","tag":"service-server:WebSocketHandler","msg":"응답 전송됨 (크기: 40)"}
{"time":"2026-06-02T02:02:16.118Z","level":"DEBUG","tag":"service-server:WebSocketHandler","msg":"클라이언트 연결 해제됨: (code: 1005)"}
{"time":"2026-06-02T02:02:49.565Z","level":"DEBUG","tag":"service-server:WebSocketHandler","msg":"클라이언트 연결 해제됨: (code: 1005)"}
{"time":"2026-06-02T02:03:03.092Z","level":"DEBUG","tag":"service-server:WebSocketHandler","msg":"클라이언트 연결됨 [object Object]"}
{"time":"2026-06-02T02:03:03.097Z","level":"DEBUG","tag":"service-server:WebSocketHandler","msg":"요청 수신됨 [object Object]"}
{"time":"2026-06-02T02:03:03.099Z","level":"DEBUG","tag":"service-server:WebSocketHandler","msg":"응답 전송됨 (크기: 123)"}
{"time":"2026-06-02T02:03:16.032Z","level":"DEBUG","tag":"service-server:WebSocketHandler","msg":"클라이언트 연결됨 [object Object]"}
{"time":"2026-06-02T02:03:16.046Z","level":"DEBUG","tag":"service-server:WebSocketHandler","msg":"요청 수신됨 [object Object]"}
{"time":"2026-06-02T02:03:16.047Z","level":"DEBUG","tag":"service-server:WebSocketHandler","msg":"응답 전송됨 (크기: 40)"}
{"time":"2026-06-02T02:03:42.147Z","level":"DEBUG","tag":"service-server:WebSocketHandler","msg":"클라이언트 연결 해제됨: (code: 1005)"}
{"time":"2026-06-02T02:03:49.557Z","level":"DEBUG","tag":"service-server:WebSocketHandler","msg":"클라이언트 연결됨 [object Object]"}
{"time":"2026-06-02T02:03:49.579Z","level":"DEBUG","tag":"service-server:WebSocketHandler","msg":"요청 수신됨 [object Object]"}
{"time":"2026-06-02T02:03:49.580Z","level":"DEBUG","tag":"service-server:WebSocketHandler","msg":"응답 전송됨 (크기: 40)"}
{"time":"2026-06-02T02:04:15.843Z","level":"DEBUG","tag":"service-server:WebSocketHandler","msg":"클라이언트 연결 해제됨: (code: 1005)"}
{"time":"2026-06-02T02:04:42.159Z","level":"DEBUG","tag":"service-server:WebSocketHandler","msg":"클라이언트 연결됨 [object Object]"}
{"time":"2026-06-02T02:04:42.173Z","level":"DEBUG","tag":"service-server:WebSocketHandler","msg":"요청 수신됨 [object Object]"}
{"time":"2026-06-02T02:04:42.174Z","level":"DEBUG","tag":"service-server:WebSocketHandler","msg":"응답 전송됨 (크기: 40)"}
{"time":"2026-06-02T02:05:03.097Z","level":"DEBUG","tag":"service-server:WebSocketHandler","msg":"클라이언트 연결 해제됨: (code: 1005)"}
{"time":"2026-06-02T02:05:15.842Z","level":"DEBUG","tag":"service-server:WebSocketHandler","msg":"클라이언트 연결됨 [object Object]"}
{"time":"2026-06-02T02:05:15.852Z","level":"DEBUG","tag":"service-server:WebSocketHandler","msg":"요청 수신됨 [object Object]"}
{"time":"2026-06-02T02:05:15.853Z","level":"DEBUG","tag":"service-server:WebSocketHandler","msg":"응답 전송됨 (크기: 40)"}
{"time":"2026-06-02T02:05:16.004Z","level":"DEBUG","tag":"service-server:WebSocketHandler","msg":"클라이언트 연결 해제됨: (code: 1005)"}
{"time":"2026-06-02T02:05:49.549Z","level":"DEBUG","tag":"service-server:WebSocketHandler","msg":"클라이언트 연결 해제됨: (code: 1005)"}
{"time":"2026-06-02T02:06:03.102Z","level":"DEBUG","tag":"service-server:WebSocketHandler","msg":"클라이언트 연결됨 [object Object]"}
{"time":"2026-06-02T02:06:03.108Z","level":"DEBUG","tag":"service-server:WebSocketHandler","msg":"요청 수신됨 [object Object]"}
{"time":"2026-06-02T02:06:03.109Z","level":"DEBUG","tag":"service-server:WebSocketHandler","msg":"응답 전송됨 (크기: 123)"}
{"time":"2026-06-02T02:06:42.150Z","level":"DEBUG","tag":"service-server:WebSocketHandler","msg":"클라이언트 연결 해제됨: (code: 1005)"}
{"time":"2026-06-02T02:06:49.563Z","level":"DEBUG","tag":"service-server:WebSocketHandler","msg":"클라이언트 연결됨 [object Object]"}
{"time":"2026-06-02T02:06:49.595Z","level":"DEBUG","tag":"service-server:WebSocketHandler","msg":"요청 수신됨 [object Object]"}
{"time":"2026-06-02T02:06:49.596Z","level":"DEBUG","tag":"service-server:WebSocketHandler","msg":"응답 전송됨 (크기: 40)"}
{"time":"2026-06-02T02:07:15.842Z","level":"DEBUG","tag":"service-server:WebSocketHandler","msg":"클라이언트 연결 해제됨: (code: 1005)"}
{"time":"2026-06-02T02:07:42.145Z","level":"DEBUG","tag":"service-server:WebSocketHandler","msg":"클라이언트 연결됨 [object Object]"}
{"time":"2026-06-02T02:07:42.154Z","level":"DEBUG","tag":"service-server:WebSocketHandler","msg":"요청 수신됨 [object Object]"}
{"time":"2026-06-02T02:07:42.155Z","level":"DEBUG","tag":"service-server:WebSocketHandler","msg":"응답 전송됨 (크기: 40)"}
{"time":"2026-06-02T02:08:03.091Z","level":"DEBUG","tag":"service-server:WebSocketHandler","msg":"클라이언트 연결 해제됨: (code: 1005)"}
{"time":"2026-06-02T02:08:15.833Z","level":"DEBUG","tag":"service-server:WebSocketHandler","msg":"클라이언트 연결됨 [object Object]"}
{"time":"2026-06-02T02:08:15.863Z","level":"DEBUG","tag":"service-server:WebSocketHandler","msg":"요청 수신됨 [object Object]"}
{"time":"2026-06-02T02:08:15.864Z","level":"DEBUG","tag":"service-server:WebSocketHandler","msg":"응답 전송됨 (크기: 40)"}
{"time":"2026-06-02T02:08:49.539Z","level":"DEBUG","tag":"service-server:WebSocketHandler","msg":"클라이언트 연결 해제됨: (code: 1005)"}
{"time":"2026-06-02T02:09:03.106Z","level":"DEBUG","tag":"service-server:WebSocketHandler","msg":"클라이언트 연결됨 [object Object]"}
{"time":"2026-06-02T02:09:03.111Z","level":"DEBUG","tag":"service-server:WebSocketHandler","msg":"요청 수신됨 [object Object]"}
{"time":"2026-06-02T02:09:03.112Z","level":"DEBUG","tag":"service-server:WebSocketHandler","msg":"응답 전송됨 (크기: 123)"}
{"time":"2026-06-02T02:09:42.137Z","level":"DEBUG","tag":"service-server:WebSocketHandler","msg":"클라이언트 연결 해제됨: (code: 1005)"}
{"time":"2026-06-02T02:09:49.557Z","level":"DEBUG","tag":"service-server:WebSocketHandler","msg":"클라이언트 연결됨 [object Object]"}
{"time":"2026-06-02T02:09:49.573Z","level":"DEBUG","tag":"service-server:WebSocketHandler","msg":"요청 수신됨 [object Object]"}
{"time":"2026-06-02T02:09:49.574Z","level":"DEBUG","tag":"service-server:WebSocketHandler","msg":"응답 전송됨 (크기: 40)"}
{"time":"2026-06-02T02:10:15.821Z","level":"DEBUG","tag":"service-server:WebSocketHandler","msg":"클라이언트 연결 해제됨: (code: 1005)"}
{"time":"2026-06-02T02:10:42.145Z","level":"DEBUG","tag":"service-server:WebSocketHandler","msg":"클라이언트 연결됨 [object Object]"}
{"time":"2026-06-02T02:10:42.153Z","level":"DEBUG","tag":"service-server:WebSocketHandler","msg":"요청 수신됨 [object Object]"}
{"time":"2026-06-02T02:10:42.154Z","level":"DEBUG","tag":"service-server:WebSocketHandler","msg":"응답 전송됨 (크기: 40)"}
{"time":"2026-06-02T02:11:03.094Z","level":"DEBUG","tag":"service-server:WebSocketHandler","msg":"클라이언트 연결 해제됨: (code: 1005)"}
{"time":"2026-06-02T02:11:15.837Z","level":"DEBUG","tag":"service-server:WebSocketHandler","msg":"클라이언트 연결됨 [object Object]"}
{"time":"2026-06-02T02:11:15.847Z","level":"DEBUG","tag":"service-server:WebSocketHandler","msg":"요청 수신됨 [object Object]"}
{"time":"2026-06-02T02:11:15.848Z","level":"DEBUG","tag":"service-server:WebSocketHandler","msg":"응답 전송됨 (크기: 40)"}
{"time":"2026-06-02T02:11:49.556Z","level":"DEBUG","tag":"service-server:WebSocketHandler","msg":"클라이언트 연결 해제됨: (code: 1005)"}
{"time":"2026-06-02T02:12:03.101Z","level":"DEBUG","tag":"service-server:WebSocketHandler","msg":"클라이언트 연결됨 [object Object]"}
{"time":"2026-06-02T02:12:03.106Z","level":"DEBUG","tag":"service-server:WebSocketHandler","msg":"요청 수신됨 [object Object]"}
{"time":"2026-06-02T02:12:03.107Z","level":"DEBUG","tag":"service-server:WebSocketHandler","msg":"응답 전송됨 (크기: 123)"}
{"time":"2026-06-02T02:12:42.136Z","level":"DEBUG","tag":"service-server:WebSocketHandler","msg":"클라이언트 연결 해제됨: (code: 1005)"}
{"time":"2026-06-02T02:12:49.563Z","level":"DEBUG","tag":"service-server:WebSocketHandler","msg":"클라이언트 연결됨 [object Object]"}
{"time":"2026-06-02T02:12:49.572Z","level":"DEBUG","tag":"service-server:WebSocketHandler","msg":"요청 수신됨 [object Object]"}
{"time":"2026-06-02T02:12:49.573Z","level":"DEBUG","tag":"service-server:WebSocketHandler","msg":"응답 전송됨 (크기: 40)"}
{"time":"2026-06-02T02:13:15.817Z","level":"DEBUG","tag":"service-server:WebSocketHandler","msg":"클라이언트 연결 해제됨: (code: 1005)"}
{"time":"2026-06-02T02:13:42.143Z","level":"DEBUG","tag":"service-server:WebSocketHandler","msg":"클라이언트 연결됨 [object Object]"}
{"time":"2026-06-02T02:13:42.150Z","level":"DEBUG","tag":"service-server:WebSocketHandler","msg":"요청 수신됨 [object Object]"}
{"time":"2026-06-02T02:13:42.152Z","level":"DEBUG","tag":"service-server:WebSocketHandler","msg":"응답 전송됨 (크기: 40)"}
{"time":"2026-06-02T02:14:03.105Z","level":"DEBUG","tag":"service-server:WebSocketHandler","msg":"클라이언트 연결 해제됨: (code: 1005)"}
{"time":"2026-06-02T02:14:06.455Z","level":"DEBUG","tag":"service-server:WebSocketHandler","msg":"클라이언트 연결 해제됨: (code: 1006)"}
{"time":"2026-06-02T02:14:15.845Z","level":"DEBUG","tag":"service-server:WebSocketHandler","msg":"클라이언트 연결됨 [object Object]"}
{"time":"2026-06-02T02:14:15.855Z","level":"DEBUG","tag":"service-server:WebSocketHandler","msg":"요청 수신됨 [object Object]"}
{"time":"2026-06-02T02:14:15.856Z","level":"DEBUG","tag":"service-server:WebSocketHandler","msg":"응답 전송됨 (크기: 40)"}
{"time":"2026-06-02T02:14:17.554Z","level":"DEBUG","tag":"service-server:WebSocketHandler","msg":"클라이언트 연결됨 [object Object]"}
{"time":"2026-06-02T02:14:17.573Z","level":"DEBUG","tag":"service-server:WebSocketHandler","msg":"요청 수신됨 [object Object]"}
{"time":"2026-06-02T02:14:17.575Z","level":"DEBUG","tag":"service-server:WebSocketHandler","msg":"응답 전송됨 (크기: 40)"}
{"time":"2026-06-02T02:14:17.996Z","level":"DEBUG","tag":"service-server:WebSocketHandler","msg":"클라이언트 연결 해제됨: (code: 1006)"}
{"time":"2026-06-02T02:15:03.102Z","level":"DEBUG","tag":"service-server:WebSocketHandler","msg":"클라이언트 연결됨 [object Object]"}
{"time":"2026-06-02T02:15:03.107Z","level":"DEBUG","tag":"service-server:WebSocketHandler","msg":"요청 수신됨 [object Object]"}
{"time":"2026-06-02T02:15:03.109Z","level":"DEBUG","tag":"service-server:WebSocketHandler","msg":"응답 전송됨 (크기: 123)"}
{"time":"2026-06-02T02:15:42.128Z","level":"DEBUG","tag":"service-server:WebSocketHandler","msg":"클라이언트 연결 해제됨: (code: 1005)"}
{"time":"2026-06-02T02:15:52.433Z","level":"DEBUG","tag":"service-server:WebSocketHandler","msg":"클라이언트 연결됨 [object Object]"}
{"time":"2026-06-02T02:15:53.043Z","level":"DEBUG","tag":"service-server:WebSocketHandler","msg":"요청 수신됨 [object Object]"}
{"time":"2026-06-02T02:15:53.045Z","level":"DEBUG","tag":"service-server:WebSocketHandler","msg":"응답 전송됨 (크기: 40)"}
{"time":"2026-06-02T02:16:15.810Z","level":"DEBUG","tag":"service-server:WebSocketHandler","msg":"클라이언트 연결 해제됨: (code: 1005)"}
{"time":"2026-06-02T02:16:16.430Z","level":"DEBUG","tag":"service-server:WebSocketHandler","msg":"클라이언트 연결됨 [object Object]"}
{"time":"2026-06-02T02:16:16.442Z","level":"DEBUG","tag":"service-server:WebSocketHandler","msg":"요청 수신됨 [object Object]"}
{"time":"2026-06-02T02:16:16.443Z","level":"DEBUG","tag":"service-server:WebSocketHandler","msg":"응답 전송됨 (크기: 40)"}
{"time":"2026-06-02T02:16:19.276Z","level":"DEBUG","tag":"service-server:WebSocketHandler","msg":"요청 수신됨 [object Object]"}
{"time":"2026-06-02T02:16:19.286Z","level":"DEBUG","tag":"mysql-db-conn","msg":"쿼리 실행 [object Object]"}
{"time":"2026-06-02T02:16:19.294Z","level":"DEBUG","tag":"service-server:WebSocketHandler","msg":"응답 전송됨 (크기: 2279)"}
{"time":"2026-06-02T02:16:19.306Z","level":"DEBUG","tag":"service-server:WebSocketHandler","msg":"요청 수신됨 [object Object]"}
{"time":"2026-06-02T02:16:19.306Z","level":"DEBUG","tag":"service-server:WebSocketHandler","msg":"응답 전송됨 (크기: 40)"}
{"time":"2026-06-02T02:16:19.320Z","level":"DEBUG","tag":"service-server:WebSocketHandler","msg":"요청 수신됨 [object Object]"}
{"time":"2026-06-02T02:16:19.320Z","level":"DEBUG","tag":"service-server:WebSocketHandler","msg":"응답 전송됨 (크기: 40)"}
{"time":"2026-06-02T02:16:19.330Z","level":"DEBUG","tag":"service-server:WebSocketHandler","msg":"요청 수신됨 [object Object]"}
{"time":"2026-06-02T02:16:19.331Z","level":"DEBUG","tag":"service-server:WebSocketHandler","msg":"응답 전송됨 (크기: 40)"}
{"time":"2026-06-02T02:16:19.343Z","level":"DEBUG","tag":"service-server:WebSocketHandler","msg":"요청 수신됨 [object Object]"}
{"time":"2026-06-02T02:16:19.350Z","level":"DEBUG","tag":"mysql-db-conn","msg":"쿼리 실행 [object Object]"}
{"time":"2026-06-02T02:16:19.361Z","level":"DEBUG","tag":"service-server:WebSocketHandler","msg":"응답 전송됨 (크기: 2279)"}
{"time":"2026-06-02T02:16:19.367Z","level":"DEBUG","tag":"service-server:WebSocketHandler","msg":"요청 수신됨 [object Object]"}
{"time":"2026-06-02T02:16:19.367Z","level":"DEBUG","tag":"service-server:WebSocketHandler","msg":"응답 전송됨 (크기: 40)"}
{"time":"2026-06-02T02:16:19.373Z","level":"DEBUG","tag":"service-server:WebSocketHandler","msg":"요청 수신됨 [object Object]"}
{"time":"2026-06-02T02:16:19.373Z","level":"DEBUG","tag":"service-server:WebSocketHandler","msg":"응답 전송됨 (크기: 40)"}
{"time":"2026-06-02T02:16:19.381Z","level":"DEBUG","tag":"service-server:WebSocketHandler","msg":"요청 수신됨 [object Object]"}
{"time":"2026-06-02T02:16:19.381Z","level":"DEBUG","tag":"service-server:WebSocketHandler","msg":"응답 전송됨 (크기: 40)"}
{"time":"2026-06-02T02:16:19.387Z","level":"DEBUG","tag":"service-server:WebSocketHandler","msg":"요청 수신됨 [object Object]"}
{"time":"2026-06-02T02:16:19.387Z","level":"DEBUG","tag":"service-server:WebSocketHandler","msg":"응답 전송됨 (크기: 79)"}
{"time":"2026-06-02T02:16:19.393Z","level":"DEBUG","tag":"service-server:WebSocketHandler","msg":"요청 수신됨 [object Object]"}
{"time":"2026-06-02T02:16:19.396Z","level":"DEBUG","tag":"service-server:WebSocketHandler","msg":"응답 전송됨 (크기: 42)"}
{"time":"2026-06-02T02:16:19.406Z","level":"DEBUG","tag":"service-server:WebSocketHandler","msg":"요청 수신됨 [object Object]"}
{"time":"2026-06-02T02:16:19.406Z","level":"DEBUG","tag":"mysql-db-conn","msg":"쿼리 실행 [object Object]"}
{"time":"2026-06-02T02:16:19.408Z","level":"DEBUG","tag":"service-server:WebSocketHandler","msg":"응답 전송됨 (크기: 68)"}
{"time":"2026-06-02T02:16:19.414Z","level":"DEBUG","tag":"service-server:WebSocketHandler","msg":"요청 수신됨 [object Object]"}
{"time":"2026-06-02T02:16:19.414Z","level":"DEBUG","tag":"mysql-db-conn","msg":"쿼리 실행 [object Object]"}
{"time":"2026-06-02T02:16:19.416Z","level":"DEBUG","tag":"service-server:WebSocketHandler","msg":"응답 전송됨 (크기: 92)"}
{"time":"2026-06-02T02:16:19.422Z","level":"DEBUG","tag":"service-server:WebSocketHandler","msg":"요청 수신됨 [object Object]"}
{"time":"2026-06-02T02:16:19.423Z","level":"DEBUG","tag":"mysql-db-conn","msg":"쿼리 실행 [object Object]"}
{"time":"2026-06-02T02:16:19.426Z","level":"DEBUG","tag":"service-server:WebSocketHandler","msg":"응답 전송됨 (크기: 670)"}
{"time":"2026-06-02T02:16:19.432Z","level":"DEBUG","tag":"service-server:WebSocketHandler","msg":"요청 수신됨 [object Object]"}
{"time":"2026-06-02T02:16:19.433Z","level":"DEBUG","tag":"mysql-db-conn","msg":"쿼리 실행 [object Object]"}
{"time":"2026-06-02T02:16:19.436Z","level":"DEBUG","tag":"service-server:WebSocketHandler","msg":"응답 전송됨 (크기: 556)"}
{"time":"2026-06-02T02:16:19.442Z","level":"DEBUG","tag":"service-server:WebSocketHandler","msg":"요청 수신됨 [object Object]"}
{"time":"2026-06-02T02:16:19.443Z","level":"DEBUG","tag":"mysql-db-conn","msg":"쿼리 실행 [object Object]"}
{"time":"2026-06-02T02:16:30.245Z","level":"DEBUG","tag":"service-server:WebSocketHandler","msg":"응답 전송됨 (크기: 194)"}
{"time":"2026-06-02T02:16:30.251Z","level":"DEBUG","tag":"service-server:WebSocketHandler","msg":"요청 수신됨 [object Object]"}
{"time":"2026-06-02T02:16:30.252Z","level":"DEBUG","tag":"service-server:WebSocketHandler","msg":"응답 전송됨 (크기: 45)"}
{"time":"2026-06-02T02:16:30.258Z","level":"DEBUG","tag":"service-server:WebSocketHandler","msg":"요청 수신됨 [object Object]"}
{"time":"2026-06-02T02:16:30.258Z","level":"DEBUG","tag":"service-server:WebSocketHandler","msg":"응답 전송됨 (크기: 40)"}
{"time":"2026-06-02T02:17:03.109Z","level":"DEBUG","tag":"service-server:WebSocketHandler","msg":"클라이언트 연결 해제됨: (code: 1005)"}
{"time":"2026-06-02T02:17:15.826Z","level":"DEBUG","tag":"service-server:WebSocketHandler","msg":"클라이언트 연결됨 [object Object]"}
{"time":"2026-06-02T02:17:15.835Z","level":"DEBUG","tag":"service-server:WebSocketHandler","msg":"요청 수신됨 [object Object]"}
{"time":"2026-06-02T02:17:15.837Z","level":"DEBUG","tag":"service-server:WebSocketHandler","msg":"응답 전송됨 (크기: 40)"}
{"time":"2026-06-02T02:17:49.568Z","level":"DEBUG","tag":"service-server:WebSocketHandler","msg":"클라이언트 연결 해제됨: (code: 1005)"}
{"time":"2026-06-02T02:18:03.116Z","level":"DEBUG","tag":"service-server:WebSocketHandler","msg":"클라이언트 연결됨 [object Object]"}
{"time":"2026-06-02T02:18:03.121Z","level":"DEBUG","tag":"service-server:WebSocketHandler","msg":"요청 수신됨 [object Object]"}
{"time":"2026-06-02T02:18:03.123Z","level":"DEBUG","tag":"service-server:WebSocketHandler","msg":"응답 전송됨 (크기: 123)"}
{"time":"2026-06-02T02:18:42.137Z","level":"DEBUG","tag":"service-server:WebSocketHandler","msg":"클라이언트 연결 해제됨: (code: 1005)"}
{"time":"2026-06-02T02:18:42.137Z","level":"DEBUG","tag":"service-server:OrmService","msg":"소켓 종료 감지: 열린 모든 DB 연결을 정리합니다."}
{"time":"2026-06-02T02:18:49.687Z","level":"DEBUG","tag":"service-server:WebSocketHandler","msg":"클라이언트 연결됨 [object Object]"}
{"time":"2026-06-02T02:18:49.721Z","level":"DEBUG","tag":"service-server:WebSocketHandler","msg":"요청 수신됨 [object Object]"}
{"time":"2026-06-02T02:18:49.722Z","level":"DEBUG","tag":"service-server:WebSocketHandler","msg":"응답 전송됨 (크기: 40)"}
{"time":"2026-06-02T02:19:15.813Z","level":"DEBUG","tag":"service-server:WebSocketHandler","msg":"클라이언트 연결 해제됨: (code: 1005)"}
{"time":"2026-06-02T02:19:42.141Z","level":"DEBUG","tag":"service-server:WebSocketHandler","msg":"클라이언트 연결됨 [object Object]"}
{"time":"2026-06-02T02:19:42.148Z","level":"DEBUG","tag":"service-server:WebSocketHandler","msg":"요청 수신됨 [object Object]"}
{"time":"2026-06-02T02:19:42.149Z","level":"DEBUG","tag":"service-server:WebSocketHandler","msg":"응답 전송됨 (크기: 40)"}
{"time":"2026-06-02T02:20:03.115Z","level":"DEBUG","tag":"service-server:WebSocketHandler","msg":"클라이언트 연결 해제됨: (code: 1005)"}
{"time":"2026-06-02T02:20:15.925Z","level":"DEBUG","tag":"service-server:WebSocketHandler","msg":"클라이언트 연결됨 [object Object]"}
{"time":"2026-06-02T02:20:15.959Z","level":"DEBUG","tag":"service-server:WebSocketHandler","msg":"요청 수신됨 [object Object]"}
{"time":"2026-06-02T02:20:15.960Z","level":"DEBUG","tag":"service-server:WebSocketHandler","msg":"응답 전송됨 (크기: 40)"}
{"time":"2026-06-02T02:20:49.563Z","level":"DEBUG","tag":"service-server:WebSocketHandler","msg":"클라이언트 연결 해제됨: (code: 1005)"}
{"time":"2026-06-02T02:21:03.112Z","level":"DEBUG","tag":"service-server:WebSocketHandler","msg":"클라이언트 연결됨 [object Object]"}
{"time":"2026-06-02T02:21:03.117Z","level":"DEBUG","tag":"service-server:WebSocketHandler","msg":"요청 수신됨 [object Object]"}
{"time":"2026-06-02T02:21:03.119Z","level":"DEBUG","tag":"service-server:WebSocketHandler","msg":"응답 전송됨 (크기: 123)"}
{"time":"2026-06-02T02:21:42.146Z","level":"DEBUG","tag":"service-server:WebSocketHandler","msg":"클라이언트 연결 해제됨: (code: 1005)"}
{"time":"2026-06-02T02:21:49.561Z","level":"DEBUG","tag":"service-server:WebSocketHandler","msg":"클라이언트 연결됨 [object Object]"}
{"time":"2026-06-02T02:21:49.570Z","level":"DEBUG","tag":"service-server:WebSocketHandler","msg":"요청 수신됨 [object Object]"}
{"time":"2026-06-02T02:21:49.572Z","level":"DEBUG","tag":"service-server:WebSocketHandler","msg":"응답 전송됨 (크기: 40)"}
{"time":"2026-06-02T02:22:15.818Z","level":"DEBUG","tag":"service-server:WebSocketHandler","msg":"클라이언트 연결 해제됨: (code: 1005)"}
{"time":"2026-06-02T02:22:42.136Z","level":"DEBUG","tag":"service-server:WebSocketHandler","msg":"클라이언트 연결됨 [object Object]"}
{"time":"2026-06-02T02:22:42.143Z","level":"DEBUG","tag":"service-server:WebSocketHandler","msg":"요청 수신됨 [object Object]"}
{"time":"2026-06-02T02:22:42.144Z","level":"DEBUG","tag":"service-server:WebSocketHandler","msg":"응답 전송됨 (크기: 40)"}
{"time":"2026-06-02T02:23:03.116Z","level":"DEBUG","tag":"service-server:WebSocketHandler","msg":"클라이언트 연결 해제됨: (code: 1005)"}
{"time":"2026-06-02T02:23:15.816Z","level":"DEBUG","tag":"service-server:WebSocketHandler","msg":"클라이언트 연결됨 [object Object]"}
{"time":"2026-06-02T02:23:15.825Z","level":"DEBUG","tag":"service-server:WebSocketHandler","msg":"요청 수신됨 [object Object]"}
{"time":"2026-06-02T02:23:15.826Z","level":"DEBUG","tag":"service-server:WebSocketHandler","msg":"응답 전송됨 (크기: 40)"}
{"time":"2026-06-02T02:23:49.540Z","level":"DEBUG","tag":"service-server:WebSocketHandler","msg":"클라이언트 연결 해제됨: (code: 1005)"}
{"time":"2026-06-02T02:24:03.124Z","level":"DEBUG","tag":"service-server:WebSocketHandler","msg":"클라이언트 연결됨 [object Object]"}
{"time":"2026-06-02T02:24:03.129Z","level":"DEBUG","tag":"service-server:WebSocketHandler","msg":"요청 수신됨 [object Object]"}
{"time":"2026-06-02T02:24:03.131Z","level":"DEBUG","tag":"service-server:WebSocketHandler","msg":"응답 전송됨 (크기: 123)"}
{"time":"2026-06-02T02:24:42.132Z","level":"DEBUG","tag":"service-server:WebSocketHandler","msg":"클라이언트 연결 해제됨: (code: 1005)"}
{"time":"2026-06-02T02:24:49.563Z","level":"DEBUG","tag":"service-server:WebSocketHandler","msg":"클라이언트 연결됨 [object Object]"}
{"time":"2026-06-02T02:24:49.580Z","level":"DEBUG","tag":"service-server:WebSocketHandler","msg":"요청 수신됨 [object Object]"}
{"time":"2026-06-02T02:24:49.582Z","level":"DEBUG","tag":"service-server:WebSocketHandler","msg":"응답 전송됨 (크기: 40)"}
{"time":"2026-06-02T02:25:15.806Z","level":"DEBUG","tag":"service-server:WebSocketHandler","msg":"클라이언트 연결 해제됨: (code: 1005)"}
{"time":"2026-06-02T02:25:42.138Z","level":"DEBUG","tag":"service-server:WebSocketHandler","msg":"클라이언트 연결됨 [object Object]"}
{"time":"2026-06-02T02:25:42.147Z","level":"DEBUG","tag":"service-server:WebSocketHandler","msg":"요청 수신됨 [object Object]"}
{"time":"2026-06-02T02:25:42.148Z","level":"DEBUG","tag":"service-server:WebSocketHandler","msg":"응답 전송됨 (크기: 40)"}
{"time":"2026-06-02T02:26:03.114Z","level":"DEBUG","tag":"service-server:WebSocketHandler","msg":"클라이언트 연결 해제됨: (code: 1005)"}
{"time":"2026-06-02T02:26:15.818Z","level":"DEBUG","tag":"service-server:WebSocketHandler","msg":"클라이언트 연결됨 [object Object]"}
{"time":"2026-06-02T02:26:15.832Z","level":"DEBUG","tag":"service-server:WebSocketHandler","msg":"요청 수신됨 [object Object]"}
{"time":"2026-06-02T02:26:15.833Z","level":"DEBUG","tag":"service-server:WebSocketHandler","msg":"응답 전송됨 (크기: 40)"}
{"time":"2026-06-02T02:26:49.784Z","level":"DEBUG","tag":"service-server:WebSocketHandler","msg":"클라이언트 연결 해제됨: (code: 1005)"}
{"time":"2026-06-02T02:27:03.125Z","level":"DEBUG","tag":"service-server:WebSocketHandler","msg":"클라이언트 연결됨 [object Object]"}
{"time":"2026-06-02T02:27:03.130Z","level":"DEBUG","tag":"service-server:WebSocketHandler","msg":"요청 수신됨 [object Object]"}
{"time":"2026-06-02T02:27:03.132Z","level":"DEBUG","tag":"service-server:WebSocketHandler","msg":"응답 전송됨 (크기: 123)"}
{"time":"2026-06-02T02:27:42.129Z","level":"DEBUG","tag":"service-server:WebSocketHandler","msg":"클라이언트 연결 해제됨: (code: 1005)"}
{"time":"2026-06-02T02:27:49.563Z","level":"DEBUG","tag":"service-server:WebSocketHandler","msg":"클라이언트 연결됨 [object Object]"}
{"time":"2026-06-02T02:27:49.579Z","level":"DEBUG","tag":"service-server:WebSocketHandler","msg":"요청 수신됨 [object Object]"}
{"time":"2026-06-02T02:27:49.580Z","level":"DEBUG","tag":"service-server:WebSocketHandler","msg":"응답 전송됨 (크기: 40)"}
{"time":"2026-06-02T02:28:15.802Z","level":"DEBUG","tag":"service-server:WebSocketHandler","msg":"클라이언트 연결 해제됨: (code: 1005)"}
{"time":"2026-06-02T02:28:42.163Z","level":"DEBUG","tag":"service-server:WebSocketHandler","msg":"클라이언트 연결됨 [object Object]"}
{"time":"2026-06-02T02:28:42.174Z","level":"DEBUG","tag":"service-server:WebSocketHandler","msg":"요청 수신됨 [object Object]"}
{"time":"2026-06-02T02:28:42.175Z","level":"DEBUG","tag":"service-server:WebSocketHandler","msg":"응답 전송됨 (크기: 40)"}
{"time":"2026-06-02T02:29:03.122Z","level":"DEBUG","tag":"service-server:WebSocketHandler","msg":"클라이언트 연결 해제됨: (code: 1005)"}
{"time":"2026-06-02T02:29:15.814Z","level":"DEBUG","tag":"service-server:WebSocketHandler","msg":"클라이언트 연결됨 [object Object]"}
{"time":"2026-06-02T02:29:15.823Z","level":"DEBUG","tag":"service-server:WebSocketHandler","msg":"요청 수신됨 [object Object]"}
{"time":"2026-06-02T02:29:15.824Z","level":"DEBUG","tag":"service-server:WebSocketHandler","msg":"응답 전송됨 (크기: 40)"}
{"time":"2026-06-02T02:29:49.531Z","level":"DEBUG","tag":"service-server:WebSocketHandler","msg":"클라이언트 연결 해제됨: (code: 1005)"}
{"time":"2026-06-02T02:30:03.121Z","level":"DEBUG","tag":"service-server:WebSocketHandler","msg":"클라이언트 연결됨 [object Object]"}
{"time":"2026-06-02T02:30:03.126Z","level":"DEBUG","tag":"service-server:WebSocketHandler","msg":"요청 수신됨 [object Object]"}
{"time":"2026-06-02T02:30:03.127Z","level":"DEBUG","tag":"service-server:WebSocketHandler","msg":"응답 전송됨 (크기: 123)"}
{"time":"2026-06-02T02:30:42.134Z","level":"DEBUG","tag":"service-server:WebSocketHandler","msg":"클라이언트 연결 해제됨: (code: 1005)"}
{"time":"2026-06-02T02:30:49.586Z","level":"DEBUG","tag":"service-server:WebSocketHandler","msg":"클라이언트 연결됨 [object Object]"}
{"time":"2026-06-02T02:30:49.626Z","level":"DEBUG","tag":"service-server:WebSocketHandler","msg":"요청 수신됨 [object Object]"}
{"time":"2026-06-02T02:30:49.627Z","level":"DEBUG","tag":"service-server:WebSocketHandler","msg":"응답 전송됨 (크기: 40)"}
{"time":"2026-06-02T02:31:15.798Z","level":"DEBUG","tag":"service-server:WebSocketHandler","msg":"클라이언트 연결 해제됨: (code: 1005)"}
{"time":"2026-06-02T02:31:42.139Z","level":"DEBUG","tag":"service-server:WebSocketHandler","msg":"클라이언트 연결됨 [object Object]"}
{"time":"2026-06-02T02:31:42.148Z","level":"DEBUG","tag":"service-server:WebSocketHandler","msg":"요청 수신됨 [object Object]"}
{"time":"2026-06-02T02:31:42.149Z","level":"DEBUG","tag":"service-server:WebSocketHandler","msg":"응답 전송됨 (크기: 40)"}
{"time":"2026-06-02T02:32:03.121Z","level":"DEBUG","tag":"service-server:WebSocketHandler","msg":"클라이언트 연결 해제됨: (code: 1005)"}
{"time":"2026-06-02T02:32:15.822Z","level":"DEBUG","tag":"service-server:WebSocketHandler","msg":"클라이언트 연결됨 [object Object]"}
{"time":"2026-06-02T02:32:15.837Z","level":"DEBUG","tag":"service-server:WebSocketHandler","msg":"요청 수신됨 [object Object]"}
{"time":"2026-06-02T02:32:15.838Z","level":"DEBUG","tag":"service-server:WebSocketHandler","msg":"응답 전송됨 (크기: 40)"}
{"time":"2026-06-02T02:32:49.553Z","level":"DEBUG","tag":"service-server:WebSocketHandler","msg":"클라이언트 연결 해제됨: (code: 1005)"}
{"time":"2026-06-02T02:33:03.128Z","level":"DEBUG","tag":"service-server:WebSocketHandler","msg":"클라이언트 연결됨 [object Object]"}
{"time":"2026-06-02T02:33:03.133Z","level":"DEBUG","tag":"service-server:WebSocketHandler","msg":"요청 수신됨 [object Object]"}
{"time":"2026-06-02T02:33:03.134Z","level":"DEBUG","tag":"service-server:WebSocketHandler","msg":"응답 전송됨 (크기: 123)"}
{"time":"2026-06-02T02:33:42.122Z","level":"DEBUG","tag":"service-server:WebSocketHandler","msg":"클라이언트 연결 해제됨: (code: 1005)"}
{"time":"2026-06-02T02:33:49.567Z","level":"DEBUG","tag":"service-server:WebSocketHandler","msg":"클라이언트 연결됨 [object Object]"}
{"time":"2026-06-02T02:33:49.611Z","level":"DEBUG","tag":"service-server:WebSocketHandler","msg":"요청 수신됨 [object Object]"}
{"time":"2026-06-02T02:33:49.613Z","level":"DEBUG","tag":"service-server:WebSocketHandler","msg":"응답 전송됨 (크기: 40)"}
{"time":"2026-06-02T02:34:15.787Z","level":"DEBUG","tag":"service-server:WebSocketHandler","msg":"클라이언트 연결 해제됨: (code: 1005)"}
{"time":"2026-06-02T02:34:42.145Z","level":"DEBUG","tag":"service-server:WebSocketHandler","msg":"클라이언트 연결됨 [object Object]"}
{"time":"2026-06-02T02:34:42.154Z","level":"DEBUG","tag":"service-server:WebSocketHandler","msg":"요청 수신됨 [object Object]"}
{"time":"2026-06-02T02:34:42.155Z","level":"DEBUG","tag":"service-server:WebSocketHandler","msg":"응답 전송됨 (크기: 40)"}
{"time":"2026-06-02T02:35:03.132Z","level":"DEBUG","tag":"service-server:WebSocketHandler","msg":"클라이언트 연결 해제됨: (code: 1005)"}
{"time":"2026-06-02T02:35:15.813Z","level":"DEBUG","tag":"service-server:WebSocketHandler","msg":"클라이언트 연결됨 [object Object]"}
{"time":"2026-06-02T02:35:15.820Z","level":"DEBUG","tag":"service-server:WebSocketHandler","msg":"요청 수신됨 [object Object]"}
{"time":"2026-06-02T02:35:15.821Z","level":"DEBUG","tag":"service-server:WebSocketHandler","msg":"응답 전송됨 (크기: 40)"}
{"time":"2026-06-02T02:35:49.568Z","level":"DEBUG","tag":"service-server:WebSocketHandler","msg":"클라이언트 연결 해제됨: (code: 1005)"}
{"time":"2026-06-02T02:36:03.139Z","level":"DEBUG","tag":"service-server:WebSocketHandler","msg":"클라이언트 연결됨 [object Object]"}
{"time":"2026-06-02T02:36:03.144Z","level":"DEBUG","tag":"service-server:WebSocketHandler","msg":"요청 수신됨 [object Object]"}
{"time":"2026-06-02T02:36:03.145Z","level":"DEBUG","tag":"service-server:WebSocketHandler","msg":"응답 전송됨 (크기: 123)"}
{"time":"2026-06-02T02:36:42.139Z","level":"DEBUG","tag":"service-server:WebSocketHandler","msg":"클라이언트 연결 해제됨: (code: 1005)"}
{"time":"2026-06-02T02:36:49.581Z","level":"DEBUG","tag":"service-server:WebSocketHandler","msg":"클라이언트 연결됨 [object Object]"}
{"time":"2026-06-02T02:36:49.595Z","level":"DEBUG","tag":"service-server:WebSocketHandler","msg":"요청 수신됨 [object Object]"}
{"time":"2026-06-02T02:36:49.596Z","level":"DEBUG","tag":"service-server:WebSocketHandler","msg":"응답 전송됨 (크기: 40)"}
{"time":"2026-06-02T02:37:15.792Z","level":"DEBUG","tag":"service-server:WebSocketHandler","msg":"클라이언트 연결 해제됨: (code: 1005)"}
{"time":"2026-06-02T02:37:42.132Z","level":"DEBUG","tag":"service-server:WebSocketHandler","msg":"클라이언트 연결됨 [object Object]"}
{"time":"2026-06-02T02:37:42.141Z","level":"DEBUG","tag":"service-server:WebSocketHandler","msg":"요청 수신됨 [object Object]"}
{"time":"2026-06-02T02:37:42.142Z","level":"DEBUG","tag":"service-server:WebSocketHandler","msg":"응답 전송됨 (크기: 40)"}
{"time":"2026-06-02T02:38:03.138Z","level":"DEBUG","tag":"service-server:WebSocketHandler","msg":"클라이언트 연결 해제됨: (code: 1005)"}
{"time":"2026-06-02T02:38:15.805Z","level":"DEBUG","tag":"service-server:WebSocketHandler","msg":"클라이언트 연결됨 [object Object]"}
{"time":"2026-06-02T02:38:15.822Z","level":"DEBUG","tag":"service-server:WebSocketHandler","msg":"요청 수신됨 [object Object]"}
{"time":"2026-06-02T02:38:15.823Z","level":"DEBUG","tag":"service-server:WebSocketHandler","msg":"응답 전송됨 (크기: 40)"}
{"time":"2026-06-02T02:38:49.615Z","level":"DEBUG","tag":"service-server:WebSocketHandler","msg":"클라이언트 연결 해제됨: (code: 1005)"}
{"time":"2026-06-02T02:39:03.133Z","level":"DEBUG","tag":"service-server:WebSocketHandler","msg":"클라이언트 연결됨 [object Object]"}
{"time":"2026-06-02T02:39:03.139Z","level":"DEBUG","tag":"service-server:WebSocketHandler","msg":"요청 수신됨 [object Object]"}
{"time":"2026-06-02T02:39:03.139Z","level":"DEBUG","tag":"service-server:WebSocketHandler","msg":"응답 전송됨 (크기: 123)"}
{"time":"2026-06-02T02:39:42.127Z","level":"DEBUG","tag":"service-server:WebSocketHandler","msg":"클라이언트 연결 해제됨: (code: 1005)"}
{"time":"2026-06-02T02:39:49.604Z","level":"DEBUG","tag":"service-server:WebSocketHandler","msg":"클라이언트 연결됨 [object Object]"}
{"time":"2026-06-02T02:39:49.636Z","level":"DEBUG","tag":"service-server:WebSocketHandler","msg":"요청 수신됨 [object Object]"}
{"time":"2026-06-02T02:39:49.637Z","level":"DEBUG","tag":"service-server:WebSocketHandler","msg":"응답 전송됨 (크기: 40)"}
{"time":"2026-06-02T02:40:15.781Z","level":"DEBUG","tag":"service-server:WebSocketHandler","msg":"클라이언트 연결 해제됨: (code: 1005)"}
{"time":"2026-06-02T02:40:43.133Z","level":"DEBUG","tag":"service-server:WebSocketHandler","msg":"클라이언트 연결됨 [object Object]"}
{"time":"2026-06-02T02:40:43.142Z","level":"DEBUG","tag":"service-server:WebSocketHandler","msg":"요청 수신됨 [object Object]"}
{"time":"2026-06-02T02:40:43.143Z","level":"DEBUG","tag":"service-server:WebSocketHandler","msg":"응답 전송됨 (크기: 40)"}
{"time":"2026-06-02T02:41:03.136Z","level":"DEBUG","tag":"service-server:WebSocketHandler","msg":"클라이언트 연결 해제됨: (code: 1005)"}
{"time":"2026-06-02T02:41:15.793Z","level":"DEBUG","tag":"service-server:WebSocketHandler","msg":"클라이언트 연결됨 [object Object]"}
{"time":"2026-06-02T02:41:15.803Z","level":"DEBUG","tag":"service-server:WebSocketHandler","msg":"요청 수신됨 [object Object]"}
{"time":"2026-06-02T02:41:15.804Z","level":"DEBUG","tag":"service-server:WebSocketHandler","msg":"응답 전송됨 (크기: 40)"}
{"time":"2026-06-02T02:41:49.539Z","level":"DEBUG","tag":"service-server:WebSocketHandler","msg":"클라이언트 연결 해제됨: (code: 1005)"}
{"time":"2026-06-02T02:42:03.135Z","level":"DEBUG","tag":"service-server:WebSocketHandler","msg":"클라이언트 연결됨 [object Object]"}
{"time":"2026-06-02T02:42:03.143Z","level":"DEBUG","tag":"service-server:WebSocketHandler","msg":"요청 수신됨 [object Object]"}
{"time":"2026-06-02T02:42:03.144Z","level":"DEBUG","tag":"service-server:WebSocketHandler","msg":"응답 전송됨 (크기: 123)"}
{"time":"2026-06-02T02:42:42.118Z","level":"DEBUG","tag":"service-server:WebSocketHandler","msg":"클라이언트 연결 해제됨: (code: 1005)"}
{"time":"2026-06-02T02:42:49.556Z","level":"DEBUG","tag":"service-server:WebSocketHandler","msg":"클라이언트 연결됨 [object Object]"}
{"time":"2026-06-02T02:42:49.574Z","level":"DEBUG","tag":"service-server:WebSocketHandler","msg":"요청 수신됨 [object Object]"}
{"time":"2026-06-02T02:42:49.576Z","level":"DEBUG","tag":"service-server:WebSocketHandler","msg":"응답 전송됨 (크기: 40)"}
{"time":"2026-06-02T02:43:15.789Z","level":"DEBUG","tag":"service-server:WebSocketHandler","msg":"클라이언트 연결 해제됨: (code: 1005)"}
{"time":"2026-06-02T02:43:42.147Z","level":"DEBUG","tag":"service-server:WebSocketHandler","msg":"클라이언트 연결됨 [object Object]"}
{"time":"2026-06-02T02:43:42.155Z","level":"DEBUG","tag":"service-server:WebSocketHandler","msg":"요청 수신됨 [object Object]"}
{"time":"2026-06-02T02:43:42.156Z","level":"DEBUG","tag":"service-server:WebSocketHandler","msg":"응답 전송됨 (크기: 40)"}
{"time":"2026-06-02T02:44:03.143Z","level":"DEBUG","tag":"service-server:WebSocketHandler","msg":"클라이언트 연결 해제됨: (code: 1005)"}
{"time":"2026-06-02T02:44:15.794Z","level":"DEBUG","tag":"service-server:WebSocketHandler","msg":"클라이언트 연결됨 [object Object]"}
{"time":"2026-06-02T02:44:15.802Z","level":"DEBUG","tag":"service-server:WebSocketHandler","msg":"요청 수신됨 [object Object]"}
{"time":"2026-06-02T02:44:15.803Z","level":"DEBUG","tag":"service-server:WebSocketHandler","msg":"응답 전송됨 (크기: 40)"}
{"time":"2026-06-02T02:44:49.549Z","level":"DEBUG","tag":"service-server:WebSocketHandler","msg":"클라이언트 연결 해제됨: (code: 1005)"}
{"time":"2026-06-02T02:45:03.141Z","level":"DEBUG","tag":"service-server:WebSocketHandler","msg":"클라이언트 연결됨 [object Object]"}
{"time":"2026-06-02T02:45:03.146Z","level":"DEBUG","tag":"service-server:WebSocketHandler","msg":"요청 수신됨 [object Object]"}
{"time":"2026-06-02T02:45:03.148Z","level":"DEBUG","tag":"service-server:WebSocketHandler","msg":"응답 전송됨 (크기: 123)"}
{"time":"2026-06-02T02:45:42.129Z","level":"DEBUG","tag":"service-server:WebSocketHandler","msg":"클라이언트 연결 해제됨: (code: 1005)"}
{"time":"2026-06-02T02:45:49.553Z","level":"DEBUG","tag":"service-server:WebSocketHandler","msg":"클라이언트 연결됨 [object Object]"}
{"time":"2026-06-02T02:45:49.577Z","level":"DEBUG","tag":"service-server:WebSocketHandler","msg":"요청 수신됨 [object Object]"}
{"time":"2026-06-02T02:45:49.579Z","level":"DEBUG","tag":"service-server:WebSocketHandler","msg":"응답 전송됨 (크기: 40)"}
{"time":"2026-06-02T02:46:15.772Z","level":"DEBUG","tag":"service-server:WebSocketHandler","msg":"클라이언트 연결 해제됨: (code: 1005)"}
{"time":"2026-06-02T02:46:42.128Z","level":"DEBUG","tag":"service-server:WebSocketHandler","msg":"클라이언트 연결됨 [object Object]"}
{"time":"2026-06-02T02:46:42.136Z","level":"DEBUG","tag":"service-server:WebSocketHandler","msg":"요청 수신됨 [object Object]"}
{"time":"2026-06-02T02:46:42.137Z","level":"DEBUG","tag":"service-server:WebSocketHandler","msg":"응답 전송됨 (크기: 40)"}
{"time":"2026-06-02T02:47:03.141Z","level":"DEBUG","tag":"service-server:WebSocketHandler","msg":"클라이언트 연결 해제됨: (code: 1005)"}
{"time":"2026-06-02T02:47:15.792Z","level":"DEBUG","tag":"service-server:WebSocketHandler","msg":"클라이언트 연결됨 [object Object]"}
{"time":"2026-06-02T02:47:15.807Z","level":"DEBUG","tag":"service-server:WebSocketHandler","msg":"요청 수신됨 [object Object]"}
{"time":"2026-06-02T02:47:15.809Z","level":"DEBUG","tag":"service-server:WebSocketHandler","msg":"응답 전송됨 (크기: 40)"}
{"time":"2026-06-02T02:47:49.552Z","level":"DEBUG","tag":"service-server:WebSocketHandler","msg":"클라이언트 연결 해제됨: (code: 1005)"}
{"time":"2026-06-02T02:48:03.150Z","level":"DEBUG","tag":"service-server:WebSocketHandler","msg":"클라이언트 연결됨 [object Object]"}
{"time":"2026-06-02T02:48:03.155Z","level":"DEBUG","tag":"service-server:WebSocketHandler","msg":"요청 수신됨 [object Object]"}
{"time":"2026-06-02T02:48:03.157Z","level":"DEBUG","tag":"service-server:WebSocketHandler","msg":"응답 전송됨 (크기: 123)"}
{"time":"2026-06-02T02:48:42.113Z","level":"DEBUG","tag":"service-server:WebSocketHandler","msg":"클라이언트 연결 해제됨: (code: 1005)"}
{"time":"2026-06-02T02:48:49.553Z","level":"DEBUG","tag":"service-server:WebSocketHandler","msg":"클라이언트 연결됨 [object Object]"}
{"time":"2026-06-02T02:48:49.571Z","level":"DEBUG","tag":"service-server:WebSocketHandler","msg":"요청 수신됨 [object Object]"}
{"time":"2026-06-02T02:48:49.572Z","level":"DEBUG","tag":"service-server:WebSocketHandler","msg":"응답 전송됨 (크기: 40)"}
{"time":"2026-06-02T02:49:15.776Z","level":"DEBUG","tag":"service-server:WebSocketHandler","msg":"클라이언트 연결 해제됨: (code: 1005)"}
{"time":"2026-06-02T02:49:42.135Z","level":"DEBUG","tag":"service-server:WebSocketHandler","msg":"클라이언트 연결됨 [object Object]"}
{"time":"2026-06-02T02:49:42.153Z","level":"DEBUG","tag":"service-server:WebSocketHandler","msg":"요청 수신됨 [object Object]"}
{"time":"2026-06-02T02:49:42.154Z","level":"DEBUG","tag":"service-server:WebSocketHandler","msg":"응답 전송됨 (크기: 40)"}
{"time":"2026-06-02T02:50:03.151Z","level":"DEBUG","tag":"service-server:WebSocketHandler","msg":"클라이언트 연결 해제됨: (code: 1005)"}
{"time":"2026-06-02T02:50:15.797Z","level":"DEBUG","tag":"service-server:WebSocketHandler","msg":"클라이언트 연결됨 [object Object]"}
{"time":"2026-06-02T02:50:15.809Z","level":"DEBUG","tag":"service-server:WebSocketHandler","msg":"요청 수신됨 [object Object]"}
{"time":"2026-06-02T02:50:15.810Z","level":"DEBUG","tag":"service-server:WebSocketHandler","msg":"응답 전송됨 (크기: 40)"}
{"time":"2026-06-02T02:50:49.577Z","level":"DEBUG","tag":"service-server:WebSocketHandler","msg":"클라이언트 연결 해제됨: (code: 1005)"}
{"time":"2026-06-02T02:51:03.145Z","level":"DEBUG","tag":"service-server:WebSocketHandler","msg":"클라이언트 연결됨 [object Object]"}
{"time":"2026-06-02T02:51:03.150Z","level":"DEBUG","tag":"service-server:WebSocketHandler","msg":"요청 수신됨 [object Object]"}
{"time":"2026-06-02T02:51:03.151Z","level":"DEBUG","tag":"service-server:WebSocketHandler","msg":"응답 전송됨 (크기: 123)"}
{"time":"2026-06-02T02:51:42.121Z","level":"DEBUG","tag":"service-server:WebSocketHandler","msg":"클라이언트 연결 해제됨: (code: 1005)"}
{"time":"2026-06-02T02:51:49.561Z","level":"DEBUG","tag":"service-server:WebSocketHandler","msg":"클라이언트 연결됨 [object Object]"}
{"time":"2026-06-02T02:51:49.705Z","level":"DEBUG","tag":"service-server:WebSocketHandler","msg":"요청 수신됨 [object Object]"}
{"time":"2026-06-02T02:51:49.706Z","level":"DEBUG","tag":"service-server:WebSocketHandler","msg":"응답 전송됨 (크기: 40)"}
{"time":"2026-06-02T02:52:15.778Z","level":"DEBUG","tag":"service-server:WebSocketHandler","msg":"클라이언트 연결 해제됨: (code: 1005)"}
{"time":"2026-06-02T02:52:43.146Z","level":"DEBUG","tag":"service-server:WebSocketHandler","msg":"클라이언트 연결됨 [object Object]"}
{"time":"2026-06-02T02:52:43.156Z","level":"DEBUG","tag":"service-server:WebSocketHandler","msg":"요청 수신됨 [object Object]"}
{"time":"2026-06-02T02:52:43.159Z","level":"DEBUG","tag":"service-server:WebSocketHandler","msg":"응답 전송됨 (크기: 40)"}
{"time":"2026-06-02T02:53:03.156Z","level":"DEBUG","tag":"service-server:WebSocketHandler","msg":"클라이언트 연결 해제됨: (code: 1005)"}
{"time":"2026-06-02T02:53:15.791Z","level":"DEBUG","tag":"service-server:WebSocketHandler","msg":"클라이언트 연결됨 [object Object]"}
{"time":"2026-06-02T02:53:15.818Z","level":"DEBUG","tag":"service-server:WebSocketHandler","msg":"요청 수신됨 [object Object]"}
{"time":"2026-06-02T02:53:15.819Z","level":"DEBUG","tag":"service-server:WebSocketHandler","msg":"응답 전송됨 (크기: 40)"}
{"time":"2026-06-02T02:53:49.567Z","level":"DEBUG","tag":"service-server:WebSocketHandler","msg":"클라이언트 연결 해제됨: (code: 1005)"}
{"time":"2026-06-02T02:54:03.154Z","level":"DEBUG","tag":"service-server:WebSocketHandler","msg":"클라이언트 연결됨 [object Object]"}
{"time":"2026-06-02T02:54:03.159Z","level":"DEBUG","tag":"service-server:WebSocketHandler","msg":"요청 수신됨 [object Object]"}
{"time":"2026-06-02T02:54:03.160Z","level":"DEBUG","tag":"service-server:WebSocketHandler","msg":"응답 전송됨 (크기: 123)"}
{"time":"2026-06-02T02:54:42.116Z","level":"DEBUG","tag":"service-server:WebSocketHandler","msg":"클라이언트 연결 해제됨: (code: 1005)"}
{"time":"2026-06-02T02:55:15.768Z","level":"DEBUG","tag":"service-server:WebSocketHandler","msg":"클라이언트 연결 해제됨: (code: 1005)"}
{"time":"2026-06-02T02:55:42.123Z","level":"DEBUG","tag":"service-server:WebSocketHandler","msg":"클라이언트 연결됨 [object Object]"}
{"time":"2026-06-02T02:55:42.130Z","level":"DEBUG","tag":"service-server:WebSocketHandler","msg":"요청 수신됨 [object Object]"}
{"time":"2026-06-02T02:55:42.132Z","level":"DEBUG","tag":"service-server:WebSocketHandler","msg":"응답 전송됨 (크기: 40)"}
{"time":"2026-06-02T02:56:03.152Z","level":"DEBUG","tag":"service-server:WebSocketHandler","msg":"클라이언트 연결 해제됨: (code: 1005)"}
{"time":"2026-06-02T02:56:15.804Z","level":"DEBUG","tag":"service-server:WebSocketHandler","msg":"클라이언트 연결됨 [object Object]"}
{"time":"2026-06-02T02:56:15.811Z","level":"DEBUG","tag":"service-server:WebSocketHandler","msg":"요청 수신됨 [object Object]"}
{"time":"2026-06-02T02:56:15.812Z","level":"DEBUG","tag":"service-server:WebSocketHandler","msg":"응답 전송됨 (크기: 40)"}
{"time":"2026-06-02T02:57:03.155Z","level":"DEBUG","tag":"service-server:WebSocketHandler","msg":"클라이언트 연결됨 [object Object]"}
{"time":"2026-06-02T02:57:03.160Z","level":"DEBUG","tag":"service-server:WebSocketHandler","msg":"요청 수신됨 [object Object]"}
{"time":"2026-06-02T02:57:03.162Z","level":"DEBUG","tag":"service-server:WebSocketHandler","msg":"응답 전송됨 (크기: 123)"}
{"time":"2026-06-02T02:57:42.122Z","level":"DEBUG","tag":"service-server:WebSocketHandler","msg":"클라이언트 연결 해제됨: (code: 1005)"}
{"time":"2026-06-02T02:58:15.765Z","level":"DEBUG","tag":"service-server:WebSocketHandler","msg":"클라이언트 연결 해제됨: (code: 1005)"}
{"time":"2026-06-02T02:58:42.127Z","level":"DEBUG","tag":"service-server:WebSocketHandler","msg":"클라이언트 연결됨 [object Object]"}
{"time":"2026-06-02T02:58:42.137Z","level":"DEBUG","tag":"service-server:WebSocketHandler","msg":"요청 수신됨 [object Object]"}
{"time":"2026-06-02T02:58:42.138Z","level":"DEBUG","tag":"service-server:WebSocketHandler","msg":"응답 전송됨 (크기: 40)"}
{"time":"2026-06-02T02:59:03.156Z","level":"DEBUG","tag":"service-server:WebSocketHandler","msg":"클라이언트 연결 해제됨: (code: 1005)"}
{"time":"2026-06-02T02:59:15.777Z","level":"DEBUG","tag":"service-server:WebSocketHandler","msg":"클라이언트 연결됨 [object Object]"}
{"time":"2026-06-02T02:59:15.787Z","level":"DEBUG","tag":"service-server:WebSocketHandler","msg":"요청 수신됨 [object Object]"}
{"time":"2026-06-02T02:59:15.788Z","level":"DEBUG","tag":"service-server:WebSocketHandler","msg":"응답 전송됨 (크기: 40)"}
{"time":"2026-06-02T03:00:03.166Z","level":"DEBUG","tag":"service-server:WebSocketHandler","msg":"클라이언트 연결됨 [object Object]"}
{"time":"2026-06-02T03:00:03.171Z","level":"DEBUG","tag":"service-server:WebSocketHandler","msg":"요청 수신됨 [object Object]"}
{"time":"2026-06-02T03:00:03.173Z","level":"DEBUG","tag":"service-server:WebSocketHandler","msg":"응답 전송됨 (크기: 123)"}
{"time":"2026-06-02T03:00:42.110Z","level":"DEBUG","tag":"service-server:WebSocketHandler","msg":"클라이언트 연결 해제됨: (code: 1005)"}
{"time":"2026-06-02T03:01:15.761Z","level":"DEBUG","tag":"service-server:WebSocketHandler","msg":"클라이언트 연결 해제됨: (code: 1005)"}
{"time":"2026-06-02T03:01:42.131Z","level":"DEBUG","tag":"service-server:WebSocketHandler","msg":"클라이언트 연결됨 [object Object]"}
{"time":"2026-06-02T03:01:42.138Z","level":"DEBUG","tag":"service-server:WebSocketHandler","msg":"요청 수신됨 [object Object]"}
{"time":"2026-06-02T03:01:42.140Z","level":"DEBUG","tag":"service-server:WebSocketHandler","msg":"응답 전송됨 (크기: 40)"}
{"time":"2026-06-02T03:02:03.166Z","level":"DEBUG","tag":"service-server:WebSocketHandler","msg":"클라이언트 연결 해제됨: (code: 1005)"}
{"time":"2026-06-02T03:03:03.164Z","level":"DEBUG","tag":"service-server:WebSocketHandler","msg":"클라이언트 연결됨 [object Object]"}
{"time":"2026-06-02T03:03:03.169Z","level":"DEBUG","tag":"service-server:WebSocketHandler","msg":"요청 수신됨 [object Object]"}
{"time":"2026-06-02T03:03:03.170Z","level":"DEBUG","tag":"service-server:WebSocketHandler","msg":"응답 전송됨 (크기: 123)"}
{"time":"2026-06-02T03:03:42.110Z","level":"DEBUG","tag":"service-server:WebSocketHandler","msg":"클라이언트 연결 해제됨: (code: 1005)"}
{"time":"2026-06-02T03:04:42.135Z","level":"DEBUG","tag":"service-server:WebSocketHandler","msg":"클라이언트 연결됨 [object Object]"}
{"time":"2026-06-02T03:04:42.145Z","level":"DEBUG","tag":"service-server:WebSocketHandler","msg":"요청 수신됨 [object Object]"}
{"time":"2026-06-02T03:04:42.146Z","level":"DEBUG","tag":"service-server:WebSocketHandler","msg":"응답 전송됨 (크기: 40)"}
{"time":"2026-06-02T03:05:03.171Z","level":"DEBUG","tag":"service-server:WebSocketHandler","msg":"클라이언트 연결 해제됨: (code: 1005)"}
{"time":"2026-06-02T03:06:03.168Z","level":"DEBUG","tag":"service-server:WebSocketHandler","msg":"클라이언트 연결됨 [object Object]"}
{"time":"2026-06-02T03:06:03.173Z","level":"DEBUG","tag":"service-server:WebSocketHandler","msg":"요청 수신됨 [object Object]"}
{"time":"2026-06-02T03:06:03.174Z","level":"DEBUG","tag":"service-server:WebSocketHandler","msg":"응답 전송됨 (크기: 123)"}
{"time":"2026-06-02T03:06:42.110Z","level":"DEBUG","tag":"service-server:WebSocketHandler","msg":"클라이언트 연결 해제됨: (code: 1005)"}
{"time":"2026-06-02T03:07:42.135Z","level":"DEBUG","tag":"service-server:WebSocketHandler","msg":"클라이언트 연결됨 [object Object]"}
{"time":"2026-06-02T03:07:42.144Z","level":"DEBUG","tag":"service-server:WebSocketHandler","msg":"요청 수신됨 [object Object]"}
{"time":"2026-06-02T03:07:42.146Z","level":"DEBUG","tag":"service-server:WebSocketHandler","msg":"응답 전송됨 (크기: 40)"}
{"time":"2026-06-02T03:08:03.173Z","level":"DEBUG","tag":"service-server:WebSocketHandler","msg":"클라이언트 연결 해제됨: (code: 1005)"}
{"time":"2026-06-02T03:09:03.172Z","level":"DEBUG","tag":"service-server:WebSocketHandler","msg":"클라이언트 연결됨 [object Object]"}
{"time":"2026-06-02T03:09:03.178Z","level":"DEBUG","tag":"service-server:WebSocketHandler","msg":"요청 수신됨 [object Object]"}
{"time":"2026-06-02T03:09:03.179Z","level":"DEBUG","tag":"service-server:WebSocketHandler","msg":"응답 전송됨 (크기: 123)"}
{"time":"2026-06-02T03:09:42.119Z","level":"DEBUG","tag":"service-server:WebSocketHandler","msg":"클라이언트 연결 해제됨: (code: 1005)"}
{"time":"2026-06-02T03:10:42.126Z","level":"DEBUG","tag":"service-server:WebSocketHandler","msg":"클라이언트 연결됨 [object Object]"}
{"time":"2026-06-02T03:10:42.137Z","level":"DEBUG","tag":"service-server:WebSocketHandler","msg":"요청 수신됨 [object Object]"}
{"time":"2026-06-02T03:10:42.138Z","level":"DEBUG","tag":"service-server:WebSocketHandler","msg":"응답 전송됨 (크기: 40)"}
{"time":"2026-06-02T03:11:03.171Z","level":"DEBUG","tag":"service-server:WebSocketHandler","msg":"클라이언트 연결 해제됨: (code: 1005)"}
{"time":"2026-06-02T03:12:03.179Z","level":"DEBUG","tag":"service-server:WebSocketHandler","msg":"클라이언트 연결됨 [object Object]"}
{"time":"2026-06-02T03:12:03.185Z","level":"DEBUG","tag":"service-server:WebSocketHandler","msg":"요청 수신됨 [object Object]"}
{"time":"2026-06-02T03:12:03.186Z","level":"DEBUG","tag":"service-server:WebSocketHandler","msg":"응답 전송됨 (크기: 123)"}
{"time":"2026-06-02T03:12:42.111Z","level":"DEBUG","tag":"service-server:WebSocketHandler","msg":"클라이언트 연결 해제됨: (code: 1005)"}
{"time":"2026-06-02T03:13:42.114Z","level":"DEBUG","tag":"service-server:WebSocketHandler","msg":"클라이언트 연결됨 [object Object]"}
{"time":"2026-06-02T03:13:42.124Z","level":"DEBUG","tag":"service-server:WebSocketHandler","msg":"요청 수신됨 [object Object]"}
{"time":"2026-06-02T03:13:42.125Z","level":"DEBUG","tag":"service-server:WebSocketHandler","msg":"응답 전송됨 (크기: 40)"}
{"time":"2026-06-02T03:14:03.175Z","level":"DEBUG","tag":"service-server:WebSocketHandler","msg":"클라이언트 연결 해제됨: (code: 1005)"}
{"time":"2026-06-02T03:15:03.180Z","level":"DEBUG","tag":"service-server:WebSocketHandler","msg":"클라이언트 연결됨 [object Object]"}
{"time":"2026-06-02T03:15:03.185Z","level":"DEBUG","tag":"service-server:WebSocketHandler","msg":"요청 수신됨 [object Object]"}
{"time":"2026-06-02T03:15:03.186Z","level":"DEBUG","tag":"service-server:WebSocketHandler","msg":"응답 전송됨 (크기: 123)"}
{"time":"2026-06-02T03:15:42.111Z","level":"DEBUG","tag":"service-server:WebSocketHandler","msg":"클라이언트 연결 해제됨: (code: 1005)"}
{"time":"2026-06-02T03:17:03.186Z","level":"DEBUG","tag":"service-server:WebSocketHandler","msg":"클라이언트 연결 해제됨: (code: 1005)"}
{"time":"2026-06-02T03:17:11.087Z","level":"DEBUG","tag":"service-server:ConfigManager","msg":"설정 캐시 만료 및 워처 해제됨: .config.json"}
{"time":"2026-06-02T03:17:11.089Z","level":"DEBUG","tag":"service-server:ConfigManager","msg":"설정 캐시 만료 및 워처 해제됨: .config.json"}
{"time":"2026-06-02T03:18:03.182Z","level":"DEBUG","tag":"service-server:WebSocketHandler","msg":"클라이언트 연결됨 [object Object]"}
{"time":"2026-06-02T03:18:03.187Z","level":"DEBUG","tag":"service-server:WebSocketHandler","msg":"요청 수신됨 [object Object]"}
{"time":"2026-06-02T03:18:03.187Z","level":"DEBUG","tag":"service-server:WebSocketHandler","msg":"응답 전송됨 (크기: 123)"}
{"time":"2026-06-02T03:20:03.185Z","level":"DEBUG","tag":"service-server:WebSocketHandler","msg":"클라이언트 연결 해제됨: (code: 1005)"}
{"time":"2026-06-02T03:21:03.188Z","level":"DEBUG","tag":"service-server:WebSocketHandler","msg":"클라이언트 연결됨 [object Object]"}
{"time":"2026-06-02T03:21:03.193Z","level":"DEBUG","tag":"service-server:WebSocketHandler","msg":"요청 수신됨 [object Object]"}
{"time":"2026-06-02T03:21:03.195Z","level":"DEBUG","tag":"service-server:WebSocketHandler","msg":"응답 전송됨 (크기: 123)"}
{"time":"2026-06-02T03:23:03.193Z","level":"DEBUG","tag":"service-server:WebSocketHandler","msg":"클라이언트 연결 해제됨: (code: 1005)"}
{"time":"2026-06-02T03:24:03.182Z","level":"DEBUG","tag":"service-server:WebSocketHandler","msg":"클라이언트 연결됨 [object Object]"}
{"time":"2026-06-02T03:24:03.187Z","level":"DEBUG","tag":"service-server:WebSocketHandler","msg":"요청 수신됨 [object Object]"}
{"time":"2026-06-02T03:24:03.188Z","level":"DEBUG","tag":"service-server:WebSocketHandler","msg":"응답 전송됨 (크기: 123)"}
{"time":"2026-06-02T03:26:03.191Z","level":"DEBUG","tag":"service-server:WebSocketHandler","msg":"클라이언트 연결 해제됨: (code: 1005)"}
{"time":"2026-06-02T03:27:03.188Z","level":"DEBUG","tag":"service-server:WebSocketHandler","msg":"클라이언트 연결됨 [object Object]"}
{"time":"2026-06-02T03:27:03.193Z","level":"DEBUG","tag":"service-server:WebSocketHandler","msg":"요청 수신됨 [object Object]"}
{"time":"2026-06-02T03:27:03.195Z","level":"DEBUG","tag":"service-server:WebSocketHandler","msg":"응답 전송됨 (크기: 123)"}
{"time":"2026-06-02T03:29:03.186Z","level":"DEBUG","tag":"service-server:WebSocketHandler","msg":"클라이언트 연결 해제됨: (code: 1005)"}
{"time":"2026-06-02T03:30:03.199Z","level":"DEBUG","tag":"service-server:WebSocketHandler","msg":"클라이언트 연결됨 [object Object]"}
{"time":"2026-06-02T03:30:03.204Z","level":"DEBUG","tag":"service-server:WebSocketHandler","msg":"요청 수신됨 [object Object]"}
{"time":"2026-06-02T03:30:03.206Z","level":"DEBUG","tag":"service-server:WebSocketHandler","msg":"응답 전송됨 (크기: 123)"}
{"time":"2026-06-02T03:32:03.193Z","level":"DEBUG","tag":"service-server:WebSocketHandler","msg":"클라이언트 연결 해제됨: (code: 1005)"}
{"time":"2026-06-02T03:33:03.194Z","level":"DEBUG","tag":"service-server:WebSocketHandler","msg":"클라이언트 연결됨 [object Object]"}
{"time":"2026-06-02T03:33:03.199Z","level":"DEBUG","tag":"service-server:WebSocketHandler","msg":"요청 수신됨 [object Object]"}
{"time":"2026-06-02T03:33:03.200Z","level":"DEBUG","tag":"service-server:WebSocketHandler","msg":"응답 전송됨 (크기: 123)"}
{"time":"2026-06-02T03:35:03.204Z","level":"DEBUG","tag":"service-server:WebSocketHandler","msg":"클라이언트 연결 해제됨: (code: 1005)"}
{"time":"2026-06-02T03:36:03.198Z","level":"DEBUG","tag":"service-server:WebSocketHandler","msg":"클라이언트 연결됨 [object Object]"}
{"time":"2026-06-02T03:36:03.203Z","level":"DEBUG","tag":"service-server:WebSocketHandler","msg":"요청 수신됨 [object Object]"}
{"time":"2026-06-02T03:36:03.204Z","level":"DEBUG","tag":"service-server:WebSocketHandler","msg":"응답 전송됨 (크기: 123)"}
{"time":"2026-06-02T03:38:03.203Z","level":"DEBUG","tag":"service-server:WebSocketHandler","msg":"클라이언트 연결 해제됨: (code: 1005)"}
{"time":"2026-06-02T03:39:03.209Z","level":"DEBUG","tag":"service-server:WebSocketHandler","msg":"클라이언트 연결됨 [object Object]"}
{"time":"2026-06-02T03:39:03.214Z","level":"DEBUG","tag":"service-server:WebSocketHandler","msg":"요청 수신됨 [object Object]"}
{"time":"2026-06-02T03:39:03.216Z","level":"DEBUG","tag":"service-server:WebSocketHandler","msg":"응답 전송됨 (크기: 123)"}
{"time":"2026-06-02T03:41:03.205Z","level":"DEBUG","tag":"service-server:WebSocketHandler","msg":"클라이언트 연결 해제됨: (code: 1005)"}
{"time":"2026-06-02T03:42:03.215Z","level":"DEBUG","tag":"service-server:WebSocketHandler","msg":"클라이언트 연결됨 [object Object]"}
{"time":"2026-06-02T03:42:03.220Z","level":"DEBUG","tag":"service-server:WebSocketHandler","msg":"요청 수신됨 [object Object]"}
{"time":"2026-06-02T03:42:03.221Z","level":"DEBUG","tag":"service-server:WebSocketHandler","msg":"응답 전송됨 (크기: 123)"}
{"time":"2026-06-02T03:44:03.205Z","level":"DEBUG","tag":"service-server:WebSocketHandler","msg":"클라이언트 연결 해제됨: (code: 1005)"}
{"time":"2026-06-02T03:44:20.864Z","level":"DEBUG","tag":"service-server:WebSocketHandler","msg":"클라이언트 연결됨 [object Object]"}
{"time":"2026-06-02T03:44:20.944Z","level":"DEBUG","tag":"service-server:WebSocketHandler","msg":"요청 수신됨 [object Object]"}
{"time":"2026-06-02T03:44:20.946Z","level":"DEBUG","tag":"service-server:WebSocketHandler","msg":"응답 전송됨 (크기: 40)"}
{"time":"2026-06-02T03:44:49.002Z","level":"DEBUG","tag":"service-server:WebSocketHandler","msg":"클라이언트 연결 해제됨: (code: 1006)"}
{"time":"2026-06-02T03:44:52.921Z","level":"DEBUG","tag":"service-server:WebSocketHandler","msg":"클라이언트 연결됨 [object Object]"}
{"time":"2026-06-02T03:44:52.929Z","level":"DEBUG","tag":"service-server:WebSocketHandler","msg":"요청 수신됨 [object Object]"}
{"time":"2026-06-02T03:44:52.930Z","level":"DEBUG","tag":"service-server:WebSocketHandler","msg":"응답 전송됨 (크기: 40)"}
{"time":"2026-06-02T03:45:03.213Z","level":"DEBUG","tag":"service-server:WebSocketHandler","msg":"클라이언트 연결됨 [object Object]"}
{"time":"2026-06-02T03:45:03.218Z","level":"DEBUG","tag":"service-server:WebSocketHandler","msg":"요청 수신됨 [object Object]"}
{"time":"2026-06-02T03:45:03.219Z","level":"DEBUG","tag":"service-server:WebSocketHandler","msg":"응답 전송됨 (크기: 123)"}
{"time":"2026-06-02T03:45:54.373Z","level":"DEBUG","tag":"service-server:WebSocketHandler","msg":"클라이언트 연결 해제됨: (code: 1006)"}
{"time":"2026-06-02T03:47:03.220Z","level":"DEBUG","tag":"service-server:WebSocketHandler","msg":"클라이언트 연결 해제됨: (code: 1005)"}
{"time":"2026-06-02T03:47:38.083Z","level":"DEBUG","tag":"service-server:WebSocketHandler","msg":"클라이언트 연결됨 [object Object]"}
{"time":"2026-06-02T03:47:38.401Z","level":"DEBUG","tag":"service-server:WebSocketHandler","msg":"요청 수신됨 [object Object]"}
{"time":"2026-06-02T03:47:38.402Z","level":"DEBUG","tag":"service-server:WebSocketHandler","msg":"응답 전송됨 (크기: 40)"}
{"time":"2026-06-02T03:48:03.220Z","level":"DEBUG","tag":"service-server:WebSocketHandler","msg":"클라이언트 연결됨 [object Object]"}
{"time":"2026-06-02T03:48:03.225Z","level":"DEBUG","tag":"service-server:WebSocketHandler","msg":"요청 수신됨 [object Object]"}
{"time":"2026-06-02T03:48:03.226Z","level":"DEBUG","tag":"service-server:WebSocketHandler","msg":"응답 전송됨 (크기: 123)"}
{"time":"2026-06-02T03:49:15.707Z","level":"DEBUG","tag":"service-server:WebSocketHandler","msg":"클라이언트 연결 해제됨: (code: 1005)"}
{"time":"2026-06-02T03:50:03.211Z","level":"DEBUG","tag":"service-server:WebSocketHandler","msg":"클라이언트 연결 해제됨: (code: 1005)"}
{"time":"2026-06-02T03:50:15.701Z","level":"DEBUG","tag":"service-server:WebSocketHandler","msg":"클라이언트 연결됨 [object Object]"}
{"time":"2026-06-02T03:50:15.719Z","level":"DEBUG","tag":"service-server:WebSocketHandler","msg":"요청 수신됨 [object Object]"}
{"time":"2026-06-02T03:50:15.720Z","level":"DEBUG","tag":"service-server:WebSocketHandler","msg":"응답 전송됨 (크기: 40)"}
{"time":"2026-06-02T03:51:03.221Z","level":"DEBUG","tag":"service-server:WebSocketHandler","msg":"클라이언트 연결됨 [object Object]"}
{"time":"2026-06-02T03:51:03.226Z","level":"DEBUG","tag":"service-server:WebSocketHandler","msg":"요청 수신됨 [object Object]"}
{"time":"2026-06-02T03:51:03.228Z","level":"DEBUG","tag":"service-server:WebSocketHandler","msg":"응답 전송됨 (크기: 123)"}
{"time":"2026-06-02T03:52:15.693Z","level":"DEBUG","tag":"service-server:WebSocketHandler","msg":"클라이언트 연결 해제됨: (code: 1005)"}
{"time":"2026-06-02T03:53:03.218Z","level":"DEBUG","tag":"service-server:WebSocketHandler","msg":"클라이언트 연결 해제됨: (code: 1005)"}
{"time":"2026-06-02T03:53:15.686Z","level":"DEBUG","tag":"service-server:WebSocketHandler","msg":"클라이언트 연결됨 [object Object]"}
{"time":"2026-06-02T03:53:15.710Z","level":"DEBUG","tag":"service-server:WebSocketHandler","msg":"요청 수신됨 [object Object]"}
{"time":"2026-06-02T03:53:15.712Z","level":"DEBUG","tag":"service-server:WebSocketHandler","msg":"응답 전송됨 (크기: 40)"}
{"time":"2026-06-02T03:54:03.220Z","level":"DEBUG","tag":"service-server:WebSocketHandler","msg":"클라이언트 연결됨 [object Object]"}
{"time":"2026-06-02T03:54:03.224Z","level":"DEBUG","tag":"service-server:WebSocketHandler","msg":"요청 수신됨 [object Object]"}
{"time":"2026-06-02T03:54:03.226Z","level":"DEBUG","tag":"service-server:WebSocketHandler","msg":"응답 전송됨 (크기: 123)"}
{"time":"2026-06-02T03:55:15.688Z","level":"DEBUG","tag":"service-server:WebSocketHandler","msg":"클라이언트 연결 해제됨: (code: 1005)"}
{"time":"2026-06-02T03:56:03.218Z","level":"DEBUG","tag":"service-server:WebSocketHandler","msg":"클라이언트 연결 해제됨: (code: 1005)"}
{"time":"2026-06-02T03:56:15.719Z","level":"DEBUG","tag":"service-server:WebSocketHandler","msg":"클라이언트 연결됨 [object Object]"}
{"time":"2026-06-02T03:56:15.757Z","level":"DEBUG","tag":"service-server:WebSocketHandler","msg":"요청 수신됨 [object Object]"}
{"time":"2026-06-02T03:56:15.759Z","level":"DEBUG","tag":"service-server:WebSocketHandler","msg":"응답 전송됨 (크기: 40)"}
{"time":"2026-06-02T03:57:03.230Z","level":"DEBUG","tag":"service-server:WebSocketHandler","msg":"클라이언트 연결됨 [object Object]"}
{"time":"2026-06-02T03:57:03.239Z","level":"DEBUG","tag":"service-server:WebSocketHandler","msg":"요청 수신됨 [object Object]"}
{"time":"2026-06-02T03:57:03.240Z","level":"DEBUG","tag":"service-server:WebSocketHandler","msg":"응답 전송됨 (크기: 123)"}
{"time":"2026-06-02T03:58:15.676Z","level":"DEBUG","tag":"service-server:WebSocketHandler","msg":"클라이언트 연결 해제됨: (code: 1005)"}
{"time":"2026-06-02T03:59:03.226Z","level":"DEBUG","tag":"service-server:WebSocketHandler","msg":"클라이언트 연결 해제됨: (code: 1005)"}
{"time":"2026-06-02T03:59:15.690Z","level":"DEBUG","tag":"service-server:WebSocketHandler","msg":"클라이언트 연결됨 [object Object]"}
{"time":"2026-06-02T03:59:15.697Z","level":"DEBUG","tag":"service-server:WebSocketHandler","msg":"요청 수신됨 [object Object]"}
{"time":"2026-06-02T03:59:15.699Z","level":"DEBUG","tag":"service-server:WebSocketHandler","msg":"응답 전송됨 (크기: 40)"}
{"time":"2026-06-02T04:00:03.230Z","level":"DEBUG","tag":"service-server:WebSocketHandler","msg":"클라이언트 연결됨 [object Object]"}
{"time":"2026-06-02T04:00:03.235Z","level":"DEBUG","tag":"service-server:WebSocketHandler","msg":"요청 수신됨 [object Object]"}
{"time":"2026-06-02T04:00:03.237Z","level":"DEBUG","tag":"service-server:WebSocketHandler","msg":"응답 전송됨 (크기: 123)"}
{"time":"2026-06-02T04:01:15.673Z","level":"DEBUG","tag":"service-server:WebSocketHandler","msg":"클라이언트 연결 해제됨: (code: 1005)"}
{"time":"2026-06-02T04:02:03.227Z","level":"DEBUG","tag":"service-server:WebSocketHandler","msg":"클라이언트 연결 해제됨: (code: 1005)"}
{"time":"2026-06-02T04:02:10.780Z","level":"DEBUG","tag":"service-server:WebSocketHandler","msg":"클라이언트 연결됨 [object Object]"}
{"time":"2026-06-02T04:02:10.851Z","level":"DEBUG","tag":"service-server:WebSocketHandler","msg":"요청 수신됨 [object Object]"}
{"time":"2026-06-02T04:02:10.852Z","level":"DEBUG","tag":"service-server:WebSocketHandler","msg":"응답 전송됨 (크기: 40)"}
{"time":"2026-06-02T04:02:15.680Z","level":"DEBUG","tag":"service-server:WebSocketHandler","msg":"클라이언트 연결됨 [object Object]"}
{"time":"2026-06-02T04:02:15.689Z","level":"DEBUG","tag":"service-server:WebSocketHandler","msg":"요청 수신됨 [object Object]"}
{"time":"2026-06-02T04:02:15.691Z","level":"DEBUG","tag":"service-server:WebSocketHandler","msg":"응답 전송됨 (크기: 40)"}
{"time":"2026-06-02T04:03:03.234Z","level":"DEBUG","tag":"service-server:WebSocketHandler","msg":"클라이언트 연결됨 [object Object]"}
{"time":"2026-06-02T04:03:03.239Z","level":"DEBUG","tag":"service-server:WebSocketHandler","msg":"요청 수신됨 [object Object]"}
{"time":"2026-06-02T04:03:03.240Z","level":"DEBUG","tag":"service-server:WebSocketHandler","msg":"응답 전송됨 (크기: 123)"}
{"time":"2026-06-02T04:03:53.251Z","level":"WARN","tag":"service-server:StaticFileHandler","msg":"[403] 이 파일에 접근할 권한이 없습니다. (/root/pm2/adtek/www/.env.local)"}
{"time":"2026-06-02T04:03:57.795Z","level":"WARN","tag":"service-server:StaticFileHandler","msg":"[403] 이 파일에 접근할 권한이 없습니다. (/root/pm2/adtek/www/.env.backup)"}
{"time":"2026-06-02T04:04:13.162Z","level":"WARN","tag":"service-server:StaticFileHandler","msg":"[403] 이 파일에 접근할 권한이 없습니다. (/root/pm2/adtek/www/.DS_Store)"}
{"time":"2026-06-02T04:04:15.684Z","level":"DEBUG","tag":"service-server:WebSocketHandler","msg":"클라이언트 연결 해제됨: (code: 1005)"}
{"time":"2026-06-02T04:04:15.859Z","level":"DEBUG","tag":"service-server:WebSocketHandler","msg":"클라이언트 연결 해제됨: (code: 1005)"}
{"time":"2026-06-02T04:05:03.236Z","level":"DEBUG","tag":"service-server:WebSocketHandler","msg":"클라이언트 연결 해제됨: (code: 1005)"}
{"time":"2026-06-02T04:05:15.710Z","level":"DEBUG","tag":"service-server:WebSocketHandler","msg":"클라이언트 연결됨 [object Object]"}
{"time":"2026-06-02T04:05:15.746Z","level":"DEBUG","tag":"service-server:WebSocketHandler","msg":"요청 수신됨 [object Object]"}
{"time":"2026-06-02T04:05:15.747Z","level":"DEBUG","tag":"service-server:WebSocketHandler","msg":"응답 전송됨 (크기: 40)"}
{"time":"2026-06-02T04:05:15.871Z","level":"DEBUG","tag":"service-server:WebSocketHandler","msg":"클라이언트 연결됨 [object Object]"}
{"time":"2026-06-02T04:05:15.879Z","level":"DEBUG","tag":"service-server:WebSocketHandler","msg":"요청 수신됨 [object Object]"}
{"time":"2026-06-02T04:05:15.880Z","level":"DEBUG","tag":"service-server:WebSocketHandler","msg":"응답 전송됨 (크기: 40)"}
{"time":"2026-06-02T04:06:03.241Z","level":"DEBUG","tag":"service-server:WebSocketHandler","msg":"클라이언트 연결됨 [object Object]"}
{"time":"2026-06-02T04:06:03.246Z","level":"DEBUG","tag":"service-server:WebSocketHandler","msg":"요청 수신됨 [object Object]"}
{"time":"2026-06-02T04:06:03.248Z","level":"DEBUG","tag":"service-server:WebSocketHandler","msg":"응답 전송됨 (크기: 123)"}
{"time":"2026-06-02T04:07:15.677Z","level":"DEBUG","tag":"service-server:WebSocketHandler","msg":"클라이언트 연결 해제됨: (code: 1005)"}
{"time":"2026-06-02T04:07:15.856Z","level":"DEBUG","tag":"service-server:WebSocketHandler","msg":"클라이언트 연결 해제됨: (code: 1005)"}
{"time":"2026-06-02T04:08:03.236Z","level":"DEBUG","tag":"service-server:WebSocketHandler","msg":"클라이언트 연결 해제됨: (code: 1005)"}
{"time":"2026-06-02T04:08:15.680Z","level":"DEBUG","tag":"service-server:WebSocketHandler","msg":"클라이언트 연결됨 [object Object]"}
{"time":"2026-06-02T04:08:15.694Z","level":"DEBUG","tag":"service-server:WebSocketHandler","msg":"요청 수신됨 [object Object]"}
{"time":"2026-06-02T04:08:15.695Z","level":"DEBUG","tag":"service-server:WebSocketHandler","msg":"응답 전송됨 (크기: 40)"}
{"time":"2026-06-02T04:08:15.866Z","level":"DEBUG","tag":"service-server:WebSocketHandler","msg":"클라이언트 연결됨 [object Object]"}
{"time":"2026-06-02T04:08:15.887Z","level":"DEBUG","tag":"service-server:WebSocketHandler","msg":"요청 수신됨 [object Object]"}
{"time":"2026-06-02T04:08:15.889Z","level":"DEBUG","tag":"service-server:WebSocketHandler","msg":"응답 전송됨 (크기: 40)"}
{"time":"2026-06-02T04:09:03.247Z","level":"DEBUG","tag":"service-server:WebSocketHandler","msg":"클라이언트 연결됨 [object Object]"}
{"time":"2026-06-02T04:09:03.251Z","level":"DEBUG","tag":"service-server:WebSocketHandler","msg":"요청 수신됨 [object Object]"}
{"time":"2026-06-02T04:09:03.253Z","level":"DEBUG","tag":"service-server:WebSocketHandler","msg":"응답 전송됨 (크기: 123)"}
{"time":"2026-06-02T04:10:15.671Z","level":"DEBUG","tag":"service-server:WebSocketHandler","msg":"클라이언트 연결 해제됨: (code: 1005)"}
{"time":"2026-06-02T04:10:15.845Z","level":"DEBUG","tag":"service-server:WebSocketHandler","msg":"클라이언트 연결 해제됨: (code: 1005)"}
{"time":"2026-06-02T04:10:38.526Z","level":"DEBUG","tag":"service-server:WebSocketHandler","msg":"클라이언트 연결됨 [object Object]"}
{"time":"2026-06-02T04:10:38.533Z","level":"DEBUG","tag":"service-server:WebSocketHandler","msg":"요청 수신됨 [object Object]"}
{"time":"2026-06-02T04:10:38.534Z","level":"DEBUG","tag":"service-server:WebSocketHandler","msg":"응답 전송됨 (크기: 40)"}
{"time":"2026-06-02T04:10:40.669Z","level":"DEBUG","tag":"service-server:WebSocketHandler","msg":"요청 수신됨 [object Object]"}
{"time":"2026-06-02T04:10:40.679Z","level":"DEBUG","tag":"mysql-db-conn","msg":"쿼리 실행 [object Object]"}
{"time":"2026-06-02T04:10:40.683Z","level":"DEBUG","tag":"service-server:WebSocketHandler","msg":"응답 전송됨 (크기: 2279)"}
{"time":"2026-06-02T04:10:40.695Z","level":"DEBUG","tag":"service-server:WebSocketHandler","msg":"요청 수신됨 [object Object]"}
{"time":"2026-06-02T04:10:40.696Z","level":"DEBUG","tag":"service-server:WebSocketHandler","msg":"응답 전송됨 (크기: 40)"}
{"time":"2026-06-02T04:10:40.703Z","level":"DEBUG","tag":"service-server:WebSocketHandler","msg":"요청 수신됨 [object Object]"}
{"time":"2026-06-02T04:10:40.703Z","level":"DEBUG","tag":"service-server:WebSocketHandler","msg":"응답 전송됨 (크기: 40)"}
{"time":"2026-06-02T04:10:40.710Z","level":"DEBUG","tag":"service-server:WebSocketHandler","msg":"요청 수신됨 [object Object]"}
{"time":"2026-06-02T04:10:40.710Z","level":"DEBUG","tag":"service-server:WebSocketHandler","msg":"응답 전송됨 (크기: 40)"}
{"time":"2026-06-02T04:10:40.722Z","level":"DEBUG","tag":"service-server:WebSocketHandler","msg":"요청 수신됨 [object Object]"}
{"time":"2026-06-02T04:10:40.728Z","level":"DEBUG","tag":"mysql-db-conn","msg":"쿼리 실행 [object Object]"}
{"time":"2026-06-02T04:10:40.732Z","level":"DEBUG","tag":"service-server:WebSocketHandler","msg":"응답 전송됨 (크기: 2279)"}
{"time":"2026-06-02T04:10:40.738Z","level":"DEBUG","tag":"service-server:WebSocketHandler","msg":"요청 수신됨 [object Object]"}
{"time":"2026-06-02T04:10:40.739Z","level":"DEBUG","tag":"service-server:WebSocketHandler","msg":"응답 전송됨 (크기: 40)"}
{"time":"2026-06-02T04:10:40.746Z","level":"DEBUG","tag":"service-server:WebSocketHandler","msg":"요청 수신됨 [object Object]"}
{"time":"2026-06-02T04:10:40.746Z","level":"DEBUG","tag":"service-server:WebSocketHandler","msg":"응답 전송됨 (크기: 40)"}
{"time":"2026-06-02T04:10:40.752Z","level":"DEBUG","tag":"service-server:WebSocketHandler","msg":"요청 수신됨 [object Object]"}
{"time":"2026-06-02T04:10:40.752Z","level":"DEBUG","tag":"service-server:WebSocketHandler","msg":"응답 전송됨 (크기: 40)"}
{"time":"2026-06-02T04:10:40.759Z","level":"DEBUG","tag":"service-server:WebSocketHandler","msg":"요청 수신됨 [object Object]"}
{"time":"2026-06-02T04:10:40.759Z","level":"DEBUG","tag":"service-server:WebSocketHandler","msg":"응답 전송됨 (크기: 79)"}
{"time":"2026-06-02T04:10:40.766Z","level":"DEBUG","tag":"service-server:WebSocketHandler","msg":"요청 수신됨 [object Object]"}
{"time":"2026-06-02T04:10:40.770Z","level":"DEBUG","tag":"service-server:WebSocketHandler","msg":"응답 전송됨 (크기: 42)"}
{"time":"2026-06-02T04:10:40.777Z","level":"DEBUG","tag":"service-server:WebSocketHandler","msg":"요청 수신됨 [object Object]"}
{"time":"2026-06-02T04:10:40.777Z","level":"DEBUG","tag":"mysql-db-conn","msg":"쿼리 실행 [object Object]"}
{"time":"2026-06-02T04:10:40.779Z","level":"DEBUG","tag":"service-server:WebSocketHandler","msg":"응답 전송됨 (크기: 68)"}
{"time":"2026-06-02T04:10:40.787Z","level":"DEBUG","tag":"service-server:WebSocketHandler","msg":"요청 수신됨 [object Object]"}
{"time":"2026-06-02T04:10:40.787Z","level":"DEBUG","tag":"mysql-db-conn","msg":"쿼리 실행 [object Object]"}
{"time":"2026-06-02T04:10:40.789Z","level":"DEBUG","tag":"service-server:WebSocketHandler","msg":"응답 전송됨 (크기: 92)"}
{"time":"2026-06-02T04:10:40.797Z","level":"DEBUG","tag":"service-server:WebSocketHandler","msg":"요청 수신됨 [object Object]"}
{"time":"2026-06-02T04:10:40.797Z","level":"DEBUG","tag":"mysql-db-conn","msg":"쿼리 실행 [object Object]"}
{"time":"2026-06-02T04:10:40.801Z","level":"DEBUG","tag":"service-server:WebSocketHandler","msg":"응답 전송됨 (크기: 670)"}
{"time":"2026-06-02T04:10:40.809Z","level":"DEBUG","tag":"service-server:WebSocketHandler","msg":"요청 수신됨 [object Object]"}
{"time":"2026-06-02T04:10:40.809Z","level":"DEBUG","tag":"mysql-db-conn","msg":"쿼리 실행 [object Object]"}
{"time":"2026-06-02T04:10:40.813Z","level":"DEBUG","tag":"service-server:WebSocketHandler","msg":"응답 전송됨 (크기: 556)"}
{"time":"2026-06-02T04:10:40.819Z","level":"DEBUG","tag":"service-server:WebSocketHandler","msg":"요청 수신됨 [object Object]"}
{"time":"2026-06-02T04:10:40.820Z","level":"DEBUG","tag":"mysql-db-conn","msg":"쿼리 실행 [object Object]"}
{"time":"2026-06-02T04:10:51.344Z","level":"DEBUG","tag":"service-server:WebSocketHandler","msg":"응답 전송됨 (크기: 194)"}
{"time":"2026-06-02T04:10:51.350Z","level":"DEBUG","tag":"service-server:WebSocketHandler","msg":"요청 수신됨 [object Object]"}
{"time":"2026-06-02T04:10:51.351Z","level":"DEBUG","tag":"service-server:WebSocketHandler","msg":"응답 전송됨 (크기: 45)"}
{"time":"2026-06-02T04:10:51.358Z","level":"DEBUG","tag":"service-server:WebSocketHandler","msg":"요청 수신됨 [object Object]"}
{"time":"2026-06-02T04:10:51.359Z","level":"DEBUG","tag":"service-server:WebSocketHandler","msg":"응답 전송됨 (크기: 40)"}
{"time":"2026-06-02T04:11:03.241Z","level":"DEBUG","tag":"service-server:WebSocketHandler","msg":"클라이언트 연결 해제됨: (code: 1005)"}
{"time":"2026-06-02T04:11:15.682Z","level":"DEBUG","tag":"service-server:WebSocketHandler","msg":"클라이언트 연결됨 [object Object]"}
{"time":"2026-06-02T04:11:15.710Z","level":"DEBUG","tag":"service-server:WebSocketHandler","msg":"요청 수신됨 [object Object]"}
{"time":"2026-06-02T04:11:15.711Z","level":"DEBUG","tag":"service-server:WebSocketHandler","msg":"응답 전송됨 (크기: 40)"}
{"time":"2026-06-02T04:11:15.879Z","level":"DEBUG","tag":"service-server:WebSocketHandler","msg":"클라이언트 연결됨 [object Object]"}
{"time":"2026-06-02T04:11:15.907Z","level":"DEBUG","tag":"service-server:WebSocketHandler","msg":"요청 수신됨 [object Object]"}
{"time":"2026-06-02T04:11:15.909Z","level":"DEBUG","tag":"service-server:WebSocketHandler","msg":"응답 전송됨 (크기: 40)"}
{"time":"2026-06-02T04:11:51.072Z","level":"DEBUG","tag":"service-server:WebSocketHandler","msg":"요청 수신됨 [object Object]"}
{"time":"2026-06-02T04:11:51.083Z","level":"DEBUG","tag":"mysql-db-conn","msg":"쿼리 실행 [object Object]"}
{"time":"2026-06-02T04:11:51.099Z","level":"DEBUG","tag":"service-server:WebSocketHandler","msg":"응답 전송됨 (크기: 5594)"}
{"time":"2026-06-02T04:11:51.108Z","level":"DEBUG","tag":"service-server:WebSocketHandler","msg":"요청 수신됨 [object Object]"}
{"time":"2026-06-02T04:11:51.109Z","level":"DEBUG","tag":"service-server:WebSocketHandler","msg":"응답 전송됨 (크기: 40)"}
{"time":"2026-06-02T04:11:51.116Z","level":"DEBUG","tag":"service-server:WebSocketHandler","msg":"요청 수신됨 [object Object]"}
{"time":"2026-06-02T04:11:51.116Z","level":"DEBUG","tag":"service-server:WebSocketHandler","msg":"응답 전송됨 (크기: 40)"}
{"time":"2026-06-02T04:11:51.124Z","level":"DEBUG","tag":"service-server:WebSocketHandler","msg":"요청 수신됨 [object Object]"}
{"time":"2026-06-02T04:11:51.124Z","level":"DEBUG","tag":"service-server:WebSocketHandler","msg":"응답 전송됨 (크기: 40)"}
{"time":"2026-06-02T04:11:51.136Z","level":"DEBUG","tag":"service-server:WebSocketHandler","msg":"요청 수신됨 [object Object]"}
{"time":"2026-06-02T04:11:51.140Z","level":"DEBUG","tag":"mysql-db-conn","msg":"쿼리 실행 [object Object]"}
{"time":"2026-06-02T04:11:51.158Z","level":"DEBUG","tag":"service-server:WebSocketHandler","msg":"응답 전송됨 (크기: 5594)"}
{"time":"2026-06-02T04:11:51.175Z","level":"DEBUG","tag":"service-server:WebSocketHandler","msg":"요청 수신됨 [object Object]"}
{"time":"2026-06-02T04:11:51.177Z","level":"DEBUG","tag":"service-server:WebSocketHandler","msg":"응답 전송됨 (크기: 40)"}
{"time":"2026-06-02T04:11:51.183Z","level":"DEBUG","tag":"service-server:WebSocketHandler","msg":"요청 수신됨 [object Object]"}
{"time":"2026-06-02T04:11:51.184Z","level":"DEBUG","tag":"service-server:WebSocketHandler","msg":"응답 전송됨 (크기: 40)"}
{"time":"2026-06-02T04:11:51.195Z","level":"DEBUG","tag":"service-server:WebSocketHandler","msg":"요청 수신됨 [object Object]"}
{"time":"2026-06-02T04:11:51.196Z","level":"DEBUG","tag":"service-server:WebSocketHandler","msg":"응답 전송됨 (크기: 40)"}
{"time":"2026-06-02T04:11:51.204Z","level":"DEBUG","tag":"service-server:WebSocketHandler","msg":"요청 수신됨 [object Object]"}
{"time":"2026-06-02T04:11:51.204Z","level":"DEBUG","tag":"service-server:WebSocketHandler","msg":"응답 전송됨 (크기: 79)"}
{"time":"2026-06-02T04:11:51.214Z","level":"DEBUG","tag":"service-server:WebSocketHandler","msg":"요청 수신됨 [object Object]"}
{"time":"2026-06-02T04:11:51.218Z","level":"DEBUG","tag":"service-server:WebSocketHandler","msg":"응답 전송됨 (크기: 42)"}
{"time":"2026-06-02T04:11:51.226Z","level":"DEBUG","tag":"service-server:WebSocketHandler","msg":"요청 수신됨 [object Object]"}
{"time":"2026-06-02T04:11:51.226Z","level":"DEBUG","tag":"mysql-db-conn","msg":"쿼리 실행 [object Object]"}
{"time":"2026-06-02T04:11:51.228Z","level":"DEBUG","tag":"service-server:WebSocketHandler","msg":"응답 전송됨 (크기: 68)"}
{"time":"2026-06-02T04:11:51.236Z","level":"DEBUG","tag":"service-server:WebSocketHandler","msg":"요청 수신됨 [object Object]"}
{"time":"2026-06-02T04:11:51.236Z","level":"DEBUG","tag":"mysql-db-conn","msg":"쿼리 실행 [object Object]"}
{"time":"2026-06-02T04:11:51.238Z","level":"DEBUG","tag":"service-server:WebSocketHandler","msg":"응답 전송됨 (크기: 92)"}
{"time":"2026-06-02T04:11:51.246Z","level":"DEBUG","tag":"service-server:WebSocketHandler","msg":"요청 수신됨 [object Object]"}
{"time":"2026-06-02T04:11:51.247Z","level":"DEBUG","tag":"mysql-db-conn","msg":"쿼리 실행 [object Object]"}
{"time":"2026-06-02T04:11:51.250Z","level":"DEBUG","tag":"service-server:WebSocketHandler","msg":"응답 전송됨 (크기: 670)"}
{"time":"2026-06-02T04:11:51.261Z","level":"DEBUG","tag":"service-server:WebSocketHandler","msg":"요청 수신됨 [object Object]"}
{"time":"2026-06-02T04:11:51.261Z","level":"DEBUG","tag":"mysql-db-conn","msg":"쿼리 실행 [object Object]"}
{"time":"2026-06-02T04:11:51.264Z","level":"DEBUG","tag":"service-server:WebSocketHandler","msg":"응답 전송됨 (크기: 556)"}
{"time":"2026-06-02T04:11:51.275Z","level":"DEBUG","tag":"service-server:WebSocketHandler","msg":"요청 수신됨 [object Object]"}
{"time":"2026-06-02T04:11:51.275Z","level":"DEBUG","tag":"mysql-db-conn","msg":"쿼리 실행 [object Object]"}
{"time":"2026-06-02T04:12:01.500Z","level":"DEBUG","tag":"service-server:WebSocketHandler","msg":"응답 전송됨 (크기: 194)"}
{"time":"2026-06-02T04:12:01.512Z","level":"DEBUG","tag":"service-server:WebSocketHandler","msg":"요청 수신됨 [object Object]"}
{"time":"2026-06-02T04:12:01.512Z","level":"DEBUG","tag":"service-server:WebSocketHandler","msg":"응답 전송됨 (크기: 45)"}
{"time":"2026-06-02T04:12:01.534Z","level":"DEBUG","tag":"service-server:WebSocketHandler","msg":"요청 수신됨 [object Object]"}
{"time":"2026-06-02T04:12:01.534Z","level":"DEBUG","tag":"service-server:WebSocketHandler","msg":"응답 전송됨 (크기: 40)"}
{"time":"2026-06-02T04:12:03.253Z","level":"DEBUG","tag":"service-server:WebSocketHandler","msg":"클라이언트 연결됨 [object Object]"}
{"time":"2026-06-02T04:12:03.258Z","level":"DEBUG","tag":"service-server:WebSocketHandler","msg":"요청 수신됨 [object Object]"}
{"time":"2026-06-02T04:12:03.260Z","level":"DEBUG","tag":"service-server:WebSocketHandler","msg":"응답 전송됨 (크기: 123)"}
{"time":"2026-06-02T04:12:42.097Z","level":"DEBUG","tag":"service-server:WebSocketHandler","msg":"클라이언트 연결 해제됨: (code: 1005)"}
{"time":"2026-06-02T04:12:42.097Z","level":"DEBUG","tag":"service-server:OrmService","msg":"소켓 종료 감지: 열린 모든 DB 연결을 정리합니다."}
{"time":"2026-06-02T04:13:15.661Z","level":"DEBUG","tag":"service-server:WebSocketHandler","msg":"클라이언트 연결 해제됨: (code: 1005)"}
{"time":"2026-06-02T04:13:23.406Z","level":"DEBUG","tag":"service-server:WebSocketHandler","msg":"요청 수신됨 [object Object]"}
{"time":"2026-06-02T04:13:23.418Z","level":"DEBUG","tag":"mysql-db-conn","msg":"쿼리 실행 [object Object]"}
{"time":"2026-06-02T04:13:23.437Z","level":"DEBUG","tag":"service-server:WebSocketHandler","msg":"응답 전송됨 (크기: 5594)"}
{"time":"2026-06-02T04:13:23.449Z","level":"DEBUG","tag":"service-server:WebSocketHandler","msg":"요청 수신됨 [object Object]"}
{"time":"2026-06-02T04:13:23.449Z","level":"DEBUG","tag":"service-server:WebSocketHandler","msg":"응답 전송됨 (크기: 40)"}
{"time":"2026-06-02T04:13:23.457Z","level":"DEBUG","tag":"service-server:WebSocketHandler","msg":"요청 수신됨 [object Object]"}
{"time":"2026-06-02T04:13:23.457Z","level":"DEBUG","tag":"service-server:WebSocketHandler","msg":"응답 전송됨 (크기: 40)"}
{"time":"2026-06-02T04:13:23.465Z","level":"DEBUG","tag":"service-server:WebSocketHandler","msg":"요청 수신됨 [object Object]"}
{"time":"2026-06-02T04:13:23.465Z","level":"DEBUG","tag":"service-server:WebSocketHandler","msg":"응답 전송됨 (크기: 40)"}
{"time":"2026-06-02T04:13:23.477Z","level":"DEBUG","tag":"service-server:WebSocketHandler","msg":"요청 수신됨 [object Object]"}
{"time":"2026-06-02T04:13:23.481Z","level":"DEBUG","tag":"mysql-db-conn","msg":"쿼리 실행 [object Object]"}
{"time":"2026-06-02T04:13:23.506Z","level":"DEBUG","tag":"service-server:WebSocketHandler","msg":"응답 전송됨 (크기: 5594)"}
{"time":"2026-06-02T04:13:23.522Z","level":"DEBUG","tag":"service-server:WebSocketHandler","msg":"요청 수신됨 [object Object]"}
{"time":"2026-06-02T04:13:23.523Z","level":"DEBUG","tag":"service-server:WebSocketHandler","msg":"응답 전송됨 (크기: 40)"}
{"time":"2026-06-02T04:13:23.530Z","level":"DEBUG","tag":"service-server:WebSocketHandler","msg":"요청 수신됨 [object Object]"}
{"time":"2026-06-02T04:13:23.530Z","level":"DEBUG","tag":"service-server:WebSocketHandler","msg":"응답 전송됨 (크기: 40)"}
{"time":"2026-06-02T04:13:23.538Z","level":"DEBUG","tag":"service-server:WebSocketHandler","msg":"요청 수신됨 [object Object]"}
{"time":"2026-06-02T04:13:23.538Z","level":"DEBUG","tag":"service-server:WebSocketHandler","msg":"응답 전송됨 (크기: 40)"}
{"time":"2026-06-02T04:13:23.546Z","level":"DEBUG","tag":"service-server:WebSocketHandler","msg":"요청 수신됨 [object Object]"}
{"time":"2026-06-02T04:13:23.547Z","level":"DEBUG","tag":"service-server:WebSocketHandler","msg":"응답 전송됨 (크기: 79)"}
{"time":"2026-06-02T04:13:23.557Z","level":"DEBUG","tag":"service-server:WebSocketHandler","msg":"요청 수신됨 [object Object]"}
{"time":"2026-06-02T04:13:23.561Z","level":"DEBUG","tag":"service-server:WebSocketHandler","msg":"응답 전송됨 (크기: 42)"}
{"time":"2026-06-02T04:13:23.569Z","level":"DEBUG","tag":"service-server:WebSocketHandler","msg":"요청 수신됨 [object Object]"}
{"time":"2026-06-02T04:13:23.569Z","level":"DEBUG","tag":"mysql-db-conn","msg":"쿼리 실행 [object Object]"}
{"time":"2026-06-02T04:13:23.571Z","level":"DEBUG","tag":"service-server:WebSocketHandler","msg":"응답 전송됨 (크기: 68)"}
{"time":"2026-06-02T04:13:23.579Z","level":"DEBUG","tag":"service-server:WebSocketHandler","msg":"요청 수신됨 [object Object]"}
{"time":"2026-06-02T04:13:23.579Z","level":"DEBUG","tag":"mysql-db-conn","msg":"쿼리 실행 [object Object]"}
{"time":"2026-06-02T04:13:23.581Z","level":"DEBUG","tag":"service-server:WebSocketHandler","msg":"응답 전송됨 (크기: 92)"}
{"time":"2026-06-02T04:13:23.589Z","level":"DEBUG","tag":"service-server:WebSocketHandler","msg":"요청 수신됨 [object Object]"}
{"time":"2026-06-02T04:13:23.590Z","level":"DEBUG","tag":"mysql-db-conn","msg":"쿼리 실행 [object Object]"}
{"time":"2026-06-02T04:13:23.593Z","level":"DEBUG","tag":"service-server:WebSocketHandler","msg":"응답 전송됨 (크기: 670)"}
{"time":"2026-06-02T04:13:23.601Z","level":"DEBUG","tag":"service-server:WebSocketHandler","msg":"요청 수신됨 [object Object]"}
{"time":"2026-06-02T04:13:23.605Z","level":"DEBUG","tag":"service-server:WebSocketHandler","msg":"응답 전송됨 (크기: 556)"}
{"time":"2026-06-02T04:13:23.614Z","level":"DEBUG","tag":"service-server:WebSocketHandler","msg":"요청 수신됨 [object Object]"}
{"time":"2026-06-02T04:13:23.590Z","level":"DEBUG","tag":"mysql-db-conn","msg":"쿼리 실행 [object Object]"}
{"time":"2026-06-02T04:13:23.614Z","level":"DEBUG","tag":"mysql-db-conn","msg":"쿼리 실행 [object Object]"}
{"time":"2026-06-02T04:13:34.116Z","level":"DEBUG","tag":"service-server:WebSocketHandler","msg":"응답 전송됨 (크기: 194)"}
{"time":"2026-06-02T04:13:34.126Z","level":"DEBUG","tag":"service-server:WebSocketHandler","msg":"요청 수신됨 [object Object]"}
{"time":"2026-06-02T04:13:34.126Z","level":"DEBUG","tag":"service-server:WebSocketHandler","msg":"응답 전송됨 (크기: 45)"}
{"time":"2026-06-02T04:13:34.144Z","level":"DEBUG","tag":"service-server:WebSocketHandler","msg":"요청 수신됨 [object Object]"}
{"time":"2026-06-02T04:13:34.144Z","level":"DEBUG","tag":"service-server:WebSocketHandler","msg":"응답 전송됨 (크기: 40)"}
{"time":"2026-06-02T04:13:42.095Z","level":"DEBUG","tag":"service-server:WebSocketHandler","msg":"클라이언트 연결됨 [object Object]"}
{"time":"2026-06-02T04:13:42.104Z","level":"DEBUG","tag":"service-server:WebSocketHandler","msg":"요청 수신됨 [object Object]"}
{"time":"2026-06-02T04:13:42.105Z","level":"DEBUG","tag":"service-server:WebSocketHandler","msg":"응답 전송됨 (크기: 40)"}
{"time":"2026-06-02T04:14:03.240Z","level":"DEBUG","tag":"service-server:WebSocketHandler","msg":"클라이언트 연결 해제됨: (code: 1005)"}
{"time":"2026-06-02T04:14:16.728Z","level":"DEBUG","tag":"service-server:WebSocketHandler","msg":"클라이언트 연결됨 [object Object]"}
{"time":"2026-06-02T04:14:17.533Z","level":"DEBUG","tag":"service-server:WebSocketHandler","msg":"요청 수신됨 [object Object]"}
{"time":"2026-06-02T04:14:17.534Z","level":"DEBUG","tag":"service-server:WebSocketHandler","msg":"응답 전송됨 (크기: 40)"}
{"time":"2026-06-02T04:15:03.250Z","level":"DEBUG","tag":"service-server:WebSocketHandler","msg":"클라이언트 연결됨 [object Object]"}
{"time":"2026-06-02T04:15:03.255Z","level":"DEBUG","tag":"service-server:WebSocketHandler","msg":"요청 수신됨 [object Object]"}
{"time":"2026-06-02T04:15:03.257Z","level":"DEBUG","tag":"service-server:WebSocketHandler","msg":"응답 전송됨 (크기: 123)"}
{"time":"2026-06-02T04:15:42.089Z","level":"DEBUG","tag":"service-server:WebSocketHandler","msg":"클라이언트 연결 해제됨: (code: 1005)"}
{"time":"2026-06-02T04:16:15.672Z","level":"DEBUG","tag":"service-server:WebSocketHandler","msg":"클라이언트 연결 해제됨: (code: 1005)"}
{"time":"2026-06-02T04:16:42.105Z","level":"DEBUG","tag":"service-server:WebSocketHandler","msg":"클라이언트 연결됨 [object Object]"}
{"time":"2026-06-02T04:16:42.120Z","level":"DEBUG","tag":"service-server:WebSocketHandler","msg":"요청 수신됨 [object Object]"}
{"time":"2026-06-02T04:16:42.122Z","level":"DEBUG","tag":"service-server:WebSocketHandler","msg":"응답 전송됨 (크기: 40)"}
{"time":"2026-06-02T04:17:03.254Z","level":"DEBUG","tag":"service-server:WebSocketHandler","msg":"클라이언트 연결 해제됨: (code: 1005)"}
{"time":"2026-06-02T04:17:15.709Z","level":"DEBUG","tag":"service-server:WebSocketHandler","msg":"클라이언트 연결됨 [object Object]"}
{"time":"2026-06-02T04:17:15.718Z","level":"DEBUG","tag":"service-server:WebSocketHandler","msg":"요청 수신됨 [object Object]"}
{"time":"2026-06-02T04:17:15.719Z","level":"DEBUG","tag":"service-server:WebSocketHandler","msg":"응답 전송됨 (크기: 40)"}
{"time":"2026-06-02T04:18:03.260Z","level":"DEBUG","tag":"service-server:WebSocketHandler","msg":"클라이언트 연결됨 [object Object]"}
{"time":"2026-06-02T04:18:03.265Z","level":"DEBUG","tag":"service-server:WebSocketHandler","msg":"요청 수신됨 [object Object]"}
{"time":"2026-06-02T04:18:03.267Z","level":"DEBUG","tag":"service-server:WebSocketHandler","msg":"응답 전송됨 (크기: 123)"}
{"time":"2026-06-02T04:18:42.094Z","level":"DEBUG","tag":"service-server:WebSocketHandler","msg":"클라이언트 연결 해제됨: (code: 1005)"}
{"time":"2026-06-02T04:19:15.682Z","level":"DEBUG","tag":"service-server:WebSocketHandler","msg":"클라이언트 연결 해제됨: (code: 1005)"}
{"time":"2026-06-02T04:19:42.099Z","level":"DEBUG","tag":"service-server:WebSocketHandler","msg":"클라이언트 연결됨 [object Object]"}
{"time":"2026-06-02T04:19:42.107Z","level":"DEBUG","tag":"service-server:WebSocketHandler","msg":"요청 수신됨 [object Object]"}
{"time":"2026-06-02T04:19:42.108Z","level":"DEBUG","tag":"service-server:WebSocketHandler","msg":"응답 전송됨 (크기: 40)"}
{"time":"2026-06-02T04:20:03.260Z","level":"DEBUG","tag":"service-server:WebSocketHandler","msg":"클라이언트 연결 해제됨: (code: 1005)"}
{"time":"2026-06-02T04:20:15.704Z","level":"DEBUG","tag":"service-server:WebSocketHandler","msg":"클라이언트 연결됨 [object Object]"}
{"time":"2026-06-02T04:20:15.741Z","level":"DEBUG","tag":"service-server:WebSocketHandler","msg":"요청 수신됨 [object Object]"}
{"time":"2026-06-02T04:20:15.742Z","level":"DEBUG","tag":"service-server:WebSocketHandler","msg":"응답 전송됨 (크기: 40)"}
{"time":"2026-06-02T04:21:03.258Z","level":"DEBUG","tag":"service-server:WebSocketHandler","msg":"클라이언트 연결됨 [object Object]"}
{"time":"2026-06-02T04:21:03.263Z","level":"DEBUG","tag":"service-server:WebSocketHandler","msg":"요청 수신됨 [object Object]"}
{"time":"2026-06-02T04:21:03.264Z","level":"DEBUG","tag":"service-server:WebSocketHandler","msg":"응답 전송됨 (크기: 123)"}
{"time":"2026-06-02T04:21:42.078Z","level":"DEBUG","tag":"service-server:WebSocketHandler","msg":"클라이언트 연결 해제됨: (code: 1005)"}
{"time":"2026-06-02T04:22:15.655Z","level":"DEBUG","tag":"service-server:WebSocketHandler","msg":"클라이언트 연결 해제됨: (code: 1005)"}
{"time":"2026-06-02T04:22:42.086Z","level":"DEBUG","tag":"service-server:WebSocketHandler","msg":"클라이언트 연결됨 [object Object]"}
{"time":"2026-06-02T04:22:42.093Z","level":"DEBUG","tag":"service-server:WebSocketHandler","msg":"요청 수신됨 [object Object]"}
{"time":"2026-06-02T04:22:42.094Z","level":"DEBUG","tag":"service-server:WebSocketHandler","msg":"응답 전송됨 (크기: 40)"}
{"time":"2026-06-02T04:23:03.263Z","level":"DEBUG","tag":"service-server:WebSocketHandler","msg":"클라이언트 연결 해제됨: (code: 1005)"}
{"time":"2026-06-02T04:23:15.676Z","level":"DEBUG","tag":"service-server:WebSocketHandler","msg":"클라이언트 연결됨 [object Object]"}
{"time":"2026-06-02T04:23:15.690Z","level":"DEBUG","tag":"service-server:WebSocketHandler","msg":"요청 수신됨 [object Object]"}
{"time":"2026-06-02T04:23:15.691Z","level":"DEBUG","tag":"service-server:WebSocketHandler","msg":"응답 전송됨 (크기: 40)"}
{"time":"2026-06-02T04:24:03.266Z","level":"DEBUG","tag":"service-server:WebSocketHandler","msg":"클라이언트 연결됨 [object Object]"}
{"time":"2026-06-02T04:24:03.271Z","level":"DEBUG","tag":"service-server:WebSocketHandler","msg":"요청 수신됨 [object Object]"}
{"time":"2026-06-02T04:24:03.272Z","level":"DEBUG","tag":"service-server:WebSocketHandler","msg":"응답 전송됨 (크기: 123)"}
{"time":"2026-06-02T04:24:42.083Z","level":"DEBUG","tag":"service-server:WebSocketHandler","msg":"클라이언트 연결 해제됨: (code: 1005)"}
{"time":"2026-06-02T04:25:15.655Z","level":"DEBUG","tag":"service-server:WebSocketHandler","msg":"클라이언트 연결 해제됨: (code: 1005)"}
{"time":"2026-06-02T04:25:28.774Z","level":"DEBUG","tag":"service-server:WebSocketHandler","msg":"클라이언트 연결됨 [object Object]"}
{"time":"2026-06-02T04:25:41.983Z","level":"DEBUG","tag":"service-server:WebSocketHandler","msg":"클라이언트 연결됨 [object Object]"}
{"time":"2026-06-02T04:25:42.099Z","level":"DEBUG","tag":"service-server:WebSocketHandler","msg":"클라이언트 연결됨 [object Object]"}
{"time":"2026-06-02T04:25:42.106Z","level":"DEBUG","tag":"service-server:WebSocketHandler","msg":"요청 수신됨 [object Object]"}
{"time":"2026-06-02T04:25:42.107Z","level":"DEBUG","tag":"service-server:WebSocketHandler","msg":"응답 전송됨 (크기: 40)"}
{"time":"2026-06-02T04:25:54.049Z","level":"DEBUG","tag":"service-server:WebSocketHandler","msg":"요청 수신됨 [object Object]"}
{"time":"2026-06-02T04:25:54.056Z","level":"DEBUG","tag":"mysql-db-conn","msg":"쿼리 실행 [object Object]"}
{"time":"2026-06-02T04:25:54.064Z","level":"DEBUG","tag":"service-server:WebSocketHandler","msg":"응답 전송됨 (크기: 5863)"}
{"time":"2026-06-02T04:25:54.068Z","level":"DEBUG","tag":"service-server:WebSocketHandler","msg":"요청 수신됨 [object Object]"}
{"time":"2026-06-02T04:25:54.069Z","level":"DEBUG","tag":"service-server:WebSocketHandler","msg":"응답 전송됨 (크기: 40)"}
{"time":"2026-06-02T04:25:54.072Z","level":"DEBUG","tag":"service-server:WebSocketHandler","msg":"요청 수신됨 [object Object]"}
{"time":"2026-06-02T04:25:54.072Z","level":"DEBUG","tag":"service-server:WebSocketHandler","msg":"응답 전송됨 (크기: 40)"}
{"time":"2026-06-02T04:25:54.088Z","level":"DEBUG","tag":"service-server:WebSocketHandler","msg":"요청 수신됨 [object Object]"}
{"time":"2026-06-02T04:25:54.096Z","level":"DEBUG","tag":"mysql-db-conn","msg":"쿼리 실행 [object Object]"}
{"time":"2026-06-02T04:25:54.111Z","level":"DEBUG","tag":"service-server:WebSocketHandler","msg":"응답 전송됨 (크기: 5863)"}
{"time":"2026-06-02T04:25:54.115Z","level":"DEBUG","tag":"service-server:WebSocketHandler","msg":"요청 수신됨 [object Object]"}
{"time":"2026-06-02T04:25:54.115Z","level":"DEBUG","tag":"service-server:WebSocketHandler","msg":"응답 전송됨 (크기: 40)"}
{"time":"2026-06-02T04:25:54.118Z","level":"DEBUG","tag":"service-server:WebSocketHandler","msg":"요청 수신됨 [object Object]"}
{"time":"2026-06-02T04:25:54.118Z","level":"DEBUG","tag":"service-server:WebSocketHandler","msg":"응답 전송됨 (크기: 40)"}
{"time":"2026-06-02T04:25:54.120Z","level":"DEBUG","tag":"service-server:WebSocketHandler","msg":"요청 수신됨 [object Object]"}
{"time":"2026-06-02T04:25:54.120Z","level":"DEBUG","tag":"service-server:WebSocketHandler","msg":"응답 전송됨 (크기: 40)"}
{"time":"2026-06-02T04:25:54.126Z","level":"DEBUG","tag":"service-server:WebSocketHandler","msg":"요청 수신됨 [object Object]"}
{"time":"2026-06-02T04:25:54.126Z","level":"DEBUG","tag":"service-server:WebSocketHandler","msg":"응답 전송됨 (크기: 79)"}
{"time":"2026-06-02T04:25:54.130Z","level":"DEBUG","tag":"service-server:WebSocketHandler","msg":"요청 수신됨 [object Object]"}
{"time":"2026-06-02T04:25:54.132Z","level":"DEBUG","tag":"service-server:WebSocketHandler","msg":"응답 전송됨 (크기: 42)"}
{"time":"2026-06-02T04:25:54.145Z","level":"DEBUG","tag":"service-server:WebSocketHandler","msg":"요청 수신됨 [object Object]"}
{"time":"2026-06-02T04:25:54.145Z","level":"DEBUG","tag":"mysql-db-conn","msg":"쿼리 실행 [object Object]"}
{"time":"2026-06-02T04:25:54.146Z","level":"DEBUG","tag":"service-server:WebSocketHandler","msg":"응답 전송됨 (크기: 68)"}
{"time":"2026-06-02T04:25:54.151Z","level":"DEBUG","tag":"service-server:WebSocketHandler","msg":"요청 수신됨 [object Object]"}
{"time":"2026-06-02T04:25:54.151Z","level":"DEBUG","tag":"mysql-db-conn","msg":"쿼리 실행 [object Object]"}
{"time":"2026-06-02T04:25:54.152Z","level":"DEBUG","tag":"service-server:WebSocketHandler","msg":"응답 전송됨 (크기: 92)"}
{"time":"2026-06-02T04:25:54.157Z","level":"DEBUG","tag":"service-server:WebSocketHandler","msg":"요청 수신됨 [object Object]"}
{"time":"2026-06-02T04:25:54.157Z","level":"DEBUG","tag":"mysql-db-conn","msg":"쿼리 실행 [object Object]"}
{"time":"2026-06-02T04:25:54.159Z","level":"DEBUG","tag":"service-server:WebSocketHandler","msg":"응답 전송됨 (크기: 670)"}
{"time":"2026-06-02T04:25:54.161Z","level":"DEBUG","tag":"service-server:WebSocketHandler","msg":"요청 수신됨 [object Object]"}
{"time":"2026-06-02T04:25:54.162Z","level":"DEBUG","tag":"mysql-db-conn","msg":"쿼리 실행 [object Object]"}
{"time":"2026-06-02T04:25:54.163Z","level":"DEBUG","tag":"service-server:WebSocketHandler","msg":"응답 전송됨 (크기: 556)"}
{"time":"2026-06-02T04:25:54.169Z","level":"DEBUG","tag":"service-server:WebSocketHandler","msg":"요청 수신됨 [object Object]"}
{"time":"2026-06-02T04:25:54.169Z","level":"DEBUG","tag":"mysql-db-conn","msg":"쿼리 실행 [object Object]"}
{"time":"2026-06-02T04:26:05.458Z","level":"DEBUG","tag":"service-server:WebSocketHandler","msg":"응답 전송됨 (크기: 194)"}
{"time":"2026-06-02T04:26:05.461Z","level":"DEBUG","tag":"service-server:WebSocketHandler","msg":"요청 수신됨 [object Object]"}
{"time":"2026-06-02T04:26:05.461Z","level":"DEBUG","tag":"service-server:WebSocketHandler","msg":"응답 전송됨 (크기: 45)"}
{"time":"2026-06-02T04:26:05.464Z","level":"DEBUG","tag":"service-server:WebSocketHandler","msg":"클라이언트 연결 해제됨: (code: 1005)"}
{"time":"2026-06-02T04:26:05.464Z","level":"DEBUG","tag":"service-server:WebSocketHandler","msg":"요청 수신됨 [object Object]"}
{"time":"2026-06-02T04:26:05.464Z","level":"DEBUG","tag":"service-server:WebSocketHandler","msg":"응답 전송됨 (크기: 40)"}
{"time":"2026-06-02T04:26:06.347Z","level":"DEBUG","tag":"service-server:WebSocketHandler","msg":"요청 수신됨 [object Object]"}
{"time":"2026-06-02T04:26:06.354Z","level":"DEBUG","tag":"mysql-db-conn","msg":"쿼리 실행 [object Object]"}
{"time":"2026-06-02T04:26:06.364Z","level":"DEBUG","tag":"service-server:WebSocketHandler","msg":"응답 전송됨 (크기: 5863)"}
{"time":"2026-06-02T04:26:06.369Z","level":"DEBUG","tag":"service-server:WebSocketHandler","msg":"요청 수신됨 [object Object]"}
{"time":"2026-06-02T04:26:06.370Z","level":"DEBUG","tag":"service-server:WebSocketHandler","msg":"응답 전송됨 (크기: 40)"}
{"time":"2026-06-02T04:26:06.374Z","level":"DEBUG","tag":"service-server:WebSocketHandler","msg":"요청 수신됨 [object Object]"}
{"time":"2026-06-02T04:26:06.374Z","level":"DEBUG","tag":"service-server:WebSocketHandler","msg":"응답 전송됨 (크기: 40)"}
{"time":"2026-06-02T04:26:06.389Z","level":"DEBUG","tag":"service-server:WebSocketHandler","msg":"요청 수신됨 [object Object]"}
{"time":"2026-06-02T04:26:06.392Z","level":"DEBUG","tag":"mysql-db-conn","msg":"쿼리 실행 [object Object]"}
{"time":"2026-06-02T04:26:06.401Z","level":"DEBUG","tag":"service-server:WebSocketHandler","msg":"응답 전송됨 (크기: 5863)"}
{"time":"2026-06-02T04:26:06.405Z","level":"DEBUG","tag":"service-server:WebSocketHandler","msg":"요청 수신됨 [object Object]"}
{"time":"2026-06-02T04:26:06.406Z","level":"DEBUG","tag":"service-server:WebSocketHandler","msg":"응답 전송됨 (크기: 40)"}
{"time":"2026-06-02T04:26:06.410Z","level":"DEBUG","tag":"service-server:WebSocketHandler","msg":"요청 수신됨 [object Object]"}
{"time":"2026-06-02T04:26:06.410Z","level":"DEBUG","tag":"service-server:WebSocketHandler","msg":"응답 전송됨 (크기: 40)"}
{"time":"2026-06-02T04:26:06.413Z","level":"DEBUG","tag":"service-server:WebSocketHandler","msg":"요청 수신됨 [object Object]"}
{"time":"2026-06-02T04:26:06.413Z","level":"DEBUG","tag":"service-server:WebSocketHandler","msg":"응답 전송됨 (크기: 40)"}
{"time":"2026-06-02T04:26:06.418Z","level":"DEBUG","tag":"service-server:WebSocketHandler","msg":"요청 수신됨 [object Object]"}
{"time":"2026-06-02T04:26:06.418Z","level":"DEBUG","tag":"service-server:WebSocketHandler","msg":"응답 전송됨 (크기: 79)"}
{"time":"2026-06-02T04:26:06.422Z","level":"DEBUG","tag":"service-server:WebSocketHandler","msg":"요청 수신됨 [object Object]"}
{"time":"2026-06-02T04:26:06.426Z","level":"DEBUG","tag":"service-server:WebSocketHandler","msg":"응답 전송됨 (크기: 42)"}
{"time":"2026-06-02T04:26:06.429Z","level":"DEBUG","tag":"service-server:WebSocketHandler","msg":"요청 수신됨 [object Object]"}
{"time":"2026-06-02T04:26:06.430Z","level":"DEBUG","tag":"mysql-db-conn","msg":"쿼리 실행 [object Object]"}
{"time":"2026-06-02T04:26:06.431Z","level":"DEBUG","tag":"service-server:WebSocketHandler","msg":"응답 전송됨 (크기: 68)"}
{"time":"2026-06-02T04:26:06.435Z","level":"DEBUG","tag":"service-server:WebSocketHandler","msg":"요청 수신됨 [object Object]"}
{"time":"2026-06-02T04:26:06.435Z","level":"DEBUG","tag":"mysql-db-conn","msg":"쿼리 실행 [object Object]"}
{"time":"2026-06-02T04:26:06.437Z","level":"DEBUG","tag":"service-server:WebSocketHandler","msg":"응답 전송됨 (크기: 92)"}
{"time":"2026-06-02T04:26:06.440Z","level":"DEBUG","tag":"service-server:WebSocketHandler","msg":"요청 수신됨 [object Object]"}
{"time":"2026-06-02T04:26:06.441Z","level":"DEBUG","tag":"mysql-db-conn","msg":"쿼리 실행 [object Object]"}
{"time":"2026-06-02T04:26:06.443Z","level":"DEBUG","tag":"service-server:WebSocketHandler","msg":"응답 전송됨 (크기: 670)"}
{"time":"2026-06-02T04:26:06.447Z","level":"DEBUG","tag":"service-server:WebSocketHandler","msg":"요청 수신됨 [object Object]"}
{"time":"2026-06-02T04:26:06.447Z","level":"DEBUG","tag":"mysql-db-conn","msg":"쿼리 실행 [object Object]"}
{"time":"2026-06-02T04:26:06.452Z","level":"DEBUG","tag":"service-server:WebSocketHandler","msg":"응답 전송됨 (크기: 556)"}
{"time":"2026-06-02T04:26:06.455Z","level":"DEBUG","tag":"service-server:WebSocketHandler","msg":"요청 수신됨 [object Object]"}
{"time":"2026-06-02T04:26:06.456Z","level":"DEBUG","tag":"mysql-db-conn","msg":"쿼리 실행 [object Object]"}
{"time":"2026-06-02T04:26:15.764Z","level":"DEBUG","tag":"service-server:WebSocketHandler","msg":"응답 전송됨 (크기: 194)"}
{"time":"2026-06-02T04:26:15.766Z","level":"DEBUG","tag":"service-server:WebSocketHandler","msg":"요청 수신됨 [object Object]"}
{"time":"2026-06-02T04:26:15.770Z","level":"DEBUG","tag":"service-server:WebSocketHandler","msg":"요청 수신됨 [object Object]"}
{"time":"2026-06-02T04:26:15.770Z","level":"DEBUG","tag":"service-server:WebSocketHandler","msg":"응답 전송됨 (크기: 45)"}
{"time":"2026-06-02T04:26:15.771Z","level":"DEBUG","tag":"mysql-db-conn","msg":"쿼리 실행 [object Object]"}
{"time":"2026-06-02T04:26:15.776Z","level":"DEBUG","tag":"service-server:WebSocketHandler","msg":"요청 수신됨 [object Object]"}
{"time":"2026-06-02T04:26:15.776Z","level":"DEBUG","tag":"service-server:WebSocketHandler","msg":"응답 전송됨 (크기: 40)"}
{"time":"2026-06-02T04:26:15.777Z","level":"DEBUG","tag":"service-server:WebSocketHandler","msg":"응답 전송됨 (크기: 5863)"}
{"time":"2026-06-02T04:26:15.780Z","level":"DEBUG","tag":"service-server:WebSocketHandler","msg":"클라이언트 연결 해제됨: (code: 1001)"}
{"time":"2026-06-02T04:26:15.780Z","level":"DEBUG","tag":"service-server:OrmService","msg":"소켓 종료 감지: 열린 모든 DB 연결을 정리합니다."}
{"time":"2026-06-02T04:26:15.781Z","level":"DEBUG","tag":"service-server:WebSocketHandler","msg":"요청 수신됨 [object Object]"}
{"time":"2026-06-02T04:26:15.781Z","level":"DEBUG","tag":"service-server:WebSocketHandler","msg":"응답 전송됨 (크기: 40)"}
{"time":"2026-06-02T04:26:15.789Z","level":"DEBUG","tag":"service-server:WebSocketHandler","msg":"요청 수신됨 [object Object]"}
{"time":"2026-06-02T04:26:15.789Z","level":"DEBUG","tag":"service-server:WebSocketHandler","msg":"응답 전송됨 (크기: 40)"}
{"time":"2026-06-02T04:26:15.798Z","level":"DEBUG","tag":"service-server:WebSocketHandler","msg":"요청 수신됨 [object Object]"}
{"time":"2026-06-02T04:26:15.798Z","level":"DEBUG","tag":"service-server:WebSocketHandler","msg":"응답 전송됨 (크기: 40)"}
{"time":"2026-06-02T04:26:15.809Z","level":"DEBUG","tag":"service-server:WebSocketHandler","msg":"요청 수신됨 [object Object]"}
{"time":"2026-06-02T04:26:15.812Z","level":"DEBUG","tag":"mysql-db-conn","msg":"쿼리 실행 [object Object]"}
{"time":"2026-06-02T04:26:15.819Z","level":"DEBUG","tag":"service-server:WebSocketHandler","msg":"응답 전송됨 (크기: 5863)"}
{"time":"2026-06-02T04:26:15.824Z","level":"DEBUG","tag":"service-server:WebSocketHandler","msg":"요청 수신됨 [object Object]"}
{"time":"2026-06-02T04:26:15.825Z","level":"DEBUG","tag":"service-server:WebSocketHandler","msg":"응답 전송됨 (크기: 40)"}
{"time":"2026-06-02T04:26:15.833Z","level":"DEBUG","tag":"service-server:WebSocketHandler","msg":"요청 수신됨 [object Object]"}
{"time":"2026-06-02T04:26:15.833Z","level":"DEBUG","tag":"service-server:WebSocketHandler","msg":"응답 전송됨 (크기: 40)"}
{"time":"2026-06-02T04:26:15.843Z","level":"DEBUG","tag":"service-server:WebSocketHandler","msg":"요청 수신됨 [object Object]"}
{"time":"2026-06-02T04:26:15.843Z","level":"DEBUG","tag":"service-server:WebSocketHandler","msg":"응답 전송됨 (크기: 40)"}
{"time":"2026-06-02T04:26:15.857Z","level":"DEBUG","tag":"service-server:WebSocketHandler","msg":"요청 수신됨 [object Object]"}
{"time":"2026-06-02T04:26:15.857Z","level":"DEBUG","tag":"service-server:WebSocketHandler","msg":"응답 전송됨 (크기: 79)"}
{"time":"2026-06-02T04:26:15.864Z","level":"DEBUG","tag":"service-server:WebSocketHandler","msg":"요청 수신됨 [object Object]"}
{"time":"2026-06-02T04:26:15.865Z","level":"DEBUG","tag":"service-server:WebSocketHandler","msg":"응답 전송됨 (크기: 42)"}
{"time":"2026-06-02T04:26:15.868Z","level":"DEBUG","tag":"service-server:WebSocketHandler","msg":"요청 수신됨 [object Object]"}
{"time":"2026-06-02T04:26:15.868Z","level":"DEBUG","tag":"mysql-db-conn","msg":"쿼리 실행 [object Object]"}
{"time":"2026-06-02T04:26:15.869Z","level":"DEBUG","tag":"service-server:WebSocketHandler","msg":"응답 전송됨 (크기: 68)"}
{"time":"2026-06-02T04:26:15.933Z","level":"DEBUG","tag":"service-server:WebSocketHandler","msg":"클라이언트 연결됨 [object Object]"}
{"time":"2026-06-02T04:26:15.942Z","level":"DEBUG","tag":"service-server:WebSocketHandler","msg":"요청 수신됨 [object Object]"}
{"time":"2026-06-02T04:26:15.943Z","level":"DEBUG","tag":"service-server:WebSocketHandler","msg":"응답 전송됨 (크기: 40)"}
{"time":"2026-06-02T04:26:16.016Z","level":"DEBUG","tag":"service-server:WebSocketHandler","msg":"클라이언트 연결됨 [object Object]"}
{"time":"2026-06-02T04:26:16.081Z","level":"DEBUG","tag":"service-server:WebSocketHandler","msg":"요청 수신됨 [object Object]"}
{"time":"2026-06-02T04:26:16.081Z","level":"DEBUG","tag":"mysql-db-conn","msg":"쿼리 실행 [object Object]"}
{"time":"2026-06-02T04:26:16.082Z","level":"DEBUG","tag":"service-server:WebSocketHandler","msg":"응답 전송됨 (크기: 92)"}
{"time":"2026-06-02T04:26:16.085Z","level":"DEBUG","tag":"service-server:WebSocketHandler","msg":"요청 수신됨 [object Object]"}
{"time":"2026-06-02T04:26:16.085Z","level":"DEBUG","tag":"mysql-db-conn","msg":"쿼리 실행 [object Object]"}
{"time":"2026-06-02T04:26:16.088Z","level":"DEBUG","tag":"service-server:WebSocketHandler","msg":"응답 전송됨 (크기: 670)"}
{"time":"2026-06-02T04:26:16.091Z","level":"DEBUG","tag":"service-server:WebSocketHandler","msg":"요청 수신됨 [object Object]"}
{"time":"2026-06-02T04:26:16.091Z","level":"DEBUG","tag":"mysql-db-conn","msg":"쿼리 실행 [object Object]"}
{"time":"2026-06-02T04:26:16.093Z","level":"DEBUG","tag":"service-server:WebSocketHandler","msg":"응답 전송됨 (크기: 556)"}
{"time":"2026-06-02T04:26:16.095Z","level":"DEBUG","tag":"service-server:WebSocketHandler","msg":"클라이언트 연결됨 [object Object]"}
{"time":"2026-06-02T04:26:16.097Z","level":"DEBUG","tag":"service-server:WebSocketHandler","msg":"요청 수신됨 [object Object]"}
{"time":"2026-06-02T04:26:16.097Z","level":"DEBUG","tag":"mysql-db-conn","msg":"쿼리 실행 [object Object]"}
{"time":"2026-06-02T04:26:16.132Z","level":"DEBUG","tag":"service-server:WebSocketHandler","msg":"요청 수신됨 [object Object]"}
{"time":"2026-06-02T04:26:16.139Z","level":"DEBUG","tag":"mysql-db-conn","msg":"쿼리 실행 [object Object]"}
{"time":"2026-06-02T04:26:16.150Z","level":"DEBUG","tag":"service-server:WebSocketHandler","msg":"응답 전송됨 (크기: 5863)"}
{"time":"2026-06-02T04:26:16.155Z","level":"DEBUG","tag":"service-server:WebSocketHandler","msg":"요청 수신됨 [object Object]"}
{"time":"2026-06-02T04:26:16.156Z","level":"DEBUG","tag":"service-server:WebSocketHandler","msg":"응답 전송됨 (크기: 40)"}
{"time":"2026-06-02T04:26:16.164Z","level":"DEBUG","tag":"service-server:WebSocketHandler","msg":"요청 수신됨 [object Object]"}
{"time":"2026-06-02T04:26:16.164Z","level":"DEBUG","tag":"service-server:WebSocketHandler","msg":"응답 전송됨 (크기: 40)"}
{"time":"2026-06-02T04:26:16.170Z","level":"DEBUG","tag":"service-server:WebSocketHandler","msg":"요청 수신됨 [object Object]"}
{"time":"2026-06-02T04:26:16.170Z","level":"DEBUG","tag":"service-server:WebSocketHandler","msg":"응답 전송됨 (크기: 79)"}
{"time":"2026-06-02T04:26:16.175Z","level":"DEBUG","tag":"service-server:WebSocketHandler","msg":"요청 수신됨 [object Object]"}
{"time":"2026-06-02T04:26:16.182Z","level":"DEBUG","tag":"service-server:WebSocketHandler","msg":"응답 전송됨 (크기: 42)"}
{"time":"2026-06-02T04:26:27.068Z","level":"DEBUG","tag":"service-server:WebSocketHandler","msg":"응답 전송됨 (크기: 194)"}
{"time":"2026-06-02T04:26:27.070Z","level":"DEBUG","tag":"service-server:WebSocketHandler","msg":"요청 수신됨 [object Object]"}
{"time":"2026-06-02T04:26:27.070Z","level":"DEBUG","tag":"mysql-db-conn","msg":"쿼리 실행 [object Object]"}
{"time":"2026-06-02T04:26:27.070Z","level":"DEBUG","tag":"service-server:WebSocketHandler","msg":"요청 수신됨 [object Object]"}
{"time":"2026-06-02T04:26:27.073Z","level":"DEBUG","tag":"service-server:WebSocketHandler","msg":"요청 수신됨 [object Object]"}
{"time":"2026-06-02T04:26:27.073Z","level":"DEBUG","tag":"service-server:WebSocketHandler","msg":"응답 전송됨 (크기: 45)"}
{"time":"2026-06-02T04:26:27.073Z","level":"DEBUG","tag":"service-server:WebSocketHandler","msg":"응답 전송됨 (크기: 68)"}
{"time":"2026-06-02T04:26:27.076Z","level":"DEBUG","tag":"service-server:WebSocketHandler","msg":"요청 수신됨 [object Object]"}
{"time":"2026-06-02T04:26:27.076Z","level":"DEBUG","tag":"service-server:WebSocketHandler","msg":"응답 전송됨 (크기: 40)"}
{"time":"2026-06-02T04:26:27.077Z","level":"DEBUG","tag":"service-server:WebSocketHandler","msg":"요청 수신됨 [object Object]"}
{"time":"2026-06-02T04:26:27.077Z","level":"DEBUG","tag":"mysql-db-conn","msg":"쿼리 실행 [object Object]"}
{"time":"2026-06-02T04:26:27.078Z","level":"DEBUG","tag":"mysql-db-conn","msg":"쿼리 실행 [object Object]"}
{"time":"2026-06-02T04:26:27.078Z","level":"DEBUG","tag":"service-server:WebSocketHandler","msg":"응답 전송됨 (크기: 92)"}
{"time":"2026-06-02T04:26:27.084Z","level":"DEBUG","tag":"service-server:WebSocketHandler","msg":"요청 수신됨 [object Object]"}
{"time":"2026-06-02T04:26:27.084Z","level":"DEBUG","tag":"service-server:WebSocketHandler","msg":"요청 수신됨 [object Object]"}
{"time":"2026-06-02T04:26:27.084Z","level":"DEBUG","tag":"mysql-db-conn","msg":"쿼리 실행 [object Object]"}
{"time":"2026-06-02T04:26:27.084Z","level":"DEBUG","tag":"service-server:WebSocketHandler","msg":"응답 전송됨 (크기: 5863)"}
{"time":"2026-06-02T04:26:27.085Z","level":"DEBUG","tag":"service-server:WebSocketHandler","msg":"응답 전송됨 (크기: 670)"}
{"time":"2026-06-02T04:26:27.086Z","level":"DEBUG","tag":"mysql-db-conn","msg":"쿼리 실행 [object Object]"}
{"time":"2026-06-02T04:26:27.092Z","level":"DEBUG","tag":"service-server:WebSocketHandler","msg":"요청 수신됨 [object Object]"}
{"time":"2026-06-02T04:26:27.092Z","level":"DEBUG","tag":"service-server:WebSocketHandler","msg":"응답 전송됨 (크기: 40)"}
{"time":"2026-06-02T04:26:27.093Z","level":"DEBUG","tag":"service-server:WebSocketHandler","msg":"클라이언트 연결 해제됨: (code: 1001)"}
{"time":"2026-06-02T04:26:27.093Z","level":"DEBUG","tag":"service-server:OrmService","msg":"소켓 종료 감지: 열린 모든 DB 연결을 정리합니다."}
{"time":"2026-06-02T04:26:27.093Z","level":"DEBUG","tag":"service-server:WebSocketHandler","msg":"응답 전송됨 (크기: 0)"}
{"time":"2026-06-02T04:26:27.096Z","level":"DEBUG","tag":"service-server:WebSocketHandler","msg":"요청 수신됨 [object Object]"}
{"time":"2026-06-02T04:26:27.096Z","level":"DEBUG","tag":"service-server:WebSocketHandler","msg":"응답 전송됨 (크기: 40)"}
{"time":"2026-06-02T04:26:27.115Z","level":"DEBUG","tag":"service-server:WebSocketHandler","msg":"요청 수신됨 [object Object]"}
{"time":"2026-06-02T04:26:27.121Z","level":"DEBUG","tag":"mysql-db-conn","msg":"쿼리 실행 [object Object]"}
{"time":"2026-06-02T04:26:27.135Z","level":"DEBUG","tag":"service-server:WebSocketHandler","msg":"응답 전송됨 (크기: 5863)"}
{"time":"2026-06-02T04:26:27.140Z","level":"DEBUG","tag":"service-server:WebSocketHandler","msg":"요청 수신됨 [object Object]"}
{"time":"2026-06-02T04:26:27.140Z","level":"DEBUG","tag":"service-server:WebSocketHandler","msg":"응답 전송됨 (크기: 40)"}
{"time":"2026-06-02T04:26:27.150Z","level":"DEBUG","tag":"service-server:WebSocketHandler","msg":"요청 수신됨 [object Object]"}
{"time":"2026-06-02T04:26:27.150Z","level":"DEBUG","tag":"service-server:WebSocketHandler","msg":"응답 전송됨 (크기: 40)"}
{"time":"2026-06-02T04:26:27.155Z","level":"DEBUG","tag":"service-server:WebSocketHandler","msg":"요청 수신됨 [object Object]"}
{"time":"2026-06-02T04:26:27.155Z","level":"DEBUG","tag":"service-server:WebSocketHandler","msg":"응답 전송됨 (크기: 40)"}
{"time":"2026-06-02T04:26:27.159Z","level":"DEBUG","tag":"service-server:WebSocketHandler","msg":"요청 수신됨 [object Object]"}
{"time":"2026-06-02T04:26:27.159Z","level":"DEBUG","tag":"service-server:WebSocketHandler","msg":"응답 전송됨 (크기: 79)"}
{"time":"2026-06-02T04:26:27.162Z","level":"DEBUG","tag":"service-server:WebSocketHandler","msg":"요청 수신됨 [object Object]"}
{"time":"2026-06-02T04:26:27.163Z","level":"DEBUG","tag":"service-server:WebSocketHandler","msg":"응답 전송됨 (크기: 42)"}
{"time":"2026-06-02T04:26:27.167Z","level":"DEBUG","tag":"service-server:WebSocketHandler","msg":"요청 수신됨 [object Object]"}
{"time":"2026-06-02T04:26:27.167Z","level":"DEBUG","tag":"mysql-db-conn","msg":"쿼리 실행 [object Object]"}
{"time":"2026-06-02T04:26:27.168Z","level":"DEBUG","tag":"service-server:WebSocketHandler","msg":"응답 전송됨 (크기: 68)"}
{"time":"2026-06-02T04:26:27.171Z","level":"DEBUG","tag":"service-server:WebSocketHandler","msg":"요청 수신됨 [object Object]"}
{"time":"2026-06-02T04:26:27.171Z","level":"DEBUG","tag":"mysql-db-conn","msg":"쿼리 실행 [object Object]"}
{"time":"2026-06-02T04:26:27.172Z","level":"DEBUG","tag":"service-server:WebSocketHandler","msg":"응답 전송됨 (크기: 92)"}
{"time":"2026-06-02T04:26:27.176Z","level":"DEBUG","tag":"service-server:WebSocketHandler","msg":"요청 수신됨 [object Object]"}
{"time":"2026-06-02T04:26:27.176Z","level":"DEBUG","tag":"mysql-db-conn","msg":"쿼리 실행 [object Object]"}
{"time":"2026-06-02T04:26:27.177Z","level":"DEBUG","tag":"service-server:WebSocketHandler","msg":"응답 전송됨 (크기: 670)"}
{"time":"2026-06-02T04:26:27.180Z","level":"DEBUG","tag":"service-server:WebSocketHandler","msg":"요청 수신됨 [object Object]"}
{"time":"2026-06-02T04:26:27.181Z","level":"DEBUG","tag":"service-server:WebSocketHandler","msg":"응답 전송됨 (크기: 556)"}
{"time":"2026-06-02T04:26:27.185Z","level":"DEBUG","tag":"service-server:WebSocketHandler","msg":"요청 수신됨 [object Object]"}
{"time":"2026-06-02T04:26:27.176Z","level":"DEBUG","tag":"mysql-db-conn","msg":"쿼리 실행 [object Object]"}
{"time":"2026-06-02T04:26:27.185Z","level":"DEBUG","tag":"mysql-db-conn","msg":"쿼리 실행 [object Object]"}
{"time":"2026-06-02T04:26:38.689Z","level":"DEBUG","tag":"service-server:WebSocketHandler","msg":"응답 전송됨 (크기: 194)"}
{"time":"2026-06-02T04:26:38.692Z","level":"DEBUG","tag":"service-server:WebSocketHandler","msg":"요청 수신됨 [object Object]"}
{"time":"2026-06-02T04:26:38.693Z","level":"DEBUG","tag":"service-server:WebSocketHandler","msg":"클라이언트 연결됨 [object Object]"}
{"time":"2026-06-02T04:26:38.697Z","level":"DEBUG","tag":"mysql-db-conn","msg":"쿼리 실행 [object Object]"}
{"time":"2026-06-02T04:26:38.698Z","level":"DEBUG","tag":"service-server:WebSocketHandler","msg":"응답 전송됨 (크기: 176)"}
{"time":"2026-06-02T04:26:38.699Z","level":"DEBUG","tag":"service-server:WebSocketHandler","msg":"요청 수신됨 [object Object]"}
{"time":"2026-06-02T04:26:38.699Z","level":"DEBUG","tag":"service-server:WebSocketHandler","msg":"응답 전송됨 (크기: 45)"}
{"time":"2026-06-02T04:26:38.705Z","level":"DEBUG","tag":"service-server:WebSocketHandler","msg":"클라이언트 연결 해제됨: (code: 1001)"}
{"time":"2026-06-02T04:26:38.705Z","level":"DEBUG","tag":"service-server:OrmService","msg":"소켓 종료 감지: 열린 모든 DB 연결을 정리합니다."}
{"time":"2026-06-02T04:26:38.720Z","level":"DEBUG","tag":"service-server:WebSocketHandler","msg":"요청 수신됨 [object Object]"}
{"time":"2026-06-02T04:26:38.723Z","level":"DEBUG","tag":"mysql-db-conn","msg":"쿼리 실행 [object Object]"}
{"time":"2026-06-02T04:26:38.729Z","level":"DEBUG","tag":"service-server:WebSocketHandler","msg":"응답 전송됨 (크기: 5863)"}
{"time":"2026-06-02T04:26:38.734Z","level":"DEBUG","tag":"service-server:WebSocketHandler","msg":"요청 수신됨 [object Object]"}
{"time":"2026-06-02T04:26:38.734Z","level":"DEBUG","tag":"service-server:WebSocketHandler","msg":"응답 전송됨 (크기: 40)"}
{"time":"2026-06-02T04:26:38.741Z","level":"DEBUG","tag":"service-server:WebSocketHandler","msg":"요청 수신됨 [object Object]"}
{"time":"2026-06-02T04:26:38.741Z","level":"DEBUG","tag":"service-server:WebSocketHandler","msg":"응답 전송됨 (크기: 40)"}
{"time":"2026-06-02T04:26:38.757Z","level":"DEBUG","tag":"service-server:WebSocketHandler","msg":"요청 수신됨 [object Object]"}
{"time":"2026-06-02T04:26:38.759Z","level":"DEBUG","tag":"mysql-db-conn","msg":"쿼리 실행 [object Object]"}
{"time":"2026-06-02T04:26:38.765Z","level":"DEBUG","tag":"service-server:WebSocketHandler","msg":"응답 전송됨 (크기: 5863)"}
{"time":"2026-06-02T04:26:38.771Z","level":"DEBUG","tag":"service-server:WebSocketHandler","msg":"요청 수신됨 [object Object]"}
{"time":"2026-06-02T04:26:38.772Z","level":"DEBUG","tag":"service-server:WebSocketHandler","msg":"응답 전송됨 (크기: 40)"}
{"time":"2026-06-02T04:26:38.776Z","level":"DEBUG","tag":"service-server:WebSocketHandler","msg":"요청 수신됨 [object Object]"}
{"time":"2026-06-02T04:26:38.776Z","level":"DEBUG","tag":"service-server:WebSocketHandler","msg":"응답 전송됨 (크기: 40)"}
{"time":"2026-06-02T04:26:38.780Z","level":"DEBUG","tag":"service-server:WebSocketHandler","msg":"요청 수신됨 [object Object]"}
{"time":"2026-06-02T04:26:38.780Z","level":"DEBUG","tag":"service-server:WebSocketHandler","msg":"응답 전송됨 (크기: 40)"}
{"time":"2026-06-02T04:26:38.783Z","level":"DEBUG","tag":"service-server:WebSocketHandler","msg":"요청 수신됨 [object Object]"}
{"time":"2026-06-02T04:26:38.784Z","level":"DEBUG","tag":"service-server:WebSocketHandler","msg":"응답 전송됨 (크기: 79)"}
{"time":"2026-06-02T04:26:38.790Z","level":"DEBUG","tag":"service-server:WebSocketHandler","msg":"요청 수신됨 [object Object]"}
{"time":"2026-06-02T04:26:38.795Z","level":"DEBUG","tag":"service-server:WebSocketHandler","msg":"응답 전송됨 (크기: 42)"}
{"time":"2026-06-02T04:26:38.799Z","level":"DEBUG","tag":"service-server:WebSocketHandler","msg":"요청 수신됨 [object Object]"}
{"time":"2026-06-02T04:26:38.799Z","level":"DEBUG","tag":"mysql-db-conn","msg":"쿼리 실행 [object Object]"}
{"time":"2026-06-02T04:26:38.801Z","level":"DEBUG","tag":"service-server:WebSocketHandler","msg":"응답 전송됨 (크기: 68)"}
{"time":"2026-06-02T04:26:38.805Z","level":"DEBUG","tag":"service-server:WebSocketHandler","msg":"요청 수신됨 [object Object]"}
{"time":"2026-06-02T04:26:38.805Z","level":"DEBUG","tag":"mysql-db-conn","msg":"쿼리 실행 [object Object]"}
{"time":"2026-06-02T04:26:38.806Z","level":"DEBUG","tag":"service-server:WebSocketHandler","msg":"응답 전송됨 (크기: 92)"}
{"time":"2026-06-02T04:26:38.811Z","level":"DEBUG","tag":"service-server:WebSocketHandler","msg":"요청 수신됨 [object Object]"}
{"time":"2026-06-02T04:26:38.811Z","level":"DEBUG","tag":"mysql-db-conn","msg":"쿼리 실행 [object Object]"}
{"time":"2026-06-02T04:26:38.813Z","level":"DEBUG","tag":"service-server:WebSocketHandler","msg":"응답 전송됨 (크기: 670)"}
{"time":"2026-06-02T04:26:38.817Z","level":"DEBUG","tag":"service-server:WebSocketHandler","msg":"요청 수신됨 [object Object]"}
{"time":"2026-06-02T04:26:38.817Z","level":"DEBUG","tag":"mysql-db-conn","msg":"쿼리 실행 [object Object]"}
{"time":"2026-06-02T04:26:38.820Z","level":"DEBUG","tag":"service-server:WebSocketHandler","msg":"응답 전송됨 (크기: 556)"}
{"time":"2026-06-02T04:26:38.824Z","level":"DEBUG","tag":"service-server:WebSocketHandler","msg":"요청 수신됨 [object Object]"}
{"time":"2026-06-02T04:26:38.824Z","level":"DEBUG","tag":"mysql-db-conn","msg":"쿼리 실행 [object Object]"}
{"time":"2026-06-02T04:26:48.496Z","level":"DEBUG","tag":"service-server:WebSocketHandler","msg":"응답 전송됨 (크기: 194)"}
{"time":"2026-06-02T04:26:48.499Z","level":"DEBUG","tag":"service-server:WebSocketHandler","msg":"요청 수신됨 [object Object]"}
{"time":"2026-06-02T04:26:48.500Z","level":"DEBUG","tag":"service-server:WebSocketHandler","msg":"클라이언트 연결됨 [object Object]"}
{"time":"2026-06-02T04:26:48.501Z","level":"DEBUG","tag":"service-server:WebSocketHandler","msg":"요청 수신됨 [object Object]"}
{"time":"2026-06-02T04:26:48.501Z","level":"DEBUG","tag":"service-server:WebSocketHandler","msg":"응답 전송됨 (크기: 45)"}
{"time":"2026-06-02T04:26:48.503Z","level":"DEBUG","tag":"mysql-db-conn","msg":"쿼리 실행 [object Object]"}
{"time":"2026-06-02T04:26:48.505Z","level":"DEBUG","tag":"service-server:WebSocketHandler","msg":"요청 수신됨 [object Object]"}
{"time":"2026-06-02T04:26:48.505Z","level":"DEBUG","tag":"service-server:WebSocketHandler","msg":"응답 전송됨 (크기: 40)"}
{"time":"2026-06-02T04:26:48.511Z","level":"DEBUG","tag":"service-server:WebSocketHandler","msg":"응답 전송됨 (크기: 45)"}
{"time":"2026-06-02T04:26:48.534Z","level":"DEBUG","tag":"service-server:WebSocketHandler","msg":"요청 수신됨 [object Object]"}
{"time":"2026-06-02T04:26:48.536Z","level":"DEBUG","tag":"mysql-db-conn","msg":"쿼리 실행 [object Object]"}
{"time":"2026-06-02T04:26:48.542Z","level":"DEBUG","tag":"service-server:WebSocketHandler","msg":"응답 전송됨 (크기: 5863)"}
{"time":"2026-06-02T04:26:48.556Z","level":"DEBUG","tag":"service-server:WebSocketHandler","msg":"요청 수신됨 [object Object]"}
{"time":"2026-06-02T04:26:48.557Z","level":"DEBUG","tag":"service-server:WebSocketHandler","msg":"응답 전송됨 (크기: 40)"}
{"time":"2026-06-02T04:26:48.565Z","level":"DEBUG","tag":"service-server:WebSocketHandler","msg":"요청 수신됨 [object Object]"}
{"time":"2026-06-02T04:26:48.565Z","level":"DEBUG","tag":"service-server:WebSocketHandler","msg":"응답 전송됨 (크기: 40)"}
{"time":"2026-06-02T04:26:48.571Z","level":"DEBUG","tag":"service-server:WebSocketHandler","msg":"요청 수신됨 [object Object]"}
{"time":"2026-06-02T04:26:48.571Z","level":"DEBUG","tag":"service-server:WebSocketHandler","msg":"응답 전송됨 (크기: 79)"}
{"time":"2026-06-02T04:26:48.576Z","level":"DEBUG","tag":"service-server:WebSocketHandler","msg":"요청 수신됨 [object Object]"}
{"time":"2026-06-02T04:26:48.578Z","level":"DEBUG","tag":"service-server:WebSocketHandler","msg":"응답 전송됨 (크기: 42)"}
{"time":"2026-06-02T04:26:48.582Z","level":"DEBUG","tag":"service-server:WebSocketHandler","msg":"요청 수신됨 [object Object]"}
{"time":"2026-06-02T04:26:48.582Z","level":"DEBUG","tag":"mysql-db-conn","msg":"쿼리 실행 [object Object]"}
{"time":"2026-06-02T04:26:48.584Z","level":"DEBUG","tag":"service-server:WebSocketHandler","msg":"응답 전송됨 (크기: 68)"}
{"time":"2026-06-02T04:26:48.588Z","level":"DEBUG","tag":"service-server:WebSocketHandler","msg":"요청 수신됨 [object Object]"}
{"time":"2026-06-02T04:26:48.588Z","level":"DEBUG","tag":"mysql-db-conn","msg":"쿼리 실행 [object Object]"}
{"time":"2026-06-02T04:26:48.591Z","level":"DEBUG","tag":"service-server:WebSocketHandler","msg":"응답 전송됨 (크기: 92)"}
{"time":"2026-06-02T04:26:48.595Z","level":"DEBUG","tag":"service-server:WebSocketHandler","msg":"요청 수신됨 [object Object]"}
{"time":"2026-06-02T04:26:48.595Z","level":"DEBUG","tag":"mysql-db-conn","msg":"쿼리 실행 [object Object]"}
{"time":"2026-06-02T04:26:48.597Z","level":"DEBUG","tag":"service-server:WebSocketHandler","msg":"응답 전송됨 (크기: 670)"}
{"time":"2026-06-02T04:26:48.603Z","level":"DEBUG","tag":"service-server:WebSocketHandler","msg":"요청 수신됨 [object Object]"}
{"time":"2026-06-02T04:26:48.604Z","level":"DEBUG","tag":"mysql-db-conn","msg":"쿼리 실행 [object Object]"}
{"time":"2026-06-02T04:26:48.605Z","level":"DEBUG","tag":"service-server:WebSocketHandler","msg":"응답 전송됨 (크기: 556)"}
{"time":"2026-06-02T04:26:48.614Z","level":"DEBUG","tag":"service-server:WebSocketHandler","msg":"요청 수신됨 [object Object]"}
{"time":"2026-06-02T04:26:48.614Z","level":"DEBUG","tag":"mysql-db-conn","msg":"쿼리 실행 [object Object]"}
{"time":"2026-06-02T04:26:58.651Z","level":"DEBUG","tag":"service-server:WebSocketHandler","msg":"응답 전송됨 (크기: 194)"}
{"time":"2026-06-02T04:26:58.653Z","level":"DEBUG","tag":"service-server:WebSocketHandler","msg":"요청 수신됨 [object Object]"}
{"time":"2026-06-02T04:26:58.654Z","level":"DEBUG","tag":"service-server:WebSocketHandler","msg":"요청 수신됨 [object Object]"}
{"time":"2026-06-02T04:26:58.655Z","level":"DEBUG","tag":"service-server:WebSocketHandler","msg":"요청 수신됨 [object Object]"}
{"time":"2026-06-02T04:26:58.655Z","level":"DEBUG","tag":"service-server:WebSocketHandler","msg":"응답 전송됨 (크기: 45)"}
{"time":"2026-06-02T04:26:58.657Z","level":"DEBUG","tag":"mysql-db-conn","msg":"쿼리 실행 [object Object]"}
{"time":"2026-06-02T04:26:58.657Z","level":"DEBUG","tag":"mysql-db-conn","msg":"쿼리 실행 [object Object]"}
{"time":"2026-06-02T04:26:58.659Z","level":"DEBUG","tag":"service-server:WebSocketHandler","msg":"요청 수신됨 [object Object]"}
{"time":"2026-06-02T04:26:58.659Z","level":"DEBUG","tag":"service-server:WebSocketHandler","msg":"응답 전송됨 (크기: 40)"}
{"time":"2026-06-02T04:26:58.668Z","level":"DEBUG","tag":"service-server:WebSocketHandler","msg":"응답 전송됨 (크기: 5863)"}
{"time":"2026-06-02T04:26:58.669Z","level":"DEBUG","tag":"service-server:WebSocketHandler","msg":"응답 전송됨 (크기: 5863)"}
{"time":"2026-06-02T04:26:58.673Z","level":"DEBUG","tag":"service-server:WebSocketHandler","msg":"요청 수신됨 [object Object]"}
{"time":"2026-06-02T04:26:58.673Z","level":"DEBUG","tag":"service-server:WebSocketHandler","msg":"응답 전송됨 (크기: 40)"}
{"time":"2026-06-02T04:26:58.674Z","level":"DEBUG","tag":"service-server:WebSocketHandler","msg":"요청 수신됨 [object Object]"}
{"time":"2026-06-02T04:26:58.674Z","level":"DEBUG","tag":"service-server:WebSocketHandler","msg":"응답 전송됨 (크기: 40)"}
{"time":"2026-06-02T04:26:58.676Z","level":"DEBUG","tag":"service-server:WebSocketHandler","msg":"요청 수신됨 [object Object]"}
{"time":"2026-06-02T04:26:58.676Z","level":"DEBUG","tag":"service-server:WebSocketHandler","msg":"응답 전송됨 (크기: 40)"}
{"time":"2026-06-02T04:26:58.678Z","level":"DEBUG","tag":"service-server:WebSocketHandler","msg":"요청 수신됨 [object Object]"}
{"time":"2026-06-02T04:26:58.678Z","level":"DEBUG","tag":"service-server:WebSocketHandler","msg":"응답 전송됨 (크기: 40)"}
{"time":"2026-06-02T04:26:58.679Z","level":"DEBUG","tag":"service-server:WebSocketHandler","msg":"요청 수신됨 [object Object]"}
{"time":"2026-06-02T04:26:58.679Z","level":"DEBUG","tag":"service-server:WebSocketHandler","msg":"응답 전송됨 (크기: 40)"}
{"time":"2026-06-02T04:26:58.681Z","level":"DEBUG","tag":"service-server:WebSocketHandler","msg":"요청 수신됨 [object Object]"}
{"time":"2026-06-02T04:26:58.681Z","level":"DEBUG","tag":"service-server:WebSocketHandler","msg":"응답 전송됨 (크기: 40)"}
{"time":"2026-06-02T04:26:58.686Z","level":"DEBUG","tag":"service-server:WebSocketHandler","msg":"요청 수신됨 [object Object]"}
{"time":"2026-06-02T04:26:58.688Z","level":"DEBUG","tag":"mysql-db-conn","msg":"쿼리 실행 [object Object]"}
{"time":"2026-06-02T04:26:58.694Z","level":"DEBUG","tag":"service-server:WebSocketHandler","msg":"요청 수신됨 [object Object]"}
{"time":"2026-06-02T04:26:58.695Z","level":"DEBUG","tag":"service-server:WebSocketHandler","msg":"응답 전송됨 (크기: 5863)"}
{"time":"2026-06-02T04:26:58.697Z","level":"DEBUG","tag":"mysql-db-conn","msg":"쿼리 실행 [object Object]"}
{"time":"2026-06-02T04:26:58.701Z","level":"DEBUG","tag":"service-server:WebSocketHandler","msg":"요청 수신됨 [object Object]"}
{"time":"2026-06-02T04:26:58.702Z","level":"DEBUG","tag":"service-server:WebSocketHandler","msg":"응답 전송됨 (크기: 40)"}
{"time":"2026-06-02T04:26:58.703Z","level":"DEBUG","tag":"service-server:WebSocketHandler","msg":"응답 전송됨 (크기: 5863)"}
{"time":"2026-06-02T04:26:58.705Z","level":"DEBUG","tag":"service-server:WebSocketHandler","msg":"요청 수신됨 [object Object]"}
{"time":"2026-06-02T04:26:58.705Z","level":"DEBUG","tag":"service-server:WebSocketHandler","msg":"응답 전송됨 (크기: 40)"}
{"time":"2026-06-02T04:26:58.708Z","level":"DEBUG","tag":"service-server:WebSocketHandler","msg":"요청 수신됨 [object Object]"}
{"time":"2026-06-02T04:26:58.709Z","level":"DEBUG","tag":"service-server:WebSocketHandler","msg":"요청 수신됨 [object Object]"}
{"time":"2026-06-02T04:26:58.709Z","level":"DEBUG","tag":"service-server:WebSocketHandler","msg":"응답 전송됨 (크기: 40)"}
{"time":"2026-06-02T04:26:58.709Z","level":"DEBUG","tag":"service-server:WebSocketHandler","msg":"응답 전송됨 (크기: 40)"}
{"time":"2026-06-02T04:26:58.714Z","level":"DEBUG","tag":"service-server:WebSocketHandler","msg":"요청 수신됨 [object Object]"}
{"time":"2026-06-02T04:26:58.714Z","level":"DEBUG","tag":"service-server:WebSocketHandler","msg":"응답 전송됨 (크기: 40)"}
{"time":"2026-06-02T04:26:58.715Z","level":"DEBUG","tag":"service-server:WebSocketHandler","msg":"요청 수신됨 [object Object]"}
{"time":"2026-06-02T04:26:58.715Z","level":"DEBUG","tag":"service-server:WebSocketHandler","msg":"응답 전송됨 (크기: 79)"}
{"time":"2026-06-02T04:26:58.717Z","level":"DEBUG","tag":"service-server:WebSocketHandler","msg":"요청 수신됨 [object Object]"}
{"time":"2026-06-02T04:26:58.718Z","level":"DEBUG","tag":"service-server:WebSocketHandler","msg":"응답 전송됨 (크기: 40)"}
{"time":"2026-06-02T04:26:58.718Z","level":"DEBUG","tag":"service-server:WebSocketHandler","msg":"요청 수신됨 [object Object]"}
{"time":"2026-06-02T04:26:58.720Z","level":"DEBUG","tag":"service-server:WebSocketHandler","msg":"응답 전송됨 (크기: 42)"}
{"time":"2026-06-02T04:26:58.721Z","level":"DEBUG","tag":"service-server:WebSocketHandler","msg":"요청 수신됨 [object Object]"}
{"time":"2026-06-02T04:26:58.721Z","level":"DEBUG","tag":"service-server:WebSocketHandler","msg":"응답 전송됨 (크기: 79)"}
{"time":"2026-06-02T04:26:58.723Z","level":"DEBUG","tag":"service-server:WebSocketHandler","msg":"요청 수신됨 [object Object]"}
{"time":"2026-06-02T04:26:58.723Z","level":"DEBUG","tag":"mysql-db-conn","msg":"쿼리 실행 [object Object]"}
{"time":"2026-06-02T04:26:58.725Z","level":"DEBUG","tag":"service-server:WebSocketHandler","msg":"응답 전송됨 (크기: 68)"}
{"time":"2026-06-02T04:26:58.727Z","level":"DEBUG","tag":"service-server:WebSocketHandler","msg":"요청 수신됨 [object Object]"}
{"time":"2026-06-02T04:26:58.728Z","level":"DEBUG","tag":"service-server:WebSocketHandler","msg":"요청 수신됨 [object Object]"}
{"time":"2026-06-02T04:26:58.728Z","level":"DEBUG","tag":"mysql-db-conn","msg":"쿼리 실행 [object Object]"}
{"time":"2026-06-02T04:26:58.729Z","level":"DEBUG","tag":"service-server:WebSocketHandler","msg":"응답 전송됨 (크기: 92)"}
{"time":"2026-06-02T04:26:58.730Z","level":"DEBUG","tag":"service-server:WebSocketHandler","msg":"응답 전송됨 (크기: 42)"}
{"time":"2026-06-02T04:26:58.732Z","level":"DEBUG","tag":"service-server:WebSocketHandler","msg":"요청 수신됨 [object Object]"}
{"time":"2026-06-02T04:26:58.733Z","level":"DEBUG","tag":"mysql-db-conn","msg":"쿼리 실행 [object Object]"}
{"time":"2026-06-02T04:26:58.733Z","level":"DEBUG","tag":"service-server:WebSocketHandler","msg":"요청 수신됨 [object Object]"}
{"time":"2026-06-02T04:26:58.733Z","level":"DEBUG","tag":"mysql-db-conn","msg":"쿼리 실행 [object Object]"}
{"time":"2026-06-02T04:26:58.734Z","level":"DEBUG","tag":"service-server:WebSocketHandler","msg":"응답 전송됨 (크기: 68)"}
{"time":"2026-06-02T04:26:58.735Z","level":"DEBUG","tag":"service-server:WebSocketHandler","msg":"응답 전송됨 (크기: 670)"}
{"time":"2026-06-02T04:26:58.738Z","level":"DEBUG","tag":"service-server:WebSocketHandler","msg":"요청 수신됨 [object Object]"}
{"time":"2026-06-02T04:26:58.738Z","level":"DEBUG","tag":"mysql-db-conn","msg":"쿼리 실행 [object Object]"}
{"time":"2026-06-02T04:26:58.739Z","level":"DEBUG","tag":"service-server:WebSocketHandler","msg":"요청 수신됨 [object Object]"}
{"time":"2026-06-02T04:26:58.739Z","level":"DEBUG","tag":"mysql-db-conn","msg":"쿼리 실행 [object Object]"}
{"time":"2026-06-02T04:26:58.740Z","level":"DEBUG","tag":"service-server:WebSocketHandler","msg":"응답 전송됨 (크기: 92)"}
{"time":"2026-06-02T04:26:58.740Z","level":"DEBUG","tag":"service-server:WebSocketHandler","msg":"응답 전송됨 (크기: 556)"}
{"time":"2026-06-02T04:26:58.743Z","level":"DEBUG","tag":"service-server:WebSocketHandler","msg":"요청 수신됨 [object Object]"}
{"time":"2026-06-02T04:26:58.743Z","level":"DEBUG","tag":"mysql-db-conn","msg":"쿼리 실행 [object Object]"}
{"time":"2026-06-02T04:26:58.744Z","level":"DEBUG","tag":"service-server:WebSocketHandler","msg":"요청 수신됨 [object Object]"}
{"time":"2026-06-02T04:26:58.744Z","level":"DEBUG","tag":"mysql-db-conn","msg":"쿼리 실행 [object Object]"}
{"time":"2026-06-02T04:26:58.746Z","level":"DEBUG","tag":"service-server:WebSocketHandler","msg":"응답 전송됨 (크기: 670)"}
{"time":"2026-06-02T04:26:58.750Z","level":"DEBUG","tag":"service-server:WebSocketHandler","msg":"요청 수신됨 [object Object]"}
{"time":"2026-06-02T04:26:58.752Z","level":"DEBUG","tag":"service-server:WebSocketHandler","msg":"응답 전송됨 (크기: 556)"}
{"time":"2026-06-02T04:26:58.756Z","level":"DEBUG","tag":"service-server:WebSocketHandler","msg":"요청 수신됨 [object Object]"}
{"time":"2026-06-02T04:26:58.744Z","level":"DEBUG","tag":"mysql-db-conn","msg":"쿼리 실행 [object Object]"}
{"time":"2026-06-02T04:26:58.756Z","level":"DEBUG","tag":"mysql-db-conn","msg":"쿼리 실행 [object Object]"}
{"time":"2026-06-02T04:27:08.615Z","level":"DEBUG","tag":"service-server:WebSocketHandler","msg":"응답 전송됨 (크기: 194)"}
{"time":"2026-06-02T04:27:08.617Z","level":"DEBUG","tag":"service-server:WebSocketHandler","msg":"요청 수신됨 [object Object]"}
{"time":"2026-06-02T04:27:08.618Z","level":"DEBUG","tag":"service-server:WebSocketHandler","msg":"요청 수신됨 [object Object]"}
{"time":"2026-06-02T04:27:08.619Z","level":"DEBUG","tag":"service-server:WebSocketHandler","msg":"클라이언트 연결됨 [object Object]"}
{"time":"2026-06-02T04:27:18.343Z","level":"DEBUG","tag":"service-server:WebSocketHandler","msg":"응답 전송됨 (크기: 194)"}
{"time":"2026-06-02T04:27:18.345Z","level":"DEBUG","tag":"service-server:WebSocketHandler","msg":"요청 수신됨 [object Object]"}
{"time":"2026-06-02T04:27:18.346Z","level":"DEBUG","tag":"service-server:WebSocketHandler","msg":"클라이언트 연결 해제됨: (code: 1006)"}
{"time":"2026-06-02T04:27:18.346Z","level":"DEBUG","tag":"service-server:OrmService","msg":"소켓 종료 감지: 열린 모든 DB 연결을 정리합니다."}
{"time":"2026-06-02T04:27:18.346Z","level":"DEBUG","tag":"service-server:WebSocketHandler","msg":"클라이언트 연결 해제됨: (code: 1006)"}
{"time":"2026-06-02T04:27:18.346Z","level":"DEBUG","tag":"service-server:OrmService","msg":"소켓 종료 감지: 열린 모든 DB 연결을 정리합니다."}
{"time":"2026-06-02T04:27:18.346Z","level":"DEBUG","tag":"service-server:WebSocketHandler","msg":"클라이언트 연결 해제됨: (code: 1006)"}
{"time":"2026-06-02T04:27:18.346Z","level":"DEBUG","tag":"service-server:WebSocketHandler","msg":"클라이언트 연결 해제됨: (code: 1006)"}
{"time":"2026-06-02T04:27:18.346Z","level":"DEBUG","tag":"service-server:OrmService","msg":"소켓 종료 감지: 열린 모든 DB 연결을 정리합니다."}
{"time":"2026-06-02T04:27:18.346Z","level":"DEBUG","tag":"service-server:WebSocketHandler","msg":"클라이언트 연결 해제됨: (code: 1006)"}
{"time":"2026-06-02T04:27:18.346Z","level":"DEBUG","tag":"service-server:OrmService","msg":"소켓 종료 감지: 열린 모든 DB 연결을 정리합니다."}
{"time":"2026-06-02T04:27:18.346Z","level":"DEBUG","tag":"service-server:WebSocketHandler","msg":"클라이언트 연결 해제됨: (code: 1006)"}
{"time":"2026-06-02T04:27:18.346Z","level":"DEBUG","tag":"service-server:WebSocketHandler","msg":"응답 전송됨 (크기: 123)"}
{"time":"2026-06-02T04:27:18.349Z","level":"DEBUG","tag":"mysql-db-conn","msg":"쿼리 실행 [object Object]"}
{"time":"2026-06-02T04:27:18.350Z","level":"DEBUG","tag":"mysql-db-conn","msg":"쿼리 실행 [object Object]"}
{"time":"2026-06-02T04:27:18.357Z","level":"DEBUG","tag":"service-server:WebSocketHandler","msg":"응답 전송됨 (크기: 0)"}
{"time":"2026-06-02T04:27:18.358Z","level":"DEBUG","tag":"service-server:WebSocketHandler","msg":"응답 전송됨 (크기: 0)"}
{"time":"2026-06-02T04:27:18.553Z","level":"DEBUG","tag":"service-server:WebSocketHandler","msg":"클라이언트 연결됨 [object Object]"}
{"time":"2026-06-02T04:27:18.622Z","level":"DEBUG","tag":"service-server:WebSocketHandler","msg":"요청 수신됨 [object Object]"}
{"time":"2026-06-02T04:27:18.627Z","level":"DEBUG","tag":"mysql-db-conn","msg":"쿼리 실행 [object Object]"}
{"time":"2026-06-02T04:27:18.641Z","level":"DEBUG","tag":"service-server:WebSocketHandler","msg":"응답 전송됨 (크기: 5863)"}
{"time":"2026-06-02T04:27:18.648Z","level":"DEBUG","tag":"service-server:WebSocketHandler","msg":"요청 수신됨 [object Object]"}
{"time":"2026-06-02T04:27:18.649Z","level":"DEBUG","tag":"service-server:WebSocketHandler","msg":"응답 전송됨 (크기: 40)"}
{"time":"2026-06-02T04:27:18.653Z","level":"DEBUG","tag":"service-server:WebSocketHandler","msg":"요청 수신됨 [object Object]"}
{"time":"2026-06-02T04:27:18.653Z","level":"DEBUG","tag":"service-server:WebSocketHandler","msg":"응답 전송됨 (크기: 40)"}
{"time":"2026-06-02T04:27:18.661Z","level":"DEBUG","tag":"service-server:WebSocketHandler","msg":"요청 수신됨 [object Object]"}
{"time":"2026-06-02T04:27:18.662Z","level":"DEBUG","tag":"service-server:WebSocketHandler","msg":"응답 전송됨 (크기: 79)"}
{"time":"2026-06-02T04:27:18.678Z","level":"DEBUG","tag":"service-server:WebSocketHandler","msg":"요청 수신됨 [object Object]"}
{"time":"2026-06-02T04:27:18.682Z","level":"DEBUG","tag":"service-server:WebSocketHandler","msg":"응답 전송됨 (크기: 42)"}
{"time":"2026-06-02T04:27:18.687Z","level":"DEBUG","tag":"service-server:WebSocketHandler","msg":"요청 수신됨 [object Object]"}
{"time":"2026-06-02T04:27:18.687Z","level":"DEBUG","tag":"mysql-db-conn","msg":"쿼리 실행 [object Object]"}
{"time":"2026-06-02T04:27:18.689Z","level":"DEBUG","tag":"service-server:WebSocketHandler","msg":"응답 전송됨 (크기: 68)"}
{"time":"2026-06-02T04:27:18.693Z","level":"DEBUG","tag":"service-server:WebSocketHandler","msg":"요청 수신됨 [object Object]"}
{"time":"2026-06-02T04:27:18.693Z","level":"DEBUG","tag":"mysql-db-conn","msg":"쿼리 실행 [object Object]"}
{"time":"2026-06-02T04:27:18.695Z","level":"DEBUG","tag":"service-server:WebSocketHandler","msg":"응답 전송됨 (크기: 92)"}
{"time":"2026-06-02T04:27:18.699Z","level":"DEBUG","tag":"service-server:WebSocketHandler","msg":"요청 수신됨 [object Object]"}
{"time":"2026-06-02T04:27:18.699Z","level":"DEBUG","tag":"mysql-db-conn","msg":"쿼리 실행 [object Object]"}
{"time":"2026-06-02T04:27:18.702Z","level":"DEBUG","tag":"service-server:WebSocketHandler","msg":"응답 전송됨 (크기: 670)"}
{"time":"2026-06-02T04:27:18.705Z","level":"DEBUG","tag":"service-server:WebSocketHandler","msg":"요청 수신됨 [object Object]"}
{"time":"2026-06-02T04:27:18.706Z","level":"DEBUG","tag":"mysql-db-conn","msg":"쿼리 실행 [object Object]"}
{"time":"2026-06-02T04:27:18.708Z","level":"DEBUG","tag":"service-server:WebSocketHandler","msg":"응답 전송됨 (크기: 556)"}
{"time":"2026-06-02T04:27:18.712Z","level":"DEBUG","tag":"service-server:WebSocketHandler","msg":"요청 수신됨 [object Object]"}
{"time":"2026-06-02T04:27:18.712Z","level":"DEBUG","tag":"mysql-db-conn","msg":"쿼리 실행 [object Object]"}
{"time":"2026-06-02T04:27:29.339Z","level":"DEBUG","tag":"service-server:WebSocketHandler","msg":"응답 전송됨 (크기: 194)"}
{"time":"2026-06-02T04:27:29.341Z","level":"DEBUG","tag":"service-server:WebSocketHandler","msg":"클라이언트 연결됨 [object Object]"}
{"time":"2026-06-02T04:27:29.341Z","level":"DEBUG","tag":"service-server:WebSocketHandler","msg":"클라이언트 연결됨 [object Object]"}
{"time":"2026-06-02T04:27:29.342Z","level":"DEBUG","tag":"service-server:WebSocketHandler","msg":"클라이언트 연결됨 [object Object]"}
{"time":"2026-06-02T04:27:29.342Z","level":"DEBUG","tag":"service-server:WebSocketHandler","msg":"클라이언트 연결됨 [object Object]"}
{"time":"2026-06-02T04:27:29.342Z","level":"DEBUG","tag":"service-server:WebSocketHandler","msg":"요청 수신됨 [object Object]"}
{"time":"2026-06-02T04:27:29.342Z","level":"DEBUG","tag":"service-server:WebSocketHandler","msg":"응답 전송됨 (크기: 45)"}
{"time":"2026-06-02T04:27:29.345Z","level":"DEBUG","tag":"service-server:WebSocketHandler","msg":"요청 수신됨 [object Object]"}
{"time":"2026-06-02T04:27:29.345Z","level":"DEBUG","tag":"service-server:WebSocketHandler","msg":"응답 전송됨 (크기: 40)"}
{"time":"2026-06-02T04:27:29.346Z","level":"DEBUG","tag":"service-server:WebSocketHandler","msg":"요청 수신됨 [object Object]"}
{"time":"2026-06-02T04:27:29.347Z","level":"DEBUG","tag":"service-server:WebSocketHandler","msg":"응답 전송됨 (크기: 40)"}
{"time":"2026-06-02T04:27:29.356Z","level":"DEBUG","tag":"service-server:WebSocketHandler","msg":"요청 수신됨 [object Object]"}
{"time":"2026-06-02T04:27:29.356Z","level":"DEBUG","tag":"service-server:WebSocketHandler","msg":"요청 수신됨 [object Object]"}
{"time":"2026-06-02T04:27:29.357Z","level":"DEBUG","tag":"service-server:WebSocketHandler","msg":"응답 전송됨 (크기: 40)"}
{"time":"2026-06-02T04:27:29.357Z","level":"DEBUG","tag":"service-server:WebSocketHandler","msg":"응답 전송됨 (크기: 40)"}
{"time":"2026-06-02T04:27:29.357Z","level":"DEBUG","tag":"service-server:WebSocketHandler","msg":"요청 수신됨 [object Object]"}
{"time":"2026-06-02T04:27:29.357Z","level":"DEBUG","tag":"service-server:WebSocketHandler","msg":"응답 전송됨 (크기: 40)"}
{"time":"2026-06-02T04:27:30.090Z","level":"DEBUG","tag":"service-server:WebSocketHandler","msg":"요청 수신됨 [object Object]"}
{"time":"2026-06-02T04:27:30.098Z","level":"DEBUG","tag":"mysql-db-conn","msg":"쿼리 실행 [object Object]"}
{"time":"2026-06-02T04:27:30.108Z","level":"DEBUG","tag":"service-server:WebSocketHandler","msg":"응답 전송됨 (크기: 45)"}
{"time":"2026-06-02T04:27:42.061Z","level":"DEBUG","tag":"service-server:WebSocketHandler","msg":"요청 수신됨 [object Object]"}
{"time":"2026-06-02T04:27:42.068Z","level":"DEBUG","tag":"mysql-db-conn","msg":"쿼리 실행 [object Object]"}
{"time":"2026-06-02T04:27:42.075Z","level":"DEBUG","tag":"service-server:WebSocketHandler","msg":"응답 전송됨 (크기: 2279)"}
{"time":"2026-06-02T04:27:42.084Z","level":"DEBUG","tag":"service-server:WebSocketHandler","msg":"요청 수신됨 [object Object]"}
{"time":"2026-06-02T04:27:42.085Z","level":"DEBUG","tag":"service-server:WebSocketHandler","msg":"응답 전송됨 (크기: 40)"}
{"time":"2026-06-02T04:27:42.091Z","level":"DEBUG","tag":"service-server:WebSocketHandler","msg":"요청 수신됨 [object Object]"}
{"time":"2026-06-02T04:27:42.092Z","level":"DEBUG","tag":"service-server:WebSocketHandler","msg":"응답 전송됨 (크기: 40)"}
{"time":"2026-06-02T04:27:42.100Z","level":"DEBUG","tag":"service-server:WebSocketHandler","msg":"요청 수신됨 [object Object]"}
{"time":"2026-06-02T04:27:42.100Z","level":"DEBUG","tag":"service-server:WebSocketHandler","msg":"응답 전송됨 (크기: 40)"}
{"time":"2026-06-02T04:27:42.112Z","level":"DEBUG","tag":"service-server:WebSocketHandler","msg":"요청 수신됨 [object Object]"}
{"time":"2026-06-02T04:27:42.118Z","level":"DEBUG","tag":"mysql-db-conn","msg":"쿼리 실행 [object Object]"}
{"time":"2026-06-02T04:27:42.124Z","level":"DEBUG","tag":"service-server:WebSocketHandler","msg":"응답 전송됨 (크기: 2279)"}
{"time":"2026-06-02T04:27:42.132Z","level":"DEBUG","tag":"service-server:WebSocketHandler","msg":"요청 수신됨 [object Object]"}
{"time":"2026-06-02T04:27:42.134Z","level":"DEBUG","tag":"service-server:WebSocketHandler","msg":"응답 전송됨 (크기: 40)"}
{"time":"2026-06-02T04:27:42.140Z","level":"DEBUG","tag":"service-server:WebSocketHandler","msg":"요청 수신됨 [object Object]"}
{"time":"2026-06-02T04:27:42.140Z","level":"DEBUG","tag":"service-server:WebSocketHandler","msg":"응답 전송됨 (크기: 40)"}
{"time":"2026-06-02T04:27:42.148Z","level":"DEBUG","tag":"service-server:WebSocketHandler","msg":"요청 수신됨 [object Object]"}
{"time":"2026-06-02T04:27:42.149Z","level":"DEBUG","tag":"service-server:WebSocketHandler","msg":"응답 전송됨 (크기: 40)"}
{"time":"2026-06-02T04:27:42.156Z","level":"DEBUG","tag":"service-server:WebSocketHandler","msg":"요청 수신됨 [object Object]"}
{"time":"2026-06-02T04:27:42.157Z","level":"DEBUG","tag":"service-server:WebSocketHandler","msg":"응답 전송됨 (크기: 79)"}
{"time":"2026-06-02T04:27:42.165Z","level":"DEBUG","tag":"service-server:WebSocketHandler","msg":"요청 수신됨 [object Object]"}
{"time":"2026-06-02T04:27:42.169Z","level":"DEBUG","tag":"service-server:WebSocketHandler","msg":"응답 전송됨 (크기: 42)"}
{"time":"2026-06-02T04:27:42.177Z","level":"DEBUG","tag":"service-server:WebSocketHandler","msg":"요청 수신됨 [object Object]"}
{"time":"2026-06-02T04:27:42.177Z","level":"DEBUG","tag":"mysql-db-conn","msg":"쿼리 실행 [object Object]"}
{"time":"2026-06-02T04:27:42.179Z","level":"DEBUG","tag":"service-server:WebSocketHandler","msg":"응답 전송됨 (크기: 68)"}
{"time":"2026-06-02T04:27:42.187Z","level":"DEBUG","tag":"service-server:WebSocketHandler","msg":"요청 수신됨 [object Object]"}
{"time":"2026-06-02T04:27:42.187Z","level":"DEBUG","tag":"mysql-db-conn","msg":"쿼리 실행 [object Object]"}
{"time":"2026-06-02T04:27:42.189Z","level":"DEBUG","tag":"service-server:WebSocketHandler","msg":"응답 전송됨 (크기: 92)"}
{"time":"2026-06-02T04:27:42.196Z","level":"DEBUG","tag":"service-server:WebSocketHandler","msg":"요청 수신됨 [object Object]"}
{"time":"2026-06-02T04:27:42.196Z","level":"DEBUG","tag":"mysql-db-conn","msg":"쿼리 실행 [object Object]"}
{"time":"2026-06-02T04:27:42.199Z","level":"DEBUG","tag":"service-server:WebSocketHandler","msg":"응답 전송됨 (크기: 670)"}
{"time":"2026-06-02T04:27:42.207Z","level":"DEBUG","tag":"service-server:WebSocketHandler","msg":"요청 수신됨 [object Object]"}
{"time":"2026-06-02T04:27:42.208Z","level":"DEBUG","tag":"mysql-db-conn","msg":"쿼리 실행 [object Object]"}
{"time":"2026-06-02T04:27:42.211Z","level":"DEBUG","tag":"service-server:WebSocketHandler","msg":"응답 전송됨 (크기: 556)"}
{"time":"2026-06-02T04:27:42.219Z","level":"DEBUG","tag":"service-server:WebSocketHandler","msg":"요청 수신됨 [object Object]"}
{"time":"2026-06-02T04:27:42.219Z","level":"DEBUG","tag":"mysql-db-conn","msg":"쿼리 실행 [object Object]"}
{"time":"2026-06-02T04:27:52.769Z","level":"DEBUG","tag":"service-server:WebSocketHandler","msg":"응답 전송됨 (크기: 194)"}
{"time":"2026-06-02T04:27:52.777Z","level":"DEBUG","tag":"service-server:WebSocketHandler","msg":"요청 수신됨 [object Object]"}
{"time":"2026-06-02T04:27:52.777Z","level":"DEBUG","tag":"service-server:WebSocketHandler","msg":"응답 전송됨 (크기: 45)"}
{"time":"2026-06-02T04:27:52.793Z","level":"DEBUG","tag":"service-server:WebSocketHandler","msg":"요청 수신됨 [object Object]"}
{"time":"2026-06-02T04:27:52.793Z","level":"DEBUG","tag":"service-server:WebSocketHandler","msg":"응답 전송됨 (크기: 40)"}
{"time":"2026-06-02T04:27:57.503Z","level":"DEBUG","tag":"service-server:WebSocketHandler","msg":"요청 수신됨 [object Object]"}
{"time":"2026-06-02T04:27:57.511Z","level":"DEBUG","tag":"mysql-db-conn","msg":"쿼리 실행 [object Object]"}
{"time":"2026-06-02T04:27:57.519Z","level":"DEBUG","tag":"service-server:WebSocketHandler","msg":"응답 전송됨 (크기: 2279)"}
{"time":"2026-06-02T04:27:57.527Z","level":"DEBUG","tag":"service-server:WebSocketHandler","msg":"요청 수신됨 [object Object]"}
{"time":"2026-06-02T04:27:57.528Z","level":"DEBUG","tag":"service-server:WebSocketHandler","msg":"응답 전송됨 (크기: 40)"}
{"time":"2026-06-02T04:27:57.550Z","level":"DEBUG","tag":"service-server:WebSocketHandler","msg":"요청 수신됨 [object Object]"}
{"time":"2026-06-02T04:27:57.550Z","level":"DEBUG","tag":"service-server:WebSocketHandler","msg":"응답 전송됨 (크기: 40)"}
{"time":"2026-06-02T04:27:57.558Z","level":"DEBUG","tag":"service-server:WebSocketHandler","msg":"요청 수신됨 [object Object]"}
{"time":"2026-06-02T04:27:57.558Z","level":"DEBUG","tag":"service-server:WebSocketHandler","msg":"응답 전송됨 (크기: 40)"}
{"time":"2026-06-02T04:27:57.570Z","level":"DEBUG","tag":"service-server:WebSocketHandler","msg":"요청 수신됨 [object Object]"}
{"time":"2026-06-02T04:27:57.576Z","level":"DEBUG","tag":"mysql-db-conn","msg":"쿼리 실행 [object Object]"}
{"time":"2026-06-02T04:27:57.583Z","level":"DEBUG","tag":"service-server:WebSocketHandler","msg":"응답 전송됨 (크기: 2279)"}
{"time":"2026-06-02T04:27:57.590Z","level":"DEBUG","tag":"service-server:WebSocketHandler","msg":"요청 수신됨 [object Object]"}
{"time":"2026-06-02T04:27:57.591Z","level":"DEBUG","tag":"service-server:WebSocketHandler","msg":"응답 전송됨 (크기: 40)"}
{"time":"2026-06-02T04:27:57.598Z","level":"DEBUG","tag":"service-server:WebSocketHandler","msg":"요청 수신됨 [object Object]"}
{"time":"2026-06-02T04:27:57.599Z","level":"DEBUG","tag":"service-server:WebSocketHandler","msg":"응답 전송됨 (크기: 40)"}
{"time":"2026-06-02T04:27:57.606Z","level":"DEBUG","tag":"service-server:WebSocketHandler","msg":"요청 수신됨 [object Object]"}
{"time":"2026-06-02T04:27:57.607Z","level":"DEBUG","tag":"service-server:WebSocketHandler","msg":"응답 전송됨 (크기: 40)"}
{"time":"2026-06-02T04:27:57.617Z","level":"DEBUG","tag":"service-server:WebSocketHandler","msg":"요청 수신됨 [object Object]"}
{"time":"2026-06-02T04:27:57.617Z","level":"DEBUG","tag":"service-server:WebSocketHandler","msg":"응답 전송됨 (크기: 79)"}
{"time":"2026-06-02T04:27:57.625Z","level":"DEBUG","tag":"service-server:WebSocketHandler","msg":"요청 수신됨 [object Object]"}
{"time":"2026-06-02T04:27:57.629Z","level":"DEBUG","tag":"service-server:WebSocketHandler","msg":"응답 전송됨 (크기: 42)"}
{"time":"2026-06-02T04:27:57.637Z","level":"DEBUG","tag":"service-server:WebSocketHandler","msg":"요청 수신됨 [object Object]"}
{"time":"2026-06-02T04:27:57.637Z","level":"DEBUG","tag":"mysql-db-conn","msg":"쿼리 실행 [object Object]"}
{"time":"2026-06-02T04:27:57.639Z","level":"DEBUG","tag":"service-server:WebSocketHandler","msg":"응답 전송됨 (크기: 68)"}
{"time":"2026-06-02T04:27:57.647Z","level":"DEBUG","tag":"service-server:WebSocketHandler","msg":"요청 수신됨 [object Object]"}
{"time":"2026-06-02T04:27:57.647Z","level":"DEBUG","tag":"mysql-db-conn","msg":"쿼리 실행 [object Object]"}
{"time":"2026-06-02T04:27:57.649Z","level":"DEBUG","tag":"service-server:WebSocketHandler","msg":"응답 전송됨 (크기: 92)"}
{"time":"2026-06-02T04:27:57.668Z","level":"DEBUG","tag":"service-server:WebSocketHandler","msg":"요청 수신됨 [object Object]"}
{"time":"2026-06-02T04:27:57.668Z","level":"DEBUG","tag":"mysql-db-conn","msg":"쿼리 실행 [object Object]"}
{"time":"2026-06-02T04:27:57.671Z","level":"DEBUG","tag":"service-server:WebSocketHandler","msg":"응답 전송됨 (크기: 670)"}
{"time":"2026-06-02T04:27:57.680Z","level":"DEBUG","tag":"service-server:WebSocketHandler","msg":"요청 수신됨 [object Object]"}
{"time":"2026-06-02T04:27:57.680Z","level":"DEBUG","tag":"mysql-db-conn","msg":"쿼리 실행 [object Object]"}
{"time":"2026-06-02T04:27:57.683Z","level":"DEBUG","tag":"service-server:WebSocketHandler","msg":"응답 전송됨 (크기: 556)"}
{"time":"2026-06-02T04:27:57.708Z","level":"DEBUG","tag":"service-server:WebSocketHandler","msg":"요청 수신됨 [object Object]"}
{"time":"2026-06-02T04:27:57.708Z","level":"DEBUG","tag":"mysql-db-conn","msg":"쿼리 실행 [object Object]"}
{"time":"2026-06-02T04:28:06.885Z","level":"DEBUG","tag":"service-server:WebSocketHandler","msg":"응답 전송됨 (크기: 194)"}
{"time":"2026-06-02T04:28:06.894Z","level":"DEBUG","tag":"service-server:WebSocketHandler","msg":"요청 수신됨 [object Object]"}
{"time":"2026-06-02T04:28:06.894Z","level":"DEBUG","tag":"service-server:WebSocketHandler","msg":"응답 전송됨 (크기: 45)"}
{"time":"2026-06-02T04:28:06.906Z","level":"DEBUG","tag":"service-server:WebSocketHandler","msg":"요청 수신됨 [object Object]"}
{"time":"2026-06-02T04:28:06.907Z","level":"DEBUG","tag":"service-server:WebSocketHandler","msg":"응답 전송됨 (크기: 40)"}
{"time":"2026-06-02T04:28:20.360Z","level":"DEBUG","tag":"service-server:WebSocketHandler","msg":"요청 수신됨 [object Object]"}
{"time":"2026-06-02T04:28:20.368Z","level":"DEBUG","tag":"mysql-db-conn","msg":"쿼리 실행 [object Object]"}
{"time":"2026-06-02T04:28:20.380Z","level":"DEBUG","tag":"service-server:WebSocketHandler","msg":"응답 전송됨 (크기: 5863)"}
{"time":"2026-06-02T04:28:20.392Z","level":"DEBUG","tag":"service-server:WebSocketHandler","msg":"요청 수신됨 [object Object]"}
{"time":"2026-06-02T04:28:20.392Z","level":"DEBUG","tag":"service-server:WebSocketHandler","msg":"응답 전송됨 (크기: 40)"}
{"time":"2026-06-02T04:28:20.397Z","level":"DEBUG","tag":"service-server:WebSocketHandler","msg":"요청 수신됨 [object Object]"}
{"time":"2026-06-02T04:28:20.397Z","level":"DEBUG","tag":"service-server:WebSocketHandler","msg":"응답 전송됨 (크기: 40)"}
{"time":"2026-06-02T04:28:20.401Z","level":"DEBUG","tag":"service-server:WebSocketHandler","msg":"요청 수신됨 [object Object]"}
{"time":"2026-06-02T04:28:20.401Z","level":"DEBUG","tag":"service-server:WebSocketHandler","msg":"응답 전송됨 (크기: 40)"}
{"time":"2026-06-02T04:28:20.410Z","level":"DEBUG","tag":"service-server:WebSocketHandler","msg":"요청 수신됨 [object Object]"}
{"time":"2026-06-02T04:28:20.413Z","level":"DEBUG","tag":"mysql-db-conn","msg":"쿼리 실행 [object Object]"}
{"time":"2026-06-02T04:28:20.423Z","level":"DEBUG","tag":"service-server:WebSocketHandler","msg":"응답 전송됨 (크기: 5863)"}
{"time":"2026-06-02T04:28:20.428Z","level":"DEBUG","tag":"service-server:WebSocketHandler","msg":"요청 수신됨 [object Object]"}
{"time":"2026-06-02T04:28:20.429Z","level":"DEBUG","tag":"service-server:WebSocketHandler","msg":"응답 전송됨 (크기: 40)"}
{"time":"2026-06-02T04:28:20.432Z","level":"DEBUG","tag":"service-server:WebSocketHandler","msg":"요청 수신됨 [object Object]"}
{"time":"2026-06-02T04:28:20.433Z","level":"DEBUG","tag":"service-server:WebSocketHandler","msg":"응답 전송됨 (크기: 40)"}
{"time":"2026-06-02T04:28:20.436Z","level":"DEBUG","tag":"service-server:WebSocketHandler","msg":"요청 수신됨 [object Object]"}
{"time":"2026-06-02T04:28:20.437Z","level":"DEBUG","tag":"service-server:WebSocketHandler","msg":"응답 전송됨 (크기: 40)"}
{"time":"2026-06-02T04:28:20.440Z","level":"DEBUG","tag":"service-server:WebSocketHandler","msg":"요청 수신됨 [object Object]"}
{"time":"2026-06-02T04:28:20.440Z","level":"DEBUG","tag":"service-server:WebSocketHandler","msg":"응답 전송됨 (크기: 79)"}
{"time":"2026-06-02T04:28:20.443Z","level":"DEBUG","tag":"service-server:WebSocketHandler","msg":"요청 수신됨 [object Object]"}
{"time":"2026-06-02T04:28:20.446Z","level":"DEBUG","tag":"service-server:WebSocketHandler","msg":"응답 전송됨 (크기: 42)"}
{"time":"2026-06-02T04:28:20.449Z","level":"DEBUG","tag":"service-server:WebSocketHandler","msg":"요청 수신됨 [object Object]"}
{"time":"2026-06-02T04:28:20.449Z","level":"DEBUG","tag":"mysql-db-conn","msg":"쿼리 실행 [object Object]"}
{"time":"2026-06-02T04:28:20.451Z","level":"DEBUG","tag":"service-server:WebSocketHandler","msg":"응답 전송됨 (크기: 68)"}
{"time":"2026-06-02T04:28:20.454Z","level":"DEBUG","tag":"service-server:WebSocketHandler","msg":"요청 수신됨 [object Object]"}
{"time":"2026-06-02T04:28:20.454Z","level":"DEBUG","tag":"mysql-db-conn","msg":"쿼리 실행 [object Object]"}
{"time":"2026-06-02T04:28:20.455Z","level":"DEBUG","tag":"service-server:WebSocketHandler","msg":"응답 전송됨 (크기: 92)"}
{"time":"2026-06-02T04:28:20.459Z","level":"DEBUG","tag":"service-server:WebSocketHandler","msg":"요청 수신됨 [object Object]"}
{"time":"2026-06-02T04:28:20.459Z","level":"DEBUG","tag":"mysql-db-conn","msg":"쿼리 실행 [object Object]"}
{"time":"2026-06-02T04:28:20.461Z","level":"DEBUG","tag":"service-server:WebSocketHandler","msg":"응답 전송됨 (크기: 670)"}
{"time":"2026-06-02T04:28:20.464Z","level":"DEBUG","tag":"service-server:WebSocketHandler","msg":"요청 수신됨 [object Object]"}
{"time":"2026-06-02T04:28:20.465Z","level":"DEBUG","tag":"mysql-db-conn","msg":"쿼리 실행 [object Object]"}
{"time":"2026-06-02T04:28:20.467Z","level":"DEBUG","tag":"service-server:WebSocketHandler","msg":"응답 전송됨 (크기: 556)"}
{"time":"2026-06-02T04:28:20.470Z","level":"DEBUG","tag":"service-server:WebSocketHandler","msg":"요청 수신됨 [object Object]"}
{"time":"2026-06-02T04:28:20.470Z","level":"DEBUG","tag":"mysql-db-conn","msg":"쿼리 실행 [object Object]"}
{"time":"2026-06-02T04:28:30.025Z","level":"DEBUG","tag":"service-server:WebSocketHandler","msg":"응답 전송됨 (크기: 194)"}
{"time":"2026-06-02T04:28:30.028Z","level":"DEBUG","tag":"service-server:WebSocketHandler","msg":"요청 수신됨 [object Object]"}
{"time":"2026-06-02T04:28:30.029Z","level":"DEBUG","tag":"service-server:WebSocketHandler","msg":"응답 전송됨 (크기: 45)"}
{"time":"2026-06-02T04:28:30.031Z","level":"DEBUG","tag":"service-server:WebSocketHandler","msg":"요청 수신됨 [object Object]"}
{"time":"2026-06-02T04:28:30.031Z","level":"DEBUG","tag":"service-server:WebSocketHandler","msg":"응답 전송됨 (크기: 40)"}
{"time":"2026-06-02T04:29:03.261Z","level":"DEBUG","tag":"service-server:WebSocketHandler","msg":"클라이언트 연결 해제됨: (code: 1005)"}
{"time":"2026-06-02T04:29:15.639Z","level":"DEBUG","tag":"service-server:WebSocketHandler","msg":"클라이언트 연결 해제됨: (code: 1005)"}
{"time":"2026-06-02T04:30:03.276Z","level":"DEBUG","tag":"service-server:WebSocketHandler","msg":"클라이언트 연결됨 [object Object]"}
{"time":"2026-06-02T04:30:03.280Z","level":"DEBUG","tag":"service-server:WebSocketHandler","msg":"요청 수신됨 [object Object]"}
{"time":"2026-06-02T04:30:03.282Z","level":"DEBUG","tag":"service-server:WebSocketHandler","msg":"응답 전송됨 (크기: 123)"}
{"time":"2026-06-02T04:30:15.658Z","level":"DEBUG","tag":"service-server:WebSocketHandler","msg":"클라이언트 연결됨 [object Object]"}
{"time":"2026-06-02T04:30:15.686Z","level":"DEBUG","tag":"service-server:WebSocketHandler","msg":"요청 수신됨 [object Object]"}
{"time":"2026-06-02T04:30:15.687Z","level":"DEBUG","tag":"service-server:WebSocketHandler","msg":"응답 전송됨 (크기: 40)"}
{"time":"2026-06-02T04:30:15.852Z","level":"DEBUG","tag":"service-server:WebSocketHandler","msg":"클라이언트 연결 해제됨: (code: 1005)"}
{"time":"2026-06-02T04:30:35.628Z","level":"DEBUG","tag":"service-server:WebSocketHandler","msg":"클라이언트 연결됨 [object Object]"}
{"time":"2026-06-02T04:30:42.079Z","level":"DEBUG","tag":"service-server:WebSocketHandler","msg":"클라이언트 연결 해제됨: (code: 1005)"}
{"time":"2026-06-02T04:30:42.079Z","level":"DEBUG","tag":"service-server:OrmService","msg":"소켓 종료 감지: 열린 모든 DB 연결을 정리합니다."}
{"time":"2026-06-02T04:30:44.197Z","level":"DEBUG","tag":"service-server:WebSocketHandler","msg":"요청 수신됨 [object Object]"}
{"time":"2026-06-02T04:30:44.204Z","level":"DEBUG","tag":"mysql-db-conn","msg":"쿼리 실행 [object Object]"}
{"time":"2026-06-02T04:30:44.213Z","level":"DEBUG","tag":"service-server:WebSocketHandler","msg":"응답 전송됨 (크기: 5863)"}
{"time":"2026-06-02T04:30:44.218Z","level":"DEBUG","tag":"service-server:WebSocketHandler","msg":"요청 수신됨 [object Object]"}
{"time":"2026-06-02T04:30:44.218Z","level":"DEBUG","tag":"service-server:WebSocketHandler","msg":"응답 전송됨 (크기: 40)"}
{"time":"2026-06-02T04:30:44.222Z","level":"DEBUG","tag":"service-server:WebSocketHandler","msg":"요청 수신됨 [object Object]"}
{"time":"2026-06-02T04:30:44.222Z","level":"DEBUG","tag":"service-server:WebSocketHandler","msg":"응답 전송됨 (크기: 40)"}
{"time":"2026-06-02T04:30:44.238Z","level":"DEBUG","tag":"service-server:WebSocketHandler","msg":"요청 수신됨 [object Object]"}
{"time":"2026-06-02T04:30:44.247Z","level":"DEBUG","tag":"mysql-db-conn","msg":"쿼리 실행 [object Object]"}
{"time":"2026-06-02T04:30:44.269Z","level":"DEBUG","tag":"service-server:WebSocketHandler","msg":"응답 전송됨 (크기: 5863)"}
{"time":"2026-06-02T04:30:44.273Z","level":"DEBUG","tag":"service-server:WebSocketHandler","msg":"요청 수신됨 [object Object]"}
{"time":"2026-06-02T04:30:44.274Z","level":"DEBUG","tag":"service-server:WebSocketHandler","msg":"응답 전송됨 (크기: 40)"}
{"time":"2026-06-02T04:30:44.277Z","level":"DEBUG","tag":"service-server:WebSocketHandler","msg":"요청 수신됨 [object Object]"}
{"time":"2026-06-02T04:30:44.277Z","level":"DEBUG","tag":"service-server:WebSocketHandler","msg":"응답 전송됨 (크기: 40)"}
{"time":"2026-06-02T04:30:44.281Z","level":"DEBUG","tag":"service-server:WebSocketHandler","msg":"요청 수신됨 [object Object]"}
{"time":"2026-06-02T04:30:44.281Z","level":"DEBUG","tag":"service-server:WebSocketHandler","msg":"응답 전송됨 (크기: 40)"}
{"time":"2026-06-02T04:30:44.303Z","level":"DEBUG","tag":"service-server:WebSocketHandler","msg":"요청 수신됨 [object Object]"}
{"time":"2026-06-02T04:30:44.303Z","level":"DEBUG","tag":"service-server:WebSocketHandler","msg":"응답 전송됨 (크기: 79)"}
{"time":"2026-06-02T04:30:44.307Z","level":"DEBUG","tag":"service-server:WebSocketHandler","msg":"요청 수신됨 [object Object]"}
{"time":"2026-06-02T04:30:44.313Z","level":"DEBUG","tag":"service-server:WebSocketHandler","msg":"응답 전송됨 (크기: 42)"}
{"time":"2026-06-02T04:30:44.316Z","level":"DEBUG","tag":"service-server:WebSocketHandler","msg":"요청 수신됨 [object Object]"}
{"time":"2026-06-02T04:30:44.317Z","level":"DEBUG","tag":"mysql-db-conn","msg":"쿼리 실행 [object Object]"}
{"time":"2026-06-02T04:30:44.319Z","level":"DEBUG","tag":"service-server:WebSocketHandler","msg":"응답 전송됨 (크기: 68)"}
{"time":"2026-06-02T04:30:44.323Z","level":"DEBUG","tag":"service-server:WebSocketHandler","msg":"요청 수신됨 [object Object]"}
{"time":"2026-06-02T04:30:44.323Z","level":"DEBUG","tag":"mysql-db-conn","msg":"쿼리 실행 [object Object]"}
{"time":"2026-06-02T04:30:44.324Z","level":"DEBUG","tag":"service-server:WebSocketHandler","msg":"응답 전송됨 (크기: 92)"}
{"time":"2026-06-02T04:30:44.328Z","level":"DEBUG","tag":"service-server:WebSocketHandler","msg":"요청 수신됨 [object Object]"}
{"time":"2026-06-02T04:30:44.329Z","level":"DEBUG","tag":"mysql-db-conn","msg":"쿼리 실행 [object Object]"}
{"time":"2026-06-02T04:30:44.332Z","level":"DEBUG","tag":"service-server:WebSocketHandler","msg":"응답 전송됨 (크기: 670)"}
{"time":"2026-06-02T04:30:44.335Z","level":"DEBUG","tag":"service-server:WebSocketHandler","msg":"요청 수신됨 [object Object]"}
{"time":"2026-06-02T04:30:44.339Z","level":"DEBUG","tag":"service-server:WebSocketHandler","msg":"응답 전송됨 (크기: 556)"}
{"time":"2026-06-02T04:30:44.342Z","level":"DEBUG","tag":"service-server:WebSocketHandler","msg":"요청 수신됨 [object Object]"}
{"time":"2026-06-02T04:30:44.329Z","level":"DEBUG","tag":"mysql-db-conn","msg":"쿼리 실행 [object Object]"}
{"time":"2026-06-02T04:30:44.342Z","level":"DEBUG","tag":"mysql-db-conn","msg":"쿼리 실행 [object Object]"}
{"time":"2026-06-02T04:30:55.586Z","level":"DEBUG","tag":"service-server:WebSocketHandler","msg":"응답 전송됨 (크기: 194)"}
{"time":"2026-06-02T04:30:55.589Z","level":"DEBUG","tag":"service-server:WebSocketHandler","msg":"요청 수신됨 [object Object]"}
{"time":"2026-06-02T04:30:55.589Z","level":"DEBUG","tag":"service-server:WebSocketHandler","msg":"응답 전송됨 (크기: 45)"}
{"time":"2026-06-02T04:30:55.598Z","level":"DEBUG","tag":"service-server:WebSocketHandler","msg":"요청 수신됨 [object Object]"}
{"time":"2026-06-02T04:30:55.598Z","level":"DEBUG","tag":"service-server:WebSocketHandler","msg":"응답 전송됨 (크기: 40)"}
{"time":"2026-06-02T04:31:15.837Z","level":"DEBUG","tag":"service-server:WebSocketHandler","msg":"클라이언트 연결됨 [object Object]"}
{"time":"2026-06-02T04:31:15.852Z","level":"DEBUG","tag":"service-server:WebSocketHandler","msg":"요청 수신됨 [object Object]"}
{"time":"2026-06-02T04:31:15.854Z","level":"DEBUG","tag":"service-server:WebSocketHandler","msg":"응답 전송됨 (크기: 40)"}
{"time":"2026-06-02T04:31:42.094Z","level":"DEBUG","tag":"service-server:WebSocketHandler","msg":"클라이언트 연결됨 [object Object]"}
{"time":"2026-06-02T04:31:42.103Z","level":"DEBUG","tag":"service-server:WebSocketHandler","msg":"요청 수신됨 [object Object]"}
{"time":"2026-06-02T04:31:42.105Z","level":"DEBUG","tag":"service-server:WebSocketHandler","msg":"응답 전송됨 (크기: 40)"}
{"time":"2026-06-02T04:31:43.442Z","level":"DEBUG","tag":"service-server:WebSocketHandler","msg":"클라이언트 연결 해제됨: (code: 1001)"}
{"time":"2026-06-02T04:31:43.442Z","level":"DEBUG","tag":"service-server:OrmService","msg":"소켓 종료 감지: 열린 모든 DB 연결을 정리합니다."}
{"time":"2026-06-02T04:32:03.273Z","level":"DEBUG","tag":"service-server:WebSocketHandler","msg":"클라이언트 연결 해제됨: (code: 1005)"}
{"time":"2026-06-02T04:32:06.170Z","level":"DEBUG","tag":"service-server:WebSocketHandler","msg":"클라이언트 연결됨 [object Object]"}
{"time":"2026-06-02T04:32:06.948Z","level":"DEBUG","tag":"service-server:WebSocketHandler","msg":"요청 수신됨 [object Object]"}
{"time":"2026-06-02T04:32:06.950Z","level":"DEBUG","tag":"service-server:WebSocketHandler","msg":"응답 전송됨 (크기: 40)"}
{"time":"2026-06-02T04:32:12.574Z","level":"DEBUG","tag":"service-server:WebSocketHandler","msg":"클라이언트 연결 해제됨: (code: 1001)"}
{"time":"2026-06-02T04:32:12.574Z","level":"DEBUG","tag":"service-server:OrmService","msg":"소켓 종료 감지: 열린 모든 DB 연결을 정리합니다."}
{"time":"2026-06-02T04:32:15.654Z","level":"DEBUG","tag":"service-server:WebSocketHandler","msg":"클라이언트 연결 해제됨: (code: 1005)"}
{"time":"2026-06-02T04:32:33.755Z","level":"DEBUG","tag":"service-server:WebSocketHandler","msg":"클라이언트 연결 해제됨: (code: 1006)"}
{"time":"2026-06-02T04:32:33.755Z","level":"DEBUG","tag":"service-server:OrmService","msg":"소켓 종료 감지: 열린 모든 DB 연결을 정리합니다."}
{"time":"2026-06-02T04:33:03.271Z","level":"DEBUG","tag":"service-server:WebSocketHandler","msg":"클라이언트 연결됨 [object Object]"}
{"time":"2026-06-02T04:33:03.276Z","level":"DEBUG","tag":"service-server:WebSocketHandler","msg":"요청 수신됨 [object Object]"}
{"time":"2026-06-02T04:33:03.278Z","level":"DEBUG","tag":"service-server:WebSocketHandler","msg":"응답 전송됨 (크기: 123)"}
{"time":"2026-06-02T04:33:15.651Z","level":"DEBUG","tag":"service-server:WebSocketHandler","msg":"클라이언트 연결됨 [object Object]"}
{"time":"2026-06-02T04:33:15.661Z","level":"DEBUG","tag":"service-server:WebSocketHandler","msg":"요청 수신됨 [object Object]"}
{"time":"2026-06-02T04:33:15.662Z","level":"DEBUG","tag":"service-server:WebSocketHandler","msg":"응답 전송됨 (크기: 40)"}
{"time":"2026-06-02T04:33:15.836Z","level":"DEBUG","tag":"service-server:WebSocketHandler","msg":"클라이언트 연결 해제됨: (code: 1005)"}
{"time":"2026-06-02T04:33:42.145Z","level":"DEBUG","tag":"service-server:WebSocketHandler","msg":"클라이언트 연결 해제됨: (code: 1005)"}
{"time":"2026-06-02T04:33:49.531Z","level":"DEBUG","tag":"service-server:WebSocketHandler","msg":"클라이언트 연결 해제됨: (code: 1005)"}
{"time":"2026-06-02T04:34:15.861Z","level":"DEBUG","tag":"service-server:WebSocketHandler","msg":"클라이언트 연결됨 [object Object]"}
{"time":"2026-06-02T04:34:15.909Z","level":"DEBUG","tag":"service-server:WebSocketHandler","msg":"요청 수신됨 [object Object]"}
{"time":"2026-06-02T04:34:15.910Z","level":"DEBUG","tag":"service-server:WebSocketHandler","msg":"응답 전송됨 (크기: 40)"}
{"time":"2026-06-02T04:34:42.096Z","level":"DEBUG","tag":"service-server:WebSocketHandler","msg":"클라이언트 연결됨 [object Object]"}
{"time":"2026-06-02T04:34:42.105Z","level":"DEBUG","tag":"service-server:WebSocketHandler","msg":"요청 수신됨 [object Object]"}
{"time":"2026-06-02T04:34:42.106Z","level":"DEBUG","tag":"service-server:WebSocketHandler","msg":"응답 전송됨 (크기: 40)"}
{"time":"2026-06-02T04:34:49.521Z","level":"DEBUG","tag":"service-server:WebSocketHandler","msg":"클라이언트 연결됨 [object Object]"}
{"time":"2026-06-02T04:34:49.535Z","level":"DEBUG","tag":"service-server:WebSocketHandler","msg":"요청 수신됨 [object Object]"}
{"time":"2026-06-02T04:34:49.536Z","level":"DEBUG","tag":"service-server:WebSocketHandler","msg":"응답 전송됨 (크기: 40)"}
{"time":"2026-06-02T04:35:03.278Z","level":"DEBUG","tag":"service-server:WebSocketHandler","msg":"클라이언트 연결 해제됨: (code: 1005)"}
{"time":"2026-06-02T04:35:15.661Z","level":"DEBUG","tag":"service-server:WebSocketHandler","msg":"클라이언트 연결 해제됨: (code: 1005)"}
{"time":"2026-06-02T04:36:03.270Z","level":"DEBUG","tag":"service-server:WebSocketHandler","msg":"클라이언트 연결됨 [object Object]"}
{"time":"2026-06-02T04:36:03.275Z","level":"DEBUG","tag":"service-server:WebSocketHandler","msg":"요청 수신됨 [object Object]"}
{"time":"2026-06-02T04:36:03.276Z","level":"DEBUG","tag":"service-server:WebSocketHandler","msg":"응답 전송됨 (크기: 123)"}
{"time":"2026-06-02T04:36:15.647Z","level":"DEBUG","tag":"service-server:WebSocketHandler","msg":"클라이언트 연결됨 [object Object]"}
{"time":"2026-06-02T04:36:15.658Z","level":"DEBUG","tag":"service-server:WebSocketHandler","msg":"요청 수신됨 [object Object]"}
{"time":"2026-06-02T04:36:15.659Z","level":"DEBUG","tag":"service-server:WebSocketHandler","msg":"응답 전송됨 (크기: 40)"}
{"time":"2026-06-02T04:36:15.832Z","level":"DEBUG","tag":"service-server:WebSocketHandler","msg":"클라이언트 연결 해제됨: (code: 1005)"}
{"time":"2026-06-02T04:36:42.194Z","level":"DEBUG","tag":"service-server:WebSocketHandler","msg":"클라이언트 연결 해제됨: (code: 1005)"}
{"time":"2026-06-02T04:37:42.094Z","level":"DEBUG","tag":"service-server:WebSocketHandler","msg":"클라이언트 연결됨 [object Object]"}
{"time":"2026-06-02T04:37:42.103Z","level":"DEBUG","tag":"service-server:WebSocketHandler","msg":"요청 수신됨 [object Object]"}
{"time":"2026-06-02T04:37:42.104Z","level":"DEBUG","tag":"service-server:WebSocketHandler","msg":"응답 전송됨 (크기: 40)"}
{"time":"2026-06-02T04:38:03.282Z","level":"DEBUG","tag":"service-server:WebSocketHandler","msg":"클라이언트 연결 해제됨: (code: 1005)"}
{"time":"2026-06-02T04:38:15.634Z","level":"DEBUG","tag":"service-server:WebSocketHandler","msg":"클라이언트 연결 해제됨: (code: 1005)"}
{"time":"2026-06-02T04:39:03.274Z","level":"DEBUG","tag":"service-server:WebSocketHandler","msg":"클라이언트 연결됨 [object Object]"}
{"time":"2026-06-02T04:39:03.280Z","level":"DEBUG","tag":"service-server:WebSocketHandler","msg":"요청 수신됨 [object Object]"}
{"time":"2026-06-02T04:39:03.281Z","level":"DEBUG","tag":"service-server:WebSocketHandler","msg":"응답 전송됨 (크기: 123)"}
{"time":"2026-06-02T04:39:15.631Z","level":"DEBUG","tag":"service-server:WebSocketHandler","msg":"클라이언트 연결됨 [object Object]"}
{"time":"2026-06-02T04:39:15.646Z","level":"DEBUG","tag":"service-server:WebSocketHandler","msg":"요청 수신됨 [object Object]"}
{"time":"2026-06-02T04:39:15.647Z","level":"DEBUG","tag":"service-server:WebSocketHandler","msg":"응답 전송됨 (크기: 40)"}
{"time":"2026-06-02T04:39:42.086Z","level":"DEBUG","tag":"service-server:WebSocketHandler","msg":"클라이언트 연결 해제됨: (code: 1005)"}
{"time":"2026-06-02T04:40:42.093Z","level":"DEBUG","tag":"service-server:WebSocketHandler","msg":"클라이언트 연결됨 [object Object]"}
{"time":"2026-06-02T04:40:42.101Z","level":"DEBUG","tag":"service-server:WebSocketHandler","msg":"요청 수신됨 [object Object]"}
{"time":"2026-06-02T04:40:42.102Z","level":"DEBUG","tag":"service-server:WebSocketHandler","msg":"응답 전송됨 (크기: 40)"}
{"time":"2026-06-02T04:40:57.259Z","level":"DEBUG","tag":"service-server:WebSocketHandler","msg":"클라이언트 연결됨 [object Object]"}
{"time":"2026-06-02T04:40:57.524Z","level":"DEBUG","tag":"service-server:WebSocketHandler","msg":"요청 수신됨 [object Object]"}
{"time":"2026-06-02T04:40:57.526Z","level":"DEBUG","tag":"service-server:WebSocketHandler","msg":"응답 전송됨 (크기: 40)"}
{"time":"2026-06-02T04:41:03.285Z","level":"DEBUG","tag":"service-server:WebSocketHandler","msg":"클라이언트 연결 해제됨: (code: 1005)"}
{"time":"2026-06-02T04:41:15.622Z","level":"DEBUG","tag":"service-server:WebSocketHandler","msg":"클라이언트 연결 해제됨: (code: 1005)"}
{"time":"2026-06-02T04:42:03.285Z","level":"DEBUG","tag":"service-server:WebSocketHandler","msg":"클라이언트 연결됨 [object Object]"}
{"time":"2026-06-02T04:42:03.290Z","level":"DEBUG","tag":"service-server:WebSocketHandler","msg":"요청 수신됨 [object Object]"}
{"time":"2026-06-02T04:42:03.292Z","level":"DEBUG","tag":"service-server:WebSocketHandler","msg":"응답 전송됨 (크기: 123)"}
{"time":"2026-06-02T04:42:15.632Z","level":"DEBUG","tag":"service-server:WebSocketHandler","msg":"클라이언트 연결됨 [object Object]"}
{"time":"2026-06-02T04:42:15.640Z","level":"DEBUG","tag":"service-server:WebSocketHandler","msg":"요청 수신됨 [object Object]"}
{"time":"2026-06-02T04:42:15.641Z","level":"DEBUG","tag":"service-server:WebSocketHandler","msg":"응답 전송됨 (크기: 40)"}
{"time":"2026-06-02T04:42:42.081Z","level":"DEBUG","tag":"service-server:WebSocketHandler","msg":"클라이언트 연결 해제됨: (code: 1005)"}
{"time":"2026-06-02T04:43:15.870Z","level":"DEBUG","tag":"service-server:WebSocketHandler","msg":"클라이언트 연결 해제됨: (code: 1005)"}
{"time":"2026-06-02T04:43:42.078Z","level":"DEBUG","tag":"service-server:WebSocketHandler","msg":"클라이언트 연결됨 [object Object]"}
{"time":"2026-06-02T04:43:42.085Z","level":"DEBUG","tag":"service-server:WebSocketHandler","msg":"요청 수신됨 [object Object]"}
{"time":"2026-06-02T04:43:42.089Z","level":"DEBUG","tag":"service-server:WebSocketHandler","msg":"응답 전송됨 (크기: 40)"}
{"time":"2026-06-02T04:44:03.277Z","level":"DEBUG","tag":"service-server:WebSocketHandler","msg":"클라이언트 연결 해제됨: (code: 1005)"}
{"time":"2026-06-02T04:44:15.637Z","level":"DEBUG","tag":"service-server:WebSocketHandler","msg":"클라이언트 연결 해제됨: (code: 1005)"}
{"time":"2026-06-02T04:44:15.830Z","level":"DEBUG","tag":"service-server:WebSocketHandler","msg":"클라이언트 연결됨 [object Object]"}
{"time":"2026-06-02T04:44:15.854Z","level":"DEBUG","tag":"service-server:WebSocketHandler","msg":"요청 수신됨 [object Object]"}
{"time":"2026-06-02T04:44:15.855Z","level":"DEBUG","tag":"service-server:WebSocketHandler","msg":"응답 전송됨 (크기: 40)"}
{"time":"2026-06-02T04:45:03.294Z","level":"DEBUG","tag":"service-server:WebSocketHandler","msg":"클라이언트 연결됨 [object Object]"}
{"time":"2026-06-02T04:45:03.299Z","level":"DEBUG","tag":"service-server:WebSocketHandler","msg":"요청 수신됨 [object Object]"}
{"time":"2026-06-02T04:45:03.301Z","level":"DEBUG","tag":"service-server:WebSocketHandler","msg":"응답 전송됨 (크기: 123)"}
{"time":"2026-06-02T04:45:15.636Z","level":"DEBUG","tag":"service-server:WebSocketHandler","msg":"클라이언트 연결됨 [object Object]"}
{"time":"2026-06-02T04:45:15.647Z","level":"DEBUG","tag":"service-server:WebSocketHandler","msg":"요청 수신됨 [object Object]"}
{"time":"2026-06-02T04:45:15.648Z","level":"DEBUG","tag":"service-server:WebSocketHandler","msg":"응답 전송됨 (크기: 40)"}
{"time":"2026-06-02T04:45:42.077Z","level":"DEBUG","tag":"service-server:WebSocketHandler","msg":"클라이언트 연결 해제됨: (code: 1005)"}
{"time":"2026-06-02T04:46:15.822Z","level":"DEBUG","tag":"service-server:WebSocketHandler","msg":"클라이언트 연결 해제됨: (code: 1005)"}
{"time":"2026-06-02T04:46:42.079Z","level":"DEBUG","tag":"service-server:WebSocketHandler","msg":"클라이언트 연결됨 [object Object]"}
{"time":"2026-06-02T04:46:42.089Z","level":"DEBUG","tag":"service-server:WebSocketHandler","msg":"요청 수신됨 [object Object]"}
{"time":"2026-06-02T04:46:42.090Z","level":"DEBUG","tag":"service-server:WebSocketHandler","msg":"응답 전송됨 (크기: 40)"}
{"time":"2026-06-02T04:47:03.288Z","level":"DEBUG","tag":"service-server:WebSocketHandler","msg":"클라이언트 연결 해제됨: (code: 1005)"}
{"time":"2026-06-02T04:47:15.626Z","level":"DEBUG","tag":"service-server:WebSocketHandler","msg":"클라이언트 연결 해제됨: (code: 1005)"}
{"time":"2026-06-02T04:47:15.820Z","level":"DEBUG","tag":"service-server:WebSocketHandler","msg":"클라이언트 연결됨 [object Object]"}
{"time":"2026-06-02T04:47:15.828Z","level":"DEBUG","tag":"service-server:WebSocketHandler","msg":"요청 수신됨 [object Object]"}
{"time":"2026-06-02T04:47:15.829Z","level":"DEBUG","tag":"service-server:WebSocketHandler","msg":"응답 전송됨 (크기: 40)"}
{"time":"2026-06-02T04:48:03.294Z","level":"DEBUG","tag":"service-server:WebSocketHandler","msg":"클라이언트 연결됨 [object Object]"}
{"time":"2026-06-02T04:48:03.300Z","level":"DEBUG","tag":"service-server:WebSocketHandler","msg":"요청 수신됨 [object Object]"}
{"time":"2026-06-02T04:48:03.301Z","level":"DEBUG","tag":"service-server:WebSocketHandler","msg":"응답 전송됨 (크기: 123)"}
{"time":"2026-06-02T04:48:15.624Z","level":"DEBUG","tag":"service-server:WebSocketHandler","msg":"클라이언트 연결됨 [object Object]"}
{"time":"2026-06-02T04:48:15.632Z","level":"DEBUG","tag":"service-server:WebSocketHandler","msg":"요청 수신됨 [object Object]"}
{"time":"2026-06-02T04:48:15.633Z","level":"DEBUG","tag":"service-server:WebSocketHandler","msg":"응답 전송됨 (크기: 40)"}
{"time":"2026-06-02T04:48:42.068Z","level":"DEBUG","tag":"service-server:WebSocketHandler","msg":"클라이언트 연결 해제됨: (code: 1005)"}
{"time":"2026-06-02T04:49:15.809Z","level":"DEBUG","tag":"service-server:WebSocketHandler","msg":"클라이언트 연결 해제됨: (code: 1005)"}
{"time":"2026-06-02T04:49:42.087Z","level":"DEBUG","tag":"service-server:WebSocketHandler","msg":"클라이언트 연결됨 [object Object]"}
{"time":"2026-06-02T04:49:42.094Z","level":"DEBUG","tag":"service-server:WebSocketHandler","msg":"요청 수신됨 [object Object]"}
{"time":"2026-06-02T04:49:42.095Z","level":"DEBUG","tag":"service-server:WebSocketHandler","msg":"응답 전송됨 (크기: 40)"}
{"time":"2026-06-02T04:50:03.293Z","level":"DEBUG","tag":"service-server:WebSocketHandler","msg":"클라이언트 연결 해제됨: (code: 1005)"}
{"time":"2026-06-02T04:50:15.622Z","level":"DEBUG","tag":"service-server:WebSocketHandler","msg":"클라이언트 연결 해제됨: (code: 1005)"}
{"time":"2026-06-02T04:50:15.835Z","level":"DEBUG","tag":"service-server:WebSocketHandler","msg":"클라이언트 연결됨 [object Object]"}
{"time":"2026-06-02T04:50:15.844Z","level":"DEBUG","tag":"service-server:WebSocketHandler","msg":"요청 수신됨 [object Object]"}
{"time":"2026-06-02T04:50:15.845Z","level":"DEBUG","tag":"service-server:WebSocketHandler","msg":"응답 전송됨 (크기: 40)"}
{"time":"2026-06-02T04:50:49.520Z","level":"DEBUG","tag":"service-server:WebSocketHandler","msg":"클라이언트 연결 해제됨: (code: 1005)"}
{"time":"2026-06-02T04:51:03.290Z","level":"DEBUG","tag":"service-server:WebSocketHandler","msg":"클라이언트 연결됨 [object Object]"}
{"time":"2026-06-02T04:51:03.296Z","level":"DEBUG","tag":"service-server:WebSocketHandler","msg":"요청 수신됨 [object Object]"}
{"time":"2026-06-02T04:51:03.297Z","level":"DEBUG","tag":"service-server:WebSocketHandler","msg":"응답 전송됨 (크기: 123)"}
{"time":"2026-06-02T04:51:06.435Z","level":"DEBUG","tag":"service-server:WebSocketHandler","msg":"클라이언트 연결 해제됨: (code: 1006)"}
{"time":"2026-06-02T04:51:15.627Z","level":"DEBUG","tag":"service-server:WebSocketHandler","msg":"클라이언트 연결됨 [object Object]"}
{"time":"2026-06-02T04:51:15.635Z","level":"DEBUG","tag":"service-server:WebSocketHandler","msg":"요청 수신됨 [object Object]"}
{"time":"2026-06-02T04:51:15.636Z","level":"DEBUG","tag":"service-server:WebSocketHandler","msg":"응답 전송됨 (크기: 40)"}
{"time":"2026-06-02T04:51:42.066Z","level":"DEBUG","tag":"service-server:WebSocketHandler","msg":"클라이언트 연결 해제됨: (code: 1005)"}
{"time":"2026-06-02T04:51:49.528Z","level":"DEBUG","tag":"service-server:WebSocketHandler","msg":"클라이언트 연결됨 [object Object]"}
{"time":"2026-06-02T04:51:49.566Z","level":"DEBUG","tag":"service-server:WebSocketHandler","msg":"요청 수신됨 [object Object]"}
{"time":"2026-06-02T04:51:49.567Z","level":"DEBUG","tag":"service-server:WebSocketHandler","msg":"응답 전송됨 (크기: 40)"}
{"time":"2026-06-02T04:52:21.230Z","level":"DEBUG","tag":"service-server:WebSocketHandler","msg":"클라이언트 연결됨 [object Object]"}
{"time":"2026-06-02T04:52:21.435Z","level":"DEBUG","tag":"service-server:WebSocketHandler","msg":"요청 수신됨 [object Object]"}
{"time":"2026-06-02T04:52:21.436Z","level":"DEBUG","tag":"service-server:WebSocketHandler","msg":"응답 전송됨 (크기: 40)"}
{"time":"2026-06-02T04:52:42.081Z","level":"DEBUG","tag":"service-server:WebSocketHandler","msg":"클라이언트 연결됨 [object Object]"}
{"time":"2026-06-02T04:52:42.090Z","level":"DEBUG","tag":"service-server:WebSocketHandler","msg":"요청 수신됨 [object Object]"}
{"time":"2026-06-02T04:52:42.091Z","level":"DEBUG","tag":"service-server:WebSocketHandler","msg":"응답 전송됨 (크기: 40)"}
{"time":"2026-06-02T04:53:03.295Z","level":"DEBUG","tag":"service-server:WebSocketHandler","msg":"클라이언트 연결 해제됨: (code: 1005)"}
{"time":"2026-06-02T04:53:15.613Z","level":"DEBUG","tag":"service-server:WebSocketHandler","msg":"클라이언트 연결 해제됨: (code: 1005)"}
{"time":"2026-06-02T04:53:49.499Z","level":"DEBUG","tag":"service-server:WebSocketHandler","msg":"클라이언트 연결 해제됨: (code: 1005)"}
{"time":"2026-06-02T04:54:03.300Z","level":"DEBUG","tag":"service-server:WebSocketHandler","msg":"클라이언트 연결됨 [object Object]"}
{"time":"2026-06-02T04:54:03.305Z","level":"DEBUG","tag":"service-server:WebSocketHandler","msg":"요청 수신됨 [object Object]"}
{"time":"2026-06-02T04:54:03.306Z","level":"DEBUG","tag":"service-server:WebSocketHandler","msg":"응답 전송됨 (크기: 123)"}
{"time":"2026-06-02T04:54:15.626Z","level":"DEBUG","tag":"service-server:WebSocketHandler","msg":"클라이언트 연결됨 [object Object]"}
{"time":"2026-06-02T04:54:15.636Z","level":"DEBUG","tag":"service-server:WebSocketHandler","msg":"요청 수신됨 [object Object]"}
{"time":"2026-06-02T04:54:15.638Z","level":"DEBUG","tag":"service-server:WebSocketHandler","msg":"응답 전송됨 (크기: 40)"}
{"time":"2026-06-02T04:54:15.804Z","level":"DEBUG","tag":"service-server:WebSocketHandler","msg":"클라이언트 연결 해제됨: (code: 1005)"}
{"time":"2026-06-02T04:54:42.070Z","level":"DEBUG","tag":"service-server:WebSocketHandler","msg":"클라이언트 연결 해제됨: (code: 1005)"}
{"time":"2026-06-02T04:54:49.501Z","level":"DEBUG","tag":"service-server:WebSocketHandler","msg":"클라이언트 연결됨 [object Object]"}
{"time":"2026-06-02T04:54:49.511Z","level":"DEBUG","tag":"service-server:WebSocketHandler","msg":"요청 수신됨 [object Object]"}
{"time":"2026-06-02T04:54:49.512Z","level":"DEBUG","tag":"service-server:WebSocketHandler","msg":"응답 전송됨 (크기: 40)"}
{"time":"2026-06-02T04:55:15.848Z","level":"DEBUG","tag":"service-server:WebSocketHandler","msg":"클라이언트 연결됨 [object Object]"}
{"time":"2026-06-02T04:55:15.858Z","level":"DEBUG","tag":"service-server:WebSocketHandler","msg":"요청 수신됨 [object Object]"}
{"time":"2026-06-02T04:55:15.859Z","level":"DEBUG","tag":"service-server:WebSocketHandler","msg":"응답 전송됨 (크기: 40)"}
{"time":"2026-06-02T04:55:42.078Z","level":"DEBUG","tag":"service-server:WebSocketHandler","msg":"클라이언트 연결됨 [object Object]"}
{"time":"2026-06-02T04:55:42.085Z","level":"DEBUG","tag":"service-server:WebSocketHandler","msg":"요청 수신됨 [object Object]"}
{"time":"2026-06-02T04:55:42.087Z","level":"DEBUG","tag":"service-server:WebSocketHandler","msg":"응답 전송됨 (크기: 40)"}
{"time":"2026-06-02T04:56:03.294Z","level":"DEBUG","tag":"service-server:WebSocketHandler","msg":"클라이언트 연결 해제됨: (code: 1005)"}
{"time":"2026-06-02T04:56:15.611Z","level":"DEBUG","tag":"service-server:WebSocketHandler","msg":"클라이언트 연결 해제됨: (code: 1005)"}
{"time":"2026-06-02T04:56:32.103Z","level":"DEBUG","tag":"service-server:WebSocketHandler","msg":"클라이언트 연결됨 [object Object]"}
{"time":"2026-06-02T04:56:32.127Z","level":"DEBUG","tag":"service-server:WebSocketHandler","msg":"요청 수신됨 [object Object]"}
{"time":"2026-06-02T04:56:32.129Z","level":"DEBUG","tag":"service-server:WebSocketHandler","msg":"응답 전송됨 (크기: 123)"}
{"time":"2026-06-02T04:56:33.764Z","level":"DEBUG","tag":"service-server:WebSocketHandler","msg":"요청 수신됨 [object Object]"}
{"time":"2026-06-02T04:56:33.771Z","level":"DEBUG","tag":"mysql-db-conn","msg":"쿼리 실행 [object Object]"}
{"time":"2026-06-02T04:56:33.780Z","level":"DEBUG","tag":"service-server:WebSocketHandler","msg":"응답 전송됨 (크기: 5863)"}
{"time":"2026-06-02T04:56:33.785Z","level":"DEBUG","tag":"service-server:WebSocketHandler","msg":"요청 수신됨 [object Object]"}
{"time":"2026-06-02T04:56:33.786Z","level":"DEBUG","tag":"service-server:WebSocketHandler","msg":"응답 전송됨 (크기: 40)"}
{"time":"2026-06-02T04:56:33.790Z","level":"DEBUG","tag":"service-server:WebSocketHandler","msg":"요청 수신됨 [object Object]"}
{"time":"2026-06-02T04:56:33.790Z","level":"DEBUG","tag":"service-server:WebSocketHandler","msg":"응답 전송됨 (크기: 40)"}
{"time":"2026-06-02T04:56:33.796Z","level":"DEBUG","tag":"service-server:WebSocketHandler","msg":"요청 수신됨 [object Object]"}
{"time":"2026-06-02T04:56:33.804Z","level":"DEBUG","tag":"mysql-db-conn","msg":"쿼리 실행 [object Object]"}
{"time":"2026-06-02T04:56:33.826Z","level":"DEBUG","tag":"service-server:WebSocketHandler","msg":"응답 전송됨 (크기: 5863)"}
{"time":"2026-06-02T04:56:33.830Z","level":"DEBUG","tag":"service-server:WebSocketHandler","msg":"요청 수신됨 [object Object]"}
{"time":"2026-06-02T04:56:33.831Z","level":"DEBUG","tag":"service-server:WebSocketHandler","msg":"응답 전송됨 (크기: 40)"}
{"time":"2026-06-02T04:56:33.835Z","level":"DEBUG","tag":"service-server:WebSocketHandler","msg":"요청 수신됨 [object Object]"}
{"time":"2026-06-02T04:56:33.835Z","level":"DEBUG","tag":"service-server:WebSocketHandler","msg":"응답 전송됨 (크기: 40)"}
{"time":"2026-06-02T04:56:33.838Z","level":"DEBUG","tag":"service-server:WebSocketHandler","msg":"요청 수신됨 [object Object]"}
{"time":"2026-06-02T04:56:33.839Z","level":"DEBUG","tag":"service-server:WebSocketHandler","msg":"응답 전송됨 (크기: 40)"}
{"time":"2026-06-02T04:56:33.842Z","level":"DEBUG","tag":"service-server:WebSocketHandler","msg":"요청 수신됨 [object Object]"}
{"time":"2026-06-02T04:56:33.843Z","level":"DEBUG","tag":"service-server:WebSocketHandler","msg":"응답 전송됨 (크기: 79)"}
{"time":"2026-06-02T04:56:33.846Z","level":"DEBUG","tag":"service-server:WebSocketHandler","msg":"요청 수신됨 [object Object]"}
{"time":"2026-06-02T04:56:33.850Z","level":"DEBUG","tag":"service-server:WebSocketHandler","msg":"응답 전송됨 (크기: 42)"}
{"time":"2026-06-02T04:56:33.854Z","level":"DEBUG","tag":"service-server:WebSocketHandler","msg":"요청 수신됨 [object Object]"}
{"time":"2026-06-02T04:56:33.854Z","level":"DEBUG","tag":"mysql-db-conn","msg":"쿼리 실행 [object Object]"}
{"time":"2026-06-02T04:56:33.856Z","level":"DEBUG","tag":"service-server:WebSocketHandler","msg":"응답 전송됨 (크기: 68)"}
{"time":"2026-06-02T04:56:33.860Z","level":"DEBUG","tag":"service-server:WebSocketHandler","msg":"요청 수신됨 [object Object]"}
{"time":"2026-06-02T04:56:33.860Z","level":"DEBUG","tag":"mysql-db-conn","msg":"쿼리 실행 [object Object]"}
{"time":"2026-06-02T04:56:33.861Z","level":"DEBUG","tag":"service-server:WebSocketHandler","msg":"응답 전송됨 (크기: 92)"}
{"time":"2026-06-02T04:56:33.865Z","level":"DEBUG","tag":"service-server:WebSocketHandler","msg":"요청 수신됨 [object Object]"}
{"time":"2026-06-02T04:56:33.865Z","level":"DEBUG","tag":"mysql-db-conn","msg":"쿼리 실행 [object Object]"}
{"time":"2026-06-02T04:56:33.868Z","level":"DEBUG","tag":"service-server:WebSocketHandler","msg":"응답 전송됨 (크기: 670)"}
{"time":"2026-06-02T04:56:33.872Z","level":"DEBUG","tag":"service-server:WebSocketHandler","msg":"요청 수신됨 [object Object]"}
{"time":"2026-06-02T04:56:33.872Z","level":"DEBUG","tag":"mysql-db-conn","msg":"쿼리 실행 [object Object]"}
{"time":"2026-06-02T04:56:33.874Z","level":"DEBUG","tag":"service-server:WebSocketHandler","msg":"응답 전송됨 (크기: 556)"}
{"time":"2026-06-02T04:56:33.878Z","level":"DEBUG","tag":"service-server:WebSocketHandler","msg":"요청 수신됨 [object Object]"}
{"time":"2026-06-02T04:56:33.878Z","level":"DEBUG","tag":"mysql-db-conn","msg":"쿼리 실행 [object Object]"}
{"time":"2026-06-02T04:56:45.108Z","level":"DEBUG","tag":"service-server:WebSocketHandler","msg":"응답 전송됨 (크기: 194)"}
{"time":"2026-06-02T04:56:45.112Z","level":"DEBUG","tag":"service-server:WebSocketHandler","msg":"요청 수신됨 [object Object]"}
{"time":"2026-06-02T04:56:45.113Z","level":"DEBUG","tag":"service-server:WebSocketHandler","msg":"응답 전송됨 (크기: 45)"}
{"time":"2026-06-02T04:56:45.116Z","level":"DEBUG","tag":"service-server:WebSocketHandler","msg":"요청 수신됨 [object Object]"}
{"time":"2026-06-02T04:56:45.117Z","level":"DEBUG","tag":"service-server:WebSocketHandler","msg":"응답 전송됨 (크기: 40)"}
{"time":"2026-06-02T04:56:49.499Z","level":"DEBUG","tag":"service-server:WebSocketHandler","msg":"클라이언트 연결 해제됨: (code: 1005)"}
{"time":"2026-06-02T04:57:03.304Z","level":"DEBUG","tag":"service-server:WebSocketHandler","msg":"클라이언트 연결됨 [object Object]"}
{"time":"2026-06-02T04:57:03.308Z","level":"DEBUG","tag":"service-server:WebSocketHandler","msg":"요청 수신됨 [object Object]"}
{"time":"2026-06-02T04:57:03.310Z","level":"DEBUG","tag":"service-server:WebSocketHandler","msg":"응답 전송됨 (크기: 123)"}
{"time":"2026-06-02T04:57:16.110Z","level":"DEBUG","tag":"service-server:WebSocketHandler","msg":"클라이언트 연결 해제됨: (code: 1005)"}
{"time":"2026-06-02T04:57:16.614Z","level":"DEBUG","tag":"service-server:WebSocketHandler","msg":"클라이언트 연결됨 [object Object]"}
{"time":"2026-06-02T04:57:17.051Z","level":"DEBUG","tag":"service-server:WebSocketHandler","msg":"요청 수신됨 [object Object]"}
{"time":"2026-06-02T04:57:17.052Z","level":"DEBUG","tag":"service-server:WebSocketHandler","msg":"응답 전송됨 (크기: 40)"}
{"time":"2026-06-02T04:57:42.073Z","level":"DEBUG","tag":"service-server:WebSocketHandler","msg":"클라이언트 연결 해제됨: (code: 1005)"}
{"time":"2026-06-02T04:57:49.507Z","level":"DEBUG","tag":"service-server:WebSocketHandler","msg":"클라이언트 연결됨 [object Object]"}
{"time":"2026-06-02T04:57:49.521Z","level":"DEBUG","tag":"service-server:WebSocketHandler","msg":"요청 수신됨 [object Object]"}
{"time":"2026-06-02T04:57:49.522Z","level":"DEBUG","tag":"service-server:WebSocketHandler","msg":"응답 전송됨 (크기: 40)"}
{"time":"2026-06-02T04:58:15.823Z","level":"DEBUG","tag":"service-server:WebSocketHandler","msg":"클라이언트 연결됨 [object Object]"}
{"time":"2026-06-02T04:58:15.845Z","level":"DEBUG","tag":"service-server:WebSocketHandler","msg":"요청 수신됨 [object Object]"}
{"time":"2026-06-02T04:58:15.846Z","level":"DEBUG","tag":"service-server:WebSocketHandler","msg":"응답 전송됨 (크기: 40)"}
{"time":"2026-06-02T04:58:42.073Z","level":"DEBUG","tag":"service-server:WebSocketHandler","msg":"클라이언트 연결됨 [object Object]"}
{"time":"2026-06-02T04:58:42.080Z","level":"DEBUG","tag":"service-server:WebSocketHandler","msg":"요청 수신됨 [object Object]"}
{"time":"2026-06-02T04:58:42.081Z","level":"DEBUG","tag":"service-server:WebSocketHandler","msg":"응답 전송됨 (크기: 40)"}
{"time":"2026-06-02T04:58:49.248Z","level":"DEBUG","tag":"service-server:WebSocketHandler","msg":"클라이언트 연결 해제됨: (code: 1001)"}
{"time":"2026-06-02T04:58:49.249Z","level":"DEBUG","tag":"service-server:OrmService","msg":"소켓 종료 감지: 열린 모든 DB 연결을 정리합니다."}
{"time":"2026-06-02T04:58:49.515Z","level":"DEBUG","tag":"service-server:WebSocketHandler","msg":"클라이언트 연결됨 [object Object]"}
{"time":"2026-06-02T04:59:03.302Z","level":"DEBUG","tag":"service-server:WebSocketHandler","msg":"클라이언트 연결 해제됨: (code: 1005)"}
{"time":"2026-06-02T04:59:15.598Z","level":"DEBUG","tag":"service-server:WebSocketHandler","msg":"클라이언트 연결 해제됨: (code: 1005)"}
{"time":"2026-06-02T04:59:49.519Z","level":"DEBUG","tag":"service-server:WebSocketHandler","msg":"클라이언트 연결 해제됨: (code: 1005)"}
{"time":"2026-06-02T04:59:58.735Z","level":"INFO","tag":"service-server:ServiceServer","msg":"SIGINT 시그널 수신됨. 서버 종료를 시작합니다..."}
{"time":"2026-06-02T05:00:02.013Z","level":"INFO","tag":"service-server:ServiceServer","msg":"서버 시작 중... 2.0.39"}
{"time":"2026-06-02T05:00:02.035Z","level":"INFO","tag":"service-server:ServiceServer","msg":"서버 시작됨 (포트: 80)"}
{"time":"2026-06-02T05:00:02.079Z","level":"DEBUG","tag":"service-server:WebSocketHandler","msg":"클라이언트 연결됨 [object Object]"}
{"time":"2026-06-02T05:00:02.088Z","level":"DEBUG","tag":"service-server:WebSocketHandler","msg":"요청 수신됨 [object Object]"}
{"time":"2026-06-02T05:00:02.093Z","level":"DEBUG","tag":"service-server:WebSocketHandler","msg":"응답 전송됨 (크기: 40)"}
{"time":"2026-06-02T05:00:02.260Z","level":"DEBUG","tag":"service-server:WebSocketHandler","msg":"클라이언트 연결됨 [object Object]"}
{"time":"2026-06-02T05:00:02.848Z","level":"DEBUG","tag":"service-server:WebSocketHandler","msg":"클라이언트 연결됨 [object Object]"}
{"time":"2026-06-02T05:00:02.892Z","level":"DEBUG","tag":"service-server:WebSocketHandler","msg":"요청 수신됨 [object Object]"}
{"time":"2026-06-02T05:00:02.896Z","level":"DEBUG","tag":"service-server:WebSocketHandler","msg":"응답 전송됨 (크기: 40)"}
{"time":"2026-06-02T05:00:03.304Z","level":"DEBUG","tag":"service-server:WebSocketHandler","msg":"클라이언트 연결됨 [object Object]"}
{"time":"2026-06-02T05:00:03.309Z","level":"DEBUG","tag":"service-server:WebSocketHandler","msg":"요청 수신됨 [object Object]"}
{"time":"2026-06-02T05:00:03.310Z","level":"DEBUG","tag":"service-server:WebSocketHandler","msg":"응답 전송됨 (크기: 123)"}
{"time":"2026-06-02T05:00:03.956Z","level":"DEBUG","tag":"service-server:WebSocketHandler","msg":"클라이언트 연결 해제됨: (code: 1001)"}
{"time":"2026-06-02T05:00:04.148Z","level":"DEBUG","tag":"service-server:WebSocketHandler","msg":"클라이언트 연결됨 [object Object]"}
{"time":"2026-06-02T05:00:05.629Z","level":"DEBUG","tag":"service-server:WebSocketHandler","msg":"요청 수신됨 [object Object]"}
{"time":"2026-06-02T05:00:05.675Z","level":"DEBUG","tag":"mysql-db-conn","msg":"쿼리 실행 [object Object]"}
{"time":"2026-06-02T05:00:05.701Z","level":"DEBUG","tag":"service-server:WebSocketHandler","msg":"응답 전송됨 (크기: 5863)"}
{"time":"2026-06-02T05:00:05.706Z","level":"DEBUG","tag":"service-server:WebSocketHandler","msg":"요청 수신됨 [object Object]"}
{"time":"2026-06-02T05:00:05.707Z","level":"DEBUG","tag":"service-server:WebSocketHandler","msg":"응답 전송됨 (크기: 40)"}
{"time":"2026-06-02T05:00:05.711Z","level":"DEBUG","tag":"service-server:WebSocketHandler","msg":"요청 수신됨 [object Object]"}
{"time":"2026-06-02T05:00:05.711Z","level":"DEBUG","tag":"service-server:WebSocketHandler","msg":"응답 전송됨 (크기: 40)"}
{"time":"2026-06-02T05:00:05.742Z","level":"DEBUG","tag":"service-server:WebSocketHandler","msg":"요청 수신됨 [object Object]"}
{"time":"2026-06-02T05:00:05.747Z","level":"DEBUG","tag":"mysql-db-conn","msg":"쿼리 실행 [object Object]"}
{"time":"2026-06-02T05:00:05.757Z","level":"DEBUG","tag":"service-server:WebSocketHandler","msg":"응답 전송됨 (크기: 5863)"}
{"time":"2026-06-02T05:00:05.763Z","level":"DEBUG","tag":"service-server:WebSocketHandler","msg":"요청 수신됨 [object Object]"}
{"time":"2026-06-02T05:00:05.765Z","level":"DEBUG","tag":"service-server:WebSocketHandler","msg":"응답 전송됨 (크기: 40)"}
{"time":"2026-06-02T05:00:05.771Z","level":"DEBUG","tag":"service-server:WebSocketHandler","msg":"요청 수신됨 [object Object]"}
{"time":"2026-06-02T05:00:05.772Z","level":"DEBUG","tag":"service-server:WebSocketHandler","msg":"응답 전송됨 (크기: 40)"}
{"time":"2026-06-02T05:00:05.776Z","level":"DEBUG","tag":"service-server:WebSocketHandler","msg":"요청 수신됨 [object Object]"}
{"time":"2026-06-02T05:00:05.776Z","level":"DEBUG","tag":"service-server:WebSocketHandler","msg":"응답 전송됨 (크기: 40)"}
{"time":"2026-06-02T05:00:05.781Z","level":"DEBUG","tag":"service-server:WebSocketHandler","msg":"요청 수신됨 [object Object]"}
{"time":"2026-06-02T05:00:05.782Z","level":"DEBUG","tag":"service-server:WebSocketHandler","msg":"응답 전송됨 (크기: 79)"}
{"time":"2026-06-02T05:00:05.787Z","level":"DEBUG","tag":"service-server:WebSocketHandler","msg":"요청 수신됨 [object Object]"}
{"time":"2026-06-02T05:00:05.792Z","level":"DEBUG","tag":"service-server:WebSocketHandler","msg":"응답 전송됨 (크기: 42)"}
{"time":"2026-06-02T05:00:05.799Z","level":"DEBUG","tag":"service-server:WebSocketHandler","msg":"요청 수신됨 [object Object]"}
{"time":"2026-06-02T05:00:05.799Z","level":"DEBUG","tag":"mysql-db-conn","msg":"쿼리 실행 [object Object]"}
{"time":"2026-06-02T05:00:05.803Z","level":"DEBUG","tag":"service-server:WebSocketHandler","msg":"응답 전송됨 (크기: 68)"}
{"time":"2026-06-02T05:00:06.027Z","level":"DEBUG","tag":"service-server:WebSocketHandler","msg":"요청 수신됨 [object Object]"}
{"time":"2026-06-02T05:00:06.027Z","level":"DEBUG","tag":"mysql-db-conn","msg":"쿼리 실행 [object Object]"}
{"time":"2026-06-02T05:00:06.030Z","level":"DEBUG","tag":"service-server:WebSocketHandler","msg":"응답 전송됨 (크기: 142)"}
{"time":"2026-06-02T05:00:06.038Z","level":"DEBUG","tag":"service-server:WebSocketHandler","msg":"요청 수신됨 [object Object]"}
{"time":"2026-06-02T05:00:06.039Z","level":"DEBUG","tag":"service-server:WebSocketHandler","msg":"응답 전송됨 (크기: 45)"}
{"time":"2026-06-02T05:00:09.959Z","level":"DEBUG","tag":"service-server:WebSocketHandler","msg":"요청 수신됨 [object Object]"}
{"time":"2026-06-02T05:00:09.960Z","level":"DEBUG","tag":"service-server:WebSocketHandler","msg":"응답 전송됨 (크기: 79)"}
{"time":"2026-06-02T05:00:09.960Z","level":"DEBUG","tag":"service-server:WebSocketHandler","msg":"요청 수신됨 [object Object]"}
{"time":"2026-06-02T05:00:09.961Z","level":"DEBUG","tag":"service-server:WebSocketHandler","msg":"응답 전송됨 (크기: 79)"}
{"time":"2026-06-02T05:00:09.968Z","level":"DEBUG","tag":"service-server:WebSocketHandler","msg":"요청 수신됨 [object Object]"}
{"time":"2026-06-02T05:00:09.968Z","level":"DEBUG","tag":"service-server:WebSocketHandler","msg":"요청 수신됨 [object Object]"}
{"time":"2026-06-02T05:00:09.979Z","level":"DEBUG","tag":"service-server:WebSocketHandler","msg":"응답 전송됨 (크기: 42)"}
{"time":"2026-06-02T05:00:09.980Z","level":"DEBUG","tag":"service-server:WebSocketHandler","msg":"응답 전송됨 (크기: 42)"}
{"time":"2026-06-02T05:00:09.983Z","level":"DEBUG","tag":"service-server:WebSocketHandler","msg":"요청 수신됨 [object Object]"}
{"time":"2026-06-02T05:00:09.985Z","level":"DEBUG","tag":"service-server:WebSocketHandler","msg":"요청 수신됨 [object Object]"}
{"time":"2026-06-02T05:00:09.987Z","level":"DEBUG","tag":"service-server:WebSocketHandler","msg":"응답 전송됨 (크기: 45)"}
{"time":"2026-06-02T05:00:09.988Z","level":"DEBUG","tag":"service-server:WebSocketHandler","msg":"응답 전송됨 (크기: 45)"}
{"time":"2026-06-02T05:00:09.991Z","level":"DEBUG","tag":"service-server:WebSocketHandler","msg":"요청 수신됨 [object Object]"}
{"time":"2026-06-02T05:00:09.992Z","level":"DEBUG","tag":"mysql-db-conn","msg":"쿼리 실행 [object Object]"}
{"time":"2026-06-02T05:00:09.993Z","level":"DEBUG","tag":"service-server:WebSocketHandler","msg":"요청 수신됨 [object Object]"}
{"time":"2026-06-02T05:00:09.994Z","level":"DEBUG","tag":"mysql-db-conn","msg":"쿼리 실행 [object Object]"}
{"time":"2026-06-02T05:00:09.999Z","level":"DEBUG","tag":"service-server:WebSocketHandler","msg":"응답 전송됨 (크기: 45)"}
{"time":"2026-06-02T05:00:10.000Z","level":"DEBUG","tag":"service-server:WebSocketHandler","msg":"응답 전송됨 (크기: 54)"}
{"time":"2026-06-02T05:00:10.002Z","level":"DEBUG","tag":"service-server:WebSocketHandler","msg":"요청 수신됨 [object Object]"}
{"time":"2026-06-02T05:00:10.004Z","level":"DEBUG","tag":"service-server:WebSocketHandler","msg":"요청 수신됨 [object Object]"}
{"time":"2026-06-02T05:00:10.005Z","level":"DEBUG","tag":"mysql-db-conn","msg":"쿼리 실행 [object Object]"}
{"time":"2026-06-02T05:00:10.006Z","level":"DEBUG","tag":"service-server:WebSocketHandler","msg":"응답 전송됨 (크기: 45)"}
{"time":"2026-06-02T05:00:10.007Z","level":"DEBUG","tag":"service-server:WebSocketHandler","msg":"응답 전송됨 (크기: 45)"}
{"time":"2026-06-02T05:00:10.009Z","level":"DEBUG","tag":"service-server:WebSocketHandler","msg":"요청 수신됨 [object Object]"}
{"time":"2026-06-02T05:00:10.010Z","level":"DEBUG","tag":"service-server:WebSocketHandler","msg":"응답 전송됨 (크기: 45)"}
{"time":"2026-06-02T05:00:10.011Z","level":"DEBUG","tag":"service-server:WebSocketHandler","msg":"요청 수신됨 [object Object]"}
{"time":"2026-06-02T05:00:10.011Z","level":"DEBUG","tag":"mysql-db-conn","msg":"쿼리 실행 [object Object]"}
{"time":"2026-06-02T05:00:10.013Z","level":"DEBUG","tag":"service-server:WebSocketHandler","msg":"응답 전송됨 (크기: 45)"}
{"time":"2026-06-02T05:00:10.016Z","level":"DEBUG","tag":"service-server:WebSocketHandler","msg":"요청 수신됨 [object Object]"}
{"time":"2026-06-02T05:00:10.017Z","level":"DEBUG","tag":"service-server:WebSocketHandler","msg":"응답 전송됨 (크기: 45)"}
{"time":"2026-06-02T05:00:10.020Z","level":"DEBUG","tag":"service-server:WebSocketHandler","msg":"요청 수신됨 [object Object]"}
{"time":"2026-06-02T05:00:10.021Z","level":"DEBUG","tag":"service-server:WebSocketHandler","msg":"응답 전송됨 (크기: 45)"}
{"time":"2026-06-02T05:00:11.069Z","level":"DEBUG","tag":"service-server:WebSocketHandler","msg":"요청 수신됨 [object Object]"}
{"time":"2026-06-02T05:00:11.069Z","level":"DEBUG","tag":"service-server:WebSocketHandler","msg":"응답 전송됨 (크기: 79)"}
{"time":"2026-06-02T05:00:11.070Z","level":"DEBUG","tag":"service-server:WebSocketHandler","msg":"요청 수신됨 [object Object]"}
{"time":"2026-06-02T05:00:11.070Z","level":"DEBUG","tag":"service-server:WebSocketHandler","msg":"응답 전송됨 (크기: 79)"}
{"time":"2026-06-02T05:00:11.073Z","level":"DEBUG","tag":"service-server:WebSocketHandler","msg":"요청 수신됨 [object Object]"}
{"time":"2026-06-02T05:00:11.076Z","level":"DEBUG","tag":"service-server:WebSocketHandler","msg":"요청 수신됨 [object Object]"}
{"time":"2026-06-02T05:00:11.085Z","level":"DEBUG","tag":"service-server:WebSocketHandler","msg":"응답 전송됨 (크기: 42)"}
{"time":"2026-06-02T05:00:11.085Z","level":"DEBUG","tag":"service-server:WebSocketHandler","msg":"응답 전송됨 (크기: 42)"}
{"time":"2026-06-02T05:00:11.089Z","level":"DEBUG","tag":"service-server:WebSocketHandler","msg":"요청 수신됨 [object Object]"}
{"time":"2026-06-02T05:00:11.091Z","level":"DEBUG","tag":"service-server:WebSocketHandler","msg":"요청 수신됨 [object Object]"}
{"time":"2026-06-02T05:00:11.093Z","level":"DEBUG","tag":"service-server:WebSocketHandler","msg":"응답 전송됨 (크기: 45)"}
{"time":"2026-06-02T05:00:11.094Z","level":"DEBUG","tag":"service-server:WebSocketHandler","msg":"응답 전송됨 (크기: 45)"}
{"time":"2026-06-02T05:00:11.098Z","level":"DEBUG","tag":"service-server:WebSocketHandler","msg":"요청 수신됨 [object Object]"}
{"time":"2026-06-02T05:00:11.098Z","level":"DEBUG","tag":"mysql-db-conn","msg":"쿼리 실행 [object Object]"}
{"time":"2026-06-02T05:00:11.099Z","level":"DEBUG","tag":"service-server:WebSocketHandler","msg":"요청 수신됨 [object Object]"}
{"time":"2026-06-02T05:00:11.100Z","level":"DEBUG","tag":"mysql-db-conn","msg":"쿼리 실행 [object Object]"}
{"time":"2026-06-02T05:00:11.102Z","level":"DEBUG","tag":"service-server:WebSocketHandler","msg":"응답 전송됨 (크기: 45)"}
{"time":"2026-06-02T05:00:11.102Z","level":"DEBUG","tag":"service-server:WebSocketHandler","msg":"응답 전송됨 (크기: 56)"}
{"time":"2026-06-02T05:00:11.106Z","level":"DEBUG","tag":"service-server:WebSocketHandler","msg":"요청 수신됨 [object Object]"}
{"time":"2026-06-02T05:00:11.107Z","level":"DEBUG","tag":"service-server:WebSocketHandler","msg":"요청 수신됨 [object Object]"}
{"time":"2026-06-02T05:00:11.107Z","level":"DEBUG","tag":"mysql-db-conn","msg":"쿼리 실행 [object Object]"}
{"time":"2026-06-02T05:00:11.111Z","level":"DEBUG","tag":"service-server:WebSocketHandler","msg":"응답 전송됨 (크기: 45)"}
{"time":"2026-06-02T05:00:11.117Z","level":"DEBUG","tag":"service-server:WebSocketHandler","msg":"응답 전송됨 (크기: 4494)"}
{"time":"2026-06-02T05:00:11.117Z","level":"DEBUG","tag":"service-server:WebSocketHandler","msg":"요청 수신됨 [object Object]"}
{"time":"2026-06-02T05:00:11.118Z","level":"DEBUG","tag":"service-server:WebSocketHandler","msg":"응답 전송됨 (크기: 45)"}
{"time":"2026-06-02T05:00:11.122Z","level":"DEBUG","tag":"service-server:WebSocketHandler","msg":"요청 수신됨 [object Object]"}
{"time":"2026-06-02T05:00:11.122Z","level":"DEBUG","tag":"mysql-db-conn","msg":"쿼리 실행 [object Object]"}
{"time":"2026-06-02T05:00:11.124Z","level":"DEBUG","tag":"service-server:WebSocketHandler","msg":"응답 전송됨 (크기: 184)"}
{"time":"2026-06-02T05:00:11.128Z","level":"DEBUG","tag":"service-server:WebSocketHandler","msg":"요청 수신됨 [object Object]"}
{"time":"2026-06-02T05:00:11.129Z","level":"DEBUG","tag":"service-server:WebSocketHandler","msg":"응답 전송됨 (크기: 45)"}
{"time":"2026-06-02T05:00:11.133Z","level":"DEBUG","tag":"service-server:WebSocketHandler","msg":"요청 수신됨 [object Object]"}
{"time":"2026-06-02T05:00:11.134Z","level":"DEBUG","tag":"service-server:WebSocketHandler","msg":"응답 전송됨 (크기: 45)"}
{"time":"2026-06-02T05:00:11.917Z","level":"DEBUG","tag":"service-server:WebSocketHandler","msg":"요청 수신됨 [object Object]"}
{"time":"2026-06-02T05:00:11.918Z","level":"DEBUG","tag":"service-server:WebSocketHandler","msg":"응답 전송됨 (크기: 79)"}
{"time":"2026-06-02T05:00:11.919Z","level":"DEBUG","tag":"service-server:WebSocketHandler","msg":"요청 수신됨 [object Object]"}
{"time":"2026-06-02T05:00:11.920Z","level":"DEBUG","tag":"service-server:WebSocketHandler","msg":"응답 전송됨 (크기: 79)"}
{"time":"2026-06-02T05:00:11.922Z","level":"DEBUG","tag":"service-server:WebSocketHandler","msg":"요청 수신됨 [object Object]"}
{"time":"2026-06-02T05:00:11.925Z","level":"DEBUG","tag":"service-server:WebSocketHandler","msg":"요청 수신됨 [object Object]"}
{"time":"2026-06-02T05:00:11.929Z","level":"DEBUG","tag":"service-server:WebSocketHandler","msg":"응답 전송됨 (크기: 42)"}
{"time":"2026-06-02T05:00:11.929Z","level":"DEBUG","tag":"service-server:WebSocketHandler","msg":"응답 전송됨 (크기: 42)"}
{"time":"2026-06-02T05:00:11.933Z","level":"DEBUG","tag":"service-server:WebSocketHandler","msg":"요청 수신됨 [object Object]"}
{"time":"2026-06-02T05:00:11.933Z","level":"DEBUG","tag":"service-server:WebSocketHandler","msg":"요청 수신됨 [object Object]"}
{"time":"2026-06-02T05:00:11.934Z","level":"DEBUG","tag":"service-server:WebSocketHandler","msg":"응답 전송됨 (크기: 45)"}
{"time":"2026-06-02T05:00:11.934Z","level":"DEBUG","tag":"service-server:WebSocketHandler","msg":"응답 전송됨 (크기: 45)"}
{"time":"2026-06-02T05:00:11.938Z","level":"DEBUG","tag":"service-server:WebSocketHandler","msg":"요청 수신됨 [object Object]"}
{"time":"2026-06-02T05:00:11.938Z","level":"DEBUG","tag":"mysql-db-conn","msg":"쿼리 실행 [object Object]"}
{"time":"2026-06-02T05:00:11.938Z","level":"DEBUG","tag":"service-server:WebSocketHandler","msg":"요청 수신됨 [object Object]"}
{"time":"2026-06-02T05:00:11.938Z","level":"DEBUG","tag":"mysql-db-conn","msg":"쿼리 실행 [object Object]"}
{"time":"2026-06-02T05:00:11.939Z","level":"DEBUG","tag":"service-server:WebSocketHandler","msg":"응답 전송됨 (크기: 45)"}
{"time":"2026-06-02T05:00:11.939Z","level":"DEBUG","tag":"service-server:WebSocketHandler","msg":"응답 전송됨 (크기: 54)"}
{"time":"2026-06-02T05:00:11.942Z","level":"DEBUG","tag":"service-server:WebSocketHandler","msg":"요청 수신됨 [object Object]"}
{"time":"2026-06-02T05:00:11.943Z","level":"DEBUG","tag":"service-server:WebSocketHandler","msg":"요청 수신됨 [object Object]"}
{"time":"2026-06-02T05:00:11.943Z","level":"DEBUG","tag":"mysql-db-conn","msg":"쿼리 실행 [object Object]"}
{"time":"2026-06-02T05:00:11.943Z","level":"DEBUG","tag":"service-server:WebSocketHandler","msg":"응답 전송됨 (크기: 45)"}
{"time":"2026-06-02T05:00:11.943Z","level":"DEBUG","tag":"service-server:WebSocketHandler","msg":"응답 전송됨 (크기: 45)"}
{"time":"2026-06-02T05:00:11.947Z","level":"DEBUG","tag":"service-server:WebSocketHandler","msg":"요청 수신됨 [object Object]"}
{"time":"2026-06-02T05:00:11.947Z","level":"DEBUG","tag":"service-server:WebSocketHandler","msg":"응답 전송됨 (크기: 45)"}
{"time":"2026-06-02T05:00:11.947Z","level":"DEBUG","tag":"service-server:WebSocketHandler","msg":"요청 수신됨 [object Object]"}
{"time":"2026-06-02T05:00:11.947Z","level":"DEBUG","tag":"mysql-db-conn","msg":"쿼리 실행 [object Object]"}
{"time":"2026-06-02T05:00:11.948Z","level":"DEBUG","tag":"service-server:WebSocketHandler","msg":"응답 전송됨 (크기: 45)"}
{"time":"2026-06-02T05:00:11.952Z","level":"DEBUG","tag":"service-server:WebSocketHandler","msg":"요청 수신됨 [object Object]"}
{"time":"2026-06-02T05:00:11.953Z","level":"DEBUG","tag":"service-server:WebSocketHandler","msg":"응답 전송됨 (크기: 45)"}
{"time":"2026-06-02T05:00:11.956Z","level":"DEBUG","tag":"service-server:WebSocketHandler","msg":"요청 수신됨 [object Object]"}
{"time":"2026-06-02T05:00:11.957Z","level":"DEBUG","tag":"service-server:WebSocketHandler","msg":"응답 전송됨 (크기: 45)"}
{"time":"2026-06-02T05:00:13.000Z","level":"DEBUG","tag":"service-server:WebSocketHandler","msg":"요청 수신됨 [object Object]"}
{"time":"2026-06-02T05:00:13.001Z","level":"DEBUG","tag":"service-server:WebSocketHandler","msg":"응답 전송됨 (크기: 79)"}
{"time":"2026-06-02T05:00:13.004Z","level":"DEBUG","tag":"service-server:WebSocketHandler","msg":"요청 수신됨 [object Object]"}
{"time":"2026-06-02T05:00:13.004Z","level":"DEBUG","tag":"service-server:WebSocketHandler","msg":"응답 전송됨 (크기: 79)"}
{"time":"2026-06-02T05:00:13.004Z","level":"DEBUG","tag":"service-server:WebSocketHandler","msg":"요청 수신됨 [object Object]"}
{"time":"2026-06-02T05:00:13.009Z","level":"DEBUG","tag":"service-server:WebSocketHandler","msg":"요청 수신됨 [object Object]"}
{"time":"2026-06-02T05:00:13.010Z","level":"DEBUG","tag":"service-server:WebSocketHandler","msg":"응답 전송됨 (크기: 42)"}
{"time":"2026-06-02T05:00:13.013Z","level":"DEBUG","tag":"service-server:WebSocketHandler","msg":"응답 전송됨 (크기: 42)"}
{"time":"2026-06-02T05:00:13.015Z","level":"DEBUG","tag":"service-server:WebSocketHandler","msg":"요청 수신됨 [object Object]"}
{"time":"2026-06-02T05:00:13.017Z","level":"DEBUG","tag":"service-server:WebSocketHandler","msg":"응답 전송됨 (크기: 45)"}
{"time":"2026-06-02T05:00:13.017Z","level":"DEBUG","tag":"service-server:WebSocketHandler","msg":"요청 수신됨 [object Object]"}
{"time":"2026-06-02T05:00:13.020Z","level":"DEBUG","tag":"service-server:WebSocketHandler","msg":"응답 전송됨 (크기: 45)"}
{"time":"2026-06-02T05:00:13.021Z","level":"DEBUG","tag":"service-server:WebSocketHandler","msg":"요청 수신됨 [object Object]"}
{"time":"2026-06-02T05:00:13.021Z","level":"DEBUG","tag":"mysql-db-conn","msg":"쿼리 실행 [object Object]"}
{"time":"2026-06-02T05:00:13.023Z","level":"DEBUG","tag":"service-server:WebSocketHandler","msg":"응답 전송됨 (크기: 45)"}
{"time":"2026-06-02T05:00:13.023Z","level":"DEBUG","tag":"service-server:WebSocketHandler","msg":"요청 수신됨 [object Object]"}
{"time":"2026-06-02T05:00:13.024Z","level":"DEBUG","tag":"mysql-db-conn","msg":"쿼리 실행 [object Object]"}
{"time":"2026-06-02T05:00:13.025Z","level":"DEBUG","tag":"service-server:WebSocketHandler","msg":"응답 전송됨 (크기: 56)"}
{"time":"2026-06-02T05:00:13.026Z","level":"DEBUG","tag":"service-server:WebSocketHandler","msg":"요청 수신됨 [object Object]"}
{"time":"2026-06-02T05:00:13.028Z","level":"DEBUG","tag":"service-server:WebSocketHandler","msg":"응답 전송됨 (크기: 45)"}
{"time":"2026-06-02T05:00:13.029Z","level":"DEBUG","tag":"service-server:WebSocketHandler","msg":"요청 수신됨 [object Object]"}
{"time":"2026-06-02T05:00:13.029Z","level":"DEBUG","tag":"mysql-db-conn","msg":"쿼리 실행 [object Object]"}
{"time":"2026-06-02T05:00:13.032Z","level":"DEBUG","tag":"service-server:WebSocketHandler","msg":"요청 수신됨 [object Object]"}
{"time":"2026-06-02T05:00:13.033Z","level":"DEBUG","tag":"service-server:WebSocketHandler","msg":"응답 전송됨 (크기: 45)"}
{"time":"2026-06-02T05:00:13.036Z","level":"DEBUG","tag":"service-server:WebSocketHandler","msg":"응답 전송됨 (크기: 4494)"}
{"time":"2026-06-02T05:00:13.040Z","level":"DEBUG","tag":"service-server:WebSocketHandler","msg":"요청 수신됨 [object Object]"}
{"time":"2026-06-02T05:00:13.040Z","level":"DEBUG","tag":"mysql-db-conn","msg":"쿼리 실행 [object Object]"}
{"time":"2026-06-02T05:00:13.043Z","level":"DEBUG","tag":"service-server:WebSocketHandler","msg":"응답 전송됨 (크기: 184)"}
{"time":"2026-06-02T05:00:13.047Z","level":"DEBUG","tag":"service-server:WebSocketHandler","msg":"요청 수신됨 [object Object]"}
{"time":"2026-06-02T05:00:13.048Z","level":"DEBUG","tag":"service-server:WebSocketHandler","msg":"응답 전송됨 (크기: 45)"}
{"time":"2026-06-02T05:00:13.052Z","level":"DEBUG","tag":"service-server:WebSocketHandler","msg":"요청 수신됨 [object Object]"}
{"time":"2026-06-02T05:00:13.052Z","level":"DEBUG","tag":"service-server:WebSocketHandler","msg":"응답 전송됨 (크기: 45)"}
{"time":"2026-06-02T05:00:13.934Z","level":"DEBUG","tag":"service-server:WebSocketHandler","msg":"요청 수신됨 [object Object]"}
{"time":"2026-06-02T05:00:13.935Z","level":"DEBUG","tag":"service-server:WebSocketHandler","msg":"응답 전송됨 (크기: 79)"}
{"time":"2026-06-02T05:00:13.938Z","level":"DEBUG","tag":"service-server:WebSocketHandler","msg":"요청 수신됨 [object Object]"}
{"time":"2026-06-02T05:00:13.939Z","level":"DEBUG","tag":"service-server:WebSocketHandler","msg":"응답 전송됨 (크기: 79)"}
{"time":"2026-06-02T05:00:13.939Z","level":"DEBUG","tag":"service-server:WebSocketHandler","msg":"요청 수신됨 [object Object]"}
{"time":"2026-06-02T05:00:13.944Z","level":"DEBUG","tag":"service-server:WebSocketHandler","msg":"요청 수신됨 [object Object]"}
{"time":"2026-06-02T05:00:13.948Z","level":"DEBUG","tag":"service-server:WebSocketHandler","msg":"응답 전송됨 (크기: 42)"}
{"time":"2026-06-02T05:00:13.949Z","level":"DEBUG","tag":"service-server:WebSocketHandler","msg":"응답 전송됨 (크기: 42)"}
{"time":"2026-06-02T05:00:13.952Z","level":"DEBUG","tag":"service-server:WebSocketHandler","msg":"요청 수신됨 [object Object]"}
{"time":"2026-06-02T05:00:13.952Z","level":"DEBUG","tag":"service-server:WebSocketHandler","msg":"요청 수신됨 [object Object]"}
{"time":"2026-06-02T05:00:13.953Z","level":"DEBUG","tag":"service-server:WebSocketHandler","msg":"응답 전송됨 (크기: 45)"}
{"time":"2026-06-02T05:00:13.953Z","level":"DEBUG","tag":"service-server:WebSocketHandler","msg":"응답 전송됨 (크기: 45)"}
{"time":"2026-06-02T05:00:13.957Z","level":"DEBUG","tag":"service-server:WebSocketHandler","msg":"요청 수신됨 [object Object]"}
{"time":"2026-06-02T05:00:13.957Z","level":"DEBUG","tag":"mysql-db-conn","msg":"쿼리 실행 [object Object]"}
{"time":"2026-06-02T05:00:13.957Z","level":"DEBUG","tag":"service-server:WebSocketHandler","msg":"요청 수신됨 [object Object]"}
{"time":"2026-06-02T05:00:13.958Z","level":"DEBUG","tag":"mysql-db-conn","msg":"쿼리 실행 [object Object]"}
{"time":"2026-06-02T05:00:13.958Z","level":"DEBUG","tag":"service-server:WebSocketHandler","msg":"응답 전송됨 (크기: 45)"}
{"time":"2026-06-02T05:00:13.958Z","level":"DEBUG","tag":"service-server:WebSocketHandler","msg":"응답 전송됨 (크기: 54)"}
{"time":"2026-06-02T05:00:13.962Z","level":"DEBUG","tag":"service-server:WebSocketHandler","msg":"요청 수신됨 [object Object]"}
{"time":"2026-06-02T05:00:13.962Z","level":"DEBUG","tag":"service-server:WebSocketHandler","msg":"요청 수신됨 [object Object]"}
{"time":"2026-06-02T05:00:13.962Z","level":"DEBUG","tag":"mysql-db-conn","msg":"쿼리 실행 [object Object]"}
{"time":"2026-06-02T05:00:13.963Z","level":"DEBUG","tag":"service-server:WebSocketHandler","msg":"응답 전송됨 (크기: 45)"}
{"time":"2026-06-02T05:00:13.963Z","level":"DEBUG","tag":"service-server:WebSocketHandler","msg":"응답 전송됨 (크기: 45)"}
{"time":"2026-06-02T05:00:13.966Z","level":"DEBUG","tag":"service-server:WebSocketHandler","msg":"요청 수신됨 [object Object]"}
{"time":"2026-06-02T05:00:13.967Z","level":"DEBUG","tag":"service-server:WebSocketHandler","msg":"응답 전송됨 (크기: 45)"}
{"time":"2026-06-02T05:00:13.967Z","level":"DEBUG","tag":"service-server:WebSocketHandler","msg":"요청 수신됨 [object Object]"}
{"time":"2026-06-02T05:00:13.967Z","level":"DEBUG","tag":"mysql-db-conn","msg":"쿼리 실행 [object Object]"}
{"time":"2026-06-02T05:00:13.968Z","level":"DEBUG","tag":"service-server:WebSocketHandler","msg":"응답 전송됨 (크기: 45)"}
{"time":"2026-06-02T05:00:13.971Z","level":"DEBUG","tag":"service-server:WebSocketHandler","msg":"요청 수신됨 [object Object]"}
{"time":"2026-06-02T05:00:13.972Z","level":"DEBUG","tag":"service-server:WebSocketHandler","msg":"응답 전송됨 (크기: 45)"}
{"time":"2026-06-02T05:00:13.975Z","level":"DEBUG","tag":"service-server:WebSocketHandler","msg":"요청 수신됨 [object Object]"}
{"time":"2026-06-02T05:00:13.976Z","level":"DEBUG","tag":"service-server:WebSocketHandler","msg":"응답 전송됨 (크기: 45)"}
{"time":"2026-06-02T05:00:15.212Z","level":"DEBUG","tag":"service-server:WebSocketHandler","msg":"요청 수신됨 [object Object]"}
{"time":"2026-06-02T05:00:15.213Z","level":"DEBUG","tag":"service-server:WebSocketHandler","msg":"응답 전송됨 (크기: 79)"}
{"time":"2026-06-02T05:00:15.213Z","level":"DEBUG","tag":"service-server:WebSocketHandler","msg":"요청 수신됨 [object Object]"}
{"time":"2026-06-02T05:00:15.214Z","level":"DEBUG","tag":"service-server:WebSocketHandler","msg":"응답 전송됨 (크기: 79)"}
{"time":"2026-06-02T05:00:15.221Z","level":"DEBUG","tag":"service-server:WebSocketHandler","msg":"요청 수신됨 [object Object]"}
{"time":"2026-06-02T05:00:15.221Z","level":"DEBUG","tag":"service-server:WebSocketHandler","msg":"요청 수신됨 [object Object]"}
{"time":"2026-06-02T05:00:15.226Z","level":"DEBUG","tag":"service-server:WebSocketHandler","msg":"응답 전송됨 (크기: 42)"}
{"time":"2026-06-02T05:00:15.226Z","level":"DEBUG","tag":"service-server:WebSocketHandler","msg":"응답 전송됨 (크기: 42)"}
{"time":"2026-06-02T05:00:15.230Z","level":"DEBUG","tag":"service-server:WebSocketHandler","msg":"요청 수신됨 [object Object]"}
{"time":"2026-06-02T05:00:15.230Z","level":"DEBUG","tag":"service-server:WebSocketHandler","msg":"요청 수신됨 [object Object]"}
{"time":"2026-06-02T05:00:15.231Z","level":"DEBUG","tag":"service-server:WebSocketHandler","msg":"응답 전송됨 (크기: 45)"}
{"time":"2026-06-02T05:00:15.231Z","level":"DEBUG","tag":"service-server:WebSocketHandler","msg":"응답 전송됨 (크기: 45)"}
{"time":"2026-06-02T05:00:15.235Z","level":"DEBUG","tag":"service-server:WebSocketHandler","msg":"요청 수신됨 [object Object]"}
{"time":"2026-06-02T05:00:15.235Z","level":"DEBUG","tag":"mysql-db-conn","msg":"쿼리 실행 [object Object]"}
{"time":"2026-06-02T05:00:15.236Z","level":"DEBUG","tag":"service-server:WebSocketHandler","msg":"요청 수신됨 [object Object]"}
{"time":"2026-06-02T05:00:15.236Z","level":"DEBUG","tag":"mysql-db-conn","msg":"쿼리 실행 [object Object]"}
{"time":"2026-06-02T05:00:15.237Z","level":"DEBUG","tag":"service-server:WebSocketHandler","msg":"응답 전송됨 (크기: 45)"}
{"time":"2026-06-02T05:00:15.238Z","level":"DEBUG","tag":"service-server:WebSocketHandler","msg":"응답 전송됨 (크기: 55)"}
{"time":"2026-06-02T05:00:15.241Z","level":"DEBUG","tag":"service-server:WebSocketHandler","msg":"요청 수신됨 [object Object]"}
{"time":"2026-06-02T05:00:15.242Z","level":"DEBUG","tag":"service-server:WebSocketHandler","msg":"요청 수신됨 [object Object]"}
{"time":"2026-06-02T05:00:15.242Z","level":"DEBUG","tag":"mysql-db-conn","msg":"쿼리 실행 [object Object]"}
{"time":"2026-06-02T05:00:15.243Z","level":"DEBUG","tag":"service-server:WebSocketHandler","msg":"응답 전송됨 (크기: 45)"}
{"time":"2026-06-02T05:00:15.246Z","level":"DEBUG","tag":"service-server:WebSocketHandler","msg":"응답 전송됨 (크기: 3080)"}
{"time":"2026-06-02T05:00:15.247Z","level":"DEBUG","tag":"service-server:WebSocketHandler","msg":"요청 수신됨 [object Object]"}
{"time":"2026-06-02T05:00:15.247Z","level":"DEBUG","tag":"service-server:WebSocketHandler","msg":"응답 전송됨 (크기: 45)"}
{"time":"2026-06-02T05:00:15.250Z","level":"DEBUG","tag":"service-server:WebSocketHandler","msg":"요청 수신됨 [object Object]"}
{"time":"2026-06-02T05:00:15.252Z","level":"DEBUG","tag":"service-server:WebSocketHandler","msg":"응답 전송됨 (크기: 45)"}
{"time":"2026-06-02T05:00:15.255Z","level":"DEBUG","tag":"service-server:WebSocketHandler","msg":"요청 수신됨 [object Object]"}
{"time":"2026-06-02T05:00:15.256Z","level":"DEBUG","tag":"service-server:WebSocketHandler","msg":"응답 전송됨 (크기: 45)"}
{"time":"2026-06-02T05:00:15.628Z","level":"DEBUG","tag":"service-server:WebSocketHandler","msg":"클라이언트 연결됨 [object Object]"}
{"time":"2026-06-02T05:00:15.659Z","level":"DEBUG","tag":"service-server:WebSocketHandler","msg":"요청 수신됨 [object Object]"}
{"time":"2026-06-02T05:00:15.662Z","level":"DEBUG","tag":"service-server:WebSocketHandler","msg":"응답 전송됨 (크기: 40)"}
{"time":"2026-06-02T05:00:16.411Z","level":"DEBUG","tag":"service-server:WebSocketHandler","msg":"요청 수신됨 [object Object]"}
{"time":"2026-06-02T05:00:16.411Z","level":"DEBUG","tag":"service-server:WebSocketHandler","msg":"응답 전송됨 (크기: 79)"}
{"time":"2026-06-02T05:00:16.411Z","level":"DEBUG","tag":"service-server:WebSocketHandler","msg":"요청 수신됨 [object Object]"}
{"time":"2026-06-02T05:00:16.411Z","level":"DEBUG","tag":"service-server:WebSocketHandler","msg":"응답 전송됨 (크기: 79)"}
{"time":"2026-06-02T05:00:16.414Z","level":"DEBUG","tag":"service-server:WebSocketHandler","msg":"요청 수신됨 [object Object]"}
{"time":"2026-06-02T05:00:16.414Z","level":"DEBUG","tag":"service-server:WebSocketHandler","msg":"요청 수신됨 [object Object]"}
{"time":"2026-06-02T05:00:16.424Z","level":"DEBUG","tag":"service-server:WebSocketHandler","msg":"응답 전송됨 (크기: 42)"}
{"time":"2026-06-02T05:00:16.424Z","level":"DEBUG","tag":"service-server:WebSocketHandler","msg":"응답 전송됨 (크기: 42)"}
{"time":"2026-06-02T05:00:16.427Z","level":"DEBUG","tag":"service-server:WebSocketHandler","msg":"요청 수신됨 [object Object]"}
{"time":"2026-06-02T05:00:16.428Z","level":"DEBUG","tag":"service-server:WebSocketHandler","msg":"요청 수신됨 [object Object]"}
{"time":"2026-06-02T05:00:16.428Z","level":"DEBUG","tag":"service-server:WebSocketHandler","msg":"응답 전송됨 (크기: 45)"}
{"time":"2026-06-02T05:00:16.429Z","level":"DEBUG","tag":"service-server:WebSocketHandler","msg":"응답 전송됨 (크기: 45)"}
{"time":"2026-06-02T05:00:16.432Z","level":"DEBUG","tag":"service-server:WebSocketHandler","msg":"요청 수신됨 [object Object]"}
{"time":"2026-06-02T05:00:16.432Z","level":"DEBUG","tag":"mysql-db-conn","msg":"쿼리 실행 [object Object]"}
{"time":"2026-06-02T05:00:16.433Z","level":"DEBUG","tag":"service-server:WebSocketHandler","msg":"요청 수신됨 [object Object]"}
{"time":"2026-06-02T05:00:16.433Z","level":"DEBUG","tag":"mysql-db-conn","msg":"쿼리 실행 [object Object]"}
{"time":"2026-06-02T05:00:16.433Z","level":"DEBUG","tag":"service-server:WebSocketHandler","msg":"응답 전송됨 (크기: 45)"}
{"time":"2026-06-02T05:00:16.433Z","level":"DEBUG","tag":"service-server:WebSocketHandler","msg":"응답 전송됨 (크기: 54)"}
{"time":"2026-06-02T05:00:16.437Z","level":"DEBUG","tag":"service-server:WebSocketHandler","msg":"요청 수신됨 [object Object]"}
{"time":"2026-06-02T05:00:16.438Z","level":"DEBUG","tag":"service-server:WebSocketHandler","msg":"요청 수신됨 [object Object]"}
{"time":"2026-06-02T05:00:16.438Z","level":"DEBUG","tag":"mysql-db-conn","msg":"쿼리 실행 [object Object]"}
{"time":"2026-06-02T05:00:16.439Z","level":"DEBUG","tag":"service-server:WebSocketHandler","msg":"응답 전송됨 (크기: 45)"}
{"time":"2026-06-02T05:00:16.440Z","level":"DEBUG","tag":"service-server:WebSocketHandler","msg":"응답 전송됨 (크기: 45)"}
{"time":"2026-06-02T05:00:16.443Z","level":"DEBUG","tag":"service-server:WebSocketHandler","msg":"요청 수신됨 [object Object]"}
{"time":"2026-06-02T05:00:16.444Z","level":"DEBUG","tag":"service-server:WebSocketHandler","msg":"응답 전송됨 (크기: 45)"}
{"time":"2026-06-02T05:00:16.444Z","level":"DEBUG","tag":"service-server:WebSocketHandler","msg":"요청 수신됨 [object Object]"}
{"time":"2026-06-02T05:00:16.446Z","level":"DEBUG","tag":"service-server:WebSocketHandler","msg":"응답 전송됨 (크기: 45)"}
{"time":"2026-06-02T05:00:16.449Z","level":"DEBUG","tag":"service-server:WebSocketHandler","msg":"요청 수신됨 [object Object]"}
{"time":"2026-06-02T05:00:16.450Z","level":"DEBUG","tag":"service-server:WebSocketHandler","msg":"응답 전송됨 (크기: 45)"}
{"time":"2026-06-02T05:00:16.924Z","level":"DEBUG","tag":"service-server:WebSocketHandler","msg":"요청 수신됨 [object Object]"}
{"time":"2026-06-02T05:00:16.925Z","level":"DEBUG","tag":"service-server:WebSocketHandler","msg":"응답 전송됨 (크기: 79)"}
{"time":"2026-06-02T05:00:16.925Z","level":"DEBUG","tag":"service-server:WebSocketHandler","msg":"요청 수신됨 [object Object]"}
{"time":"2026-06-02T05:00:16.926Z","level":"DEBUG","tag":"service-server:WebSocketHandler","msg":"응답 전송됨 (크기: 79)"}
{"time":"2026-06-02T05:00:16.929Z","level":"DEBUG","tag":"service-server:WebSocketHandler","msg":"요청 수신됨 [object Object]"}
{"time":"2026-06-02T05:00:16.930Z","level":"DEBUG","tag":"service-server:WebSocketHandler","msg":"요청 수신됨 [object Object]"}
{"time":"2026-06-02T05:00:16.934Z","level":"DEBUG","tag":"service-server:WebSocketHandler","msg":"응답 전송됨 (크기: 42)"}
{"time":"2026-06-02T05:00:16.934Z","level":"DEBUG","tag":"service-server:WebSocketHandler","msg":"응답 전송됨 (크기: 42)"}
{"time":"2026-06-02T05:00:16.938Z","level":"DEBUG","tag":"service-server:WebSocketHandler","msg":"요청 수신됨 [object Object]"}
{"time":"2026-06-02T05:00:16.939Z","level":"DEBUG","tag":"service-server:WebSocketHandler","msg":"요청 수신됨 [object Object]"}
{"time":"2026-06-02T05:00:16.941Z","level":"DEBUG","tag":"service-server:WebSocketHandler","msg":"응답 전송됨 (크기: 45)"}
{"time":"2026-06-02T05:00:16.941Z","level":"DEBUG","tag":"service-server:WebSocketHandler","msg":"응답 전송됨 (크기: 45)"}
{"time":"2026-06-02T05:00:16.945Z","level":"DEBUG","tag":"service-server:WebSocketHandler","msg":"요청 수신됨 [object Object]"}
{"time":"2026-06-02T05:00:16.945Z","level":"DEBUG","tag":"mysql-db-conn","msg":"쿼리 실행 [object Object]"}
{"time":"2026-06-02T05:00:16.946Z","level":"DEBUG","tag":"service-server:WebSocketHandler","msg":"요청 수신됨 [object Object]"}
{"time":"2026-06-02T05:00:16.946Z","level":"DEBUG","tag":"mysql-db-conn","msg":"쿼리 실행 [object Object]"}
{"time":"2026-06-02T05:00:16.947Z","level":"DEBUG","tag":"service-server:WebSocketHandler","msg":"응답 전송됨 (크기: 45)"}
{"time":"2026-06-02T05:00:16.948Z","level":"DEBUG","tag":"service-server:WebSocketHandler","msg":"응답 전송됨 (크기: 55)"}
{"time":"2026-06-02T05:00:16.951Z","level":"DEBUG","tag":"service-server:WebSocketHandler","msg":"요청 수신됨 [object Object]"}
{"time":"2026-06-02T05:00:16.952Z","level":"DEBUG","tag":"service-server:WebSocketHandler","msg":"요청 수신됨 [object Object]"}
{"time":"2026-06-02T05:00:16.952Z","level":"DEBUG","tag":"mysql-db-conn","msg":"쿼리 실행 [object Object]"}
{"time":"2026-06-02T05:00:16.953Z","level":"DEBUG","tag":"service-server:WebSocketHandler","msg":"응답 전송됨 (크기: 45)"}
{"time":"2026-06-02T05:00:16.955Z","level":"DEBUG","tag":"service-server:WebSocketHandler","msg":"응답 전송됨 (크기: 1993)"}
{"time":"2026-06-02T05:00:16.957Z","level":"DEBUG","tag":"service-server:WebSocketHandler","msg":"요청 수신됨 [object Object]"}
{"time":"2026-06-02T05:00:16.958Z","level":"DEBUG","tag":"service-server:WebSocketHandler","msg":"응답 전송됨 (크기: 45)"}
{"time":"2026-06-02T05:00:16.959Z","level":"DEBUG","tag":"service-server:WebSocketHandler","msg":"요청 수신됨 [object Object]"}
{"time":"2026-06-02T05:00:16.960Z","level":"DEBUG","tag":"service-server:WebSocketHandler","msg":"응답 전송됨 (크기: 45)"}
{"time":"2026-06-02T05:00:16.964Z","level":"DEBUG","tag":"service-server:WebSocketHandler","msg":"요청 수신됨 [object Object]"}
{"time":"2026-06-02T05:00:16.964Z","level":"DEBUG","tag":"service-server:WebSocketHandler","msg":"응답 전송됨 (크기: 45)"}
{"time":"2026-06-02T05:00:18.766Z","level":"DEBUG","tag":"service-server:WebSocketHandler","msg":"요청 수신됨 [object Object]"}
{"time":"2026-06-02T05:00:18.767Z","level":"DEBUG","tag":"service-server:WebSocketHandler","msg":"응답 전송됨 (크기: 79)"}
{"time":"2026-06-02T05:00:18.768Z","level":"DEBUG","tag":"service-server:WebSocketHandler","msg":"요청 수신됨 [object Object]"}
{"time":"2026-06-02T05:00:18.769Z","level":"DEBUG","tag":"service-server:WebSocketHandler","msg":"응답 전송됨 (크기: 79)"}
{"time":"2026-06-02T05:00:18.770Z","level":"DEBUG","tag":"service-server:WebSocketHandler","msg":"요청 수신됨 [object Object]"}
{"time":"2026-06-02T05:00:18.774Z","level":"DEBUG","tag":"service-server:WebSocketHandler","msg":"요청 수신됨 [object Object]"}
{"time":"2026-06-02T05:00:18.775Z","level":"DEBUG","tag":"service-server:WebSocketHandler","msg":"응답 전송됨 (크기: 42)"}
{"time":"2026-06-02T05:00:18.778Z","level":"DEBUG","tag":"service-server:WebSocketHandler","msg":"응답 전송됨 (크기: 42)"}
{"time":"2026-06-02T05:00:18.779Z","level":"DEBUG","tag":"service-server:WebSocketHandler","msg":"요청 수신됨 [object Object]"}
{"time":"2026-06-02T05:00:18.781Z","level":"DEBUG","tag":"service-server:WebSocketHandler","msg":"응답 전송됨 (크기: 45)"}
{"time":"2026-06-02T05:00:18.781Z","level":"DEBUG","tag":"service-server:WebSocketHandler","msg":"요청 수신됨 [object Object]"}
{"time":"2026-06-02T05:00:18.783Z","level":"DEBUG","tag":"service-server:WebSocketHandler","msg":"응답 전송됨 (크기: 45)"}
{"time":"2026-06-02T05:00:18.785Z","level":"DEBUG","tag":"service-server:WebSocketHandler","msg":"요청 수신됨 [object Object]"}
{"time":"2026-06-02T05:00:18.785Z","level":"DEBUG","tag":"mysql-db-conn","msg":"쿼리 실행 [object Object]"}
{"time":"2026-06-02T05:00:18.786Z","level":"DEBUG","tag":"service-server:WebSocketHandler","msg":"응답 전송됨 (크기: 45)"}
{"time":"2026-06-02T05:00:18.787Z","level":"DEBUG","tag":"service-server:WebSocketHandler","msg":"요청 수신됨 [object Object]"}
{"time":"2026-06-02T05:00:18.788Z","level":"DEBUG","tag":"mysql-db-conn","msg":"쿼리 실행 [object Object]"}
{"time":"2026-06-02T05:00:18.790Z","level":"DEBUG","tag":"service-server:WebSocketHandler","msg":"응답 전송됨 (크기: 77)"}
{"time":"2026-06-02T05:00:18.790Z","level":"DEBUG","tag":"service-server:WebSocketHandler","msg":"요청 수신됨 [object Object]"}
{"time":"2026-06-02T05:00:18.791Z","level":"DEBUG","tag":"service-server:WebSocketHandler","msg":"응답 전송됨 (크기: 45)"}
{"time":"2026-06-02T05:00:18.795Z","level":"DEBUG","tag":"service-server:WebSocketHandler","msg":"요청 수신됨 [object Object]"}
{"time":"2026-06-02T05:00:18.795Z","level":"DEBUG","tag":"mysql-db-conn","msg":"쿼리 실행 [object Object]"}
{"time":"2026-06-02T05:00:18.796Z","level":"DEBUG","tag":"service-server:WebSocketHandler","msg":"요청 수신됨 [object Object]"}
{"time":"2026-06-02T05:00:18.797Z","level":"DEBUG","tag":"service-server:WebSocketHandler","msg":"응답 전송됨 (크기: 45)"}
{"time":"2026-06-02T05:00:18.799Z","level":"DEBUG","tag":"service-server:WebSocketHandler","msg":"응답 전송됨 (크기: 1916)"}
{"time":"2026-06-02T05:00:18.804Z","level":"DEBUG","tag":"service-server:WebSocketHandler","msg":"요청 수신됨 [object Object]"}
{"time":"2026-06-02T05:00:18.804Z","level":"DEBUG","tag":"mysql-db-conn","msg":"쿼리 실행 [object Object]"}
{"time":"2026-06-02T05:00:18.810Z","level":"DEBUG","tag":"service-server:WebSocketHandler","msg":"응답 전송됨 (크기: 7447)"}
{"time":"2026-06-02T05:00:18.816Z","level":"DEBUG","tag":"service-server:WebSocketHandler","msg":"요청 수신됨 [object Object]"}
{"time":"2026-06-02T05:00:18.816Z","level":"DEBUG","tag":"mysql-db-conn","msg":"쿼리 실행 [object Object]"}
{"time":"2026-06-02T05:00:18.833Z","level":"DEBUG","tag":"service-server:WebSocketHandler","msg":"응답 전송됨 (크기: 35183)"}
{"time":"2026-06-02T05:00:18.862Z","level":"DEBUG","tag":"service-server:WebSocketHandler","msg":"요청 수신됨 [object Object]"}
{"time":"2026-06-02T05:00:18.864Z","level":"DEBUG","tag":"service-server:WebSocketHandler","msg":"응답 전송됨 (크기: 45)"}
{"time":"2026-06-02T05:00:18.867Z","level":"DEBUG","tag":"service-server:WebSocketHandler","msg":"요청 수신됨 [object Object]"}
{"time":"2026-06-02T05:00:18.867Z","level":"DEBUG","tag":"service-server:WebSocketHandler","msg":"응답 전송됨 (크기: 45)"}
{"time":"2026-06-02T05:00:24.512Z","level":"DEBUG","tag":"service-server:WebSocketHandler","msg":"요청 수신됨 [object Object]"}
{"time":"2026-06-02T05:00:24.512Z","level":"DEBUG","tag":"service-server:WebSocketHandler","msg":"응답 전송됨 (크기: 79)"}
{"time":"2026-06-02T05:00:24.519Z","level":"DEBUG","tag":"service-server:WebSocketHandler","msg":"요청 수신됨 [object Object]"}
{"time":"2026-06-02T05:00:24.526Z","level":"DEBUG","tag":"service-server:WebSocketHandler","msg":"응답 전송됨 (크기: 42)"}
{"time":"2026-06-02T05:00:24.529Z","level":"DEBUG","tag":"service-server:WebSocketHandler","msg":"요청 수신됨 [object Object]"}
{"time":"2026-06-02T05:00:24.531Z","level":"DEBUG","tag":"service-server:WebSocketHandler","msg":"응답 전송됨 (크기: 45)"}
{"time":"2026-06-02T05:00:24.535Z","level":"DEBUG","tag":"service-server:WebSocketHandler","msg":"요청 수신됨 [object Object]"}
{"time":"2026-06-02T05:00:24.536Z","level":"DEBUG","tag":"mysql-db-conn","msg":"쿼리 실행 [object Object]"}
{"time":"2026-06-02T05:00:24.539Z","level":"DEBUG","tag":"service-server:WebSocketHandler","msg":"응답 전송됨 (크기: 1659)"}
{"time":"2026-06-02T05:00:24.542Z","level":"DEBUG","tag":"service-server:WebSocketHandler","msg":"요청 수신됨 [object Object]"}
{"time":"2026-06-02T05:00:24.543Z","level":"DEBUG","tag":"service-server:WebSocketHandler","msg":"응답 전송됨 (크기: 45)"}
{"time":"2026-06-02T05:00:24.547Z","level":"DEBUG","tag":"service-server:WebSocketHandler","msg":"요청 수신됨 [object Object]"}
{"time":"2026-06-02T05:00:24.548Z","level":"DEBUG","tag":"service-server:WebSocketHandler","msg":"응답 전송됨 (크기: 45)"}
{"time":"2026-06-02T05:00:24.551Z","level":"DEBUG","tag":"service-server:WebSocketHandler","msg":"요청 수신됨 [object Object]"}
{"time":"2026-06-02T05:00:24.552Z","level":"DEBUG","tag":"service-server:WebSocketHandler","msg":"응답 전송됨 (크기: 40)"}
{"time":"2026-06-02T05:00:25.270Z","level":"DEBUG","tag":"service-server:WebSocketHandler","msg":"요청 수신됨 [object Object]"}
{"time":"2026-06-02T05:00:25.270Z","level":"DEBUG","tag":"service-server:WebSocketHandler","msg":"응답 전송됨 (크기: 79)"}
{"time":"2026-06-02T05:00:25.274Z","level":"DEBUG","tag":"service-server:WebSocketHandler","msg":"요청 수신됨 [object Object]"}
{"time":"2026-06-02T05:00:25.279Z","level":"DEBUG","tag":"service-server:WebSocketHandler","msg":"응답 전송됨 (크기: 42)"}
{"time":"2026-06-02T05:00:25.283Z","level":"DEBUG","tag":"service-server:WebSocketHandler","msg":"요청 수신됨 [object Object]"}
{"time":"2026-06-02T05:00:25.285Z","level":"DEBUG","tag":"service-server:WebSocketHandler","msg":"응답 전송됨 (크기: 45)"}
{"time":"2026-06-02T05:00:25.290Z","level":"DEBUG","tag":"service-server:WebSocketHandler","msg":"요청 수신됨 [object Object]"}
{"time":"2026-06-02T05:00:25.290Z","level":"DEBUG","tag":"mysql-db-conn","msg":"쿼리 실행 [object Object]"}
{"time":"2026-06-02T05:00:25.293Z","level":"DEBUG","tag":"service-server:WebSocketHandler","msg":"응답 전송됨 (크기: 4885)"}
{"time":"2026-06-02T05:00:25.298Z","level":"DEBUG","tag":"service-server:WebSocketHandler","msg":"요청 수신됨 [object Object]"}
{"time":"2026-06-02T05:00:25.299Z","level":"DEBUG","tag":"service-server:WebSocketHandler","msg":"응답 전송됨 (크기: 45)"}
{"time":"2026-06-02T05:00:25.302Z","level":"DEBUG","tag":"service-server:WebSocketHandler","msg":"요청 수신됨 [object Object]"}
{"time":"2026-06-02T05:00:25.303Z","level":"DEBUG","tag":"service-server:WebSocketHandler","msg":"응답 전송됨 (크기: 45)"}
{"time":"2026-06-02T05:00:28.937Z","level":"DEBUG","tag":"service-server:WebSocketHandler","msg":"요청 수신됨 [object Object]"}
{"time":"2026-06-02T05:00:28.937Z","level":"DEBUG","tag":"service-server:WebSocketHandler","msg":"응답 전송됨 (크기: 79)"}
{"time":"2026-06-02T05:00:28.949Z","level":"DEBUG","tag":"service-server:WebSocketHandler","msg":"요청 수신됨 [object Object]"}
{"time":"2026-06-02T05:00:28.954Z","level":"DEBUG","tag":"service-server:WebSocketHandler","msg":"응답 전송됨 (크기: 42)"}
{"time":"2026-06-02T05:00:28.957Z","level":"DEBUG","tag":"service-server:WebSocketHandler","msg":"요청 수신됨 [object Object]"}
{"time":"2026-06-02T05:00:28.960Z","level":"DEBUG","tag":"service-server:WebSocketHandler","msg":"응답 전송됨 (크기: 45)"}
{"time":"2026-06-02T05:00:28.964Z","level":"DEBUG","tag":"service-server:WebSocketHandler","msg":"요청 수신됨 [object Object]"}
{"time":"2026-06-02T05:00:28.965Z","level":"DEBUG","tag":"mysql-db-conn","msg":"쿼리 실행 [object Object]"}
{"time":"2026-06-02T05:00:28.968Z","level":"DEBUG","tag":"service-server:WebSocketHandler","msg":"응답 전송됨 (크기: 45)"}
{"time":"2026-06-02T05:00:28.974Z","level":"DEBUG","tag":"service-server:WebSocketHandler","msg":"요청 수신됨 [object Object]"}
{"time":"2026-06-02T05:00:28.974Z","level":"DEBUG","tag":"mysql-db-conn","msg":"쿼리 실행 [object Object]"}
{"time":"2026-06-02T05:00:28.976Z","level":"DEBUG","tag":"service-server:WebSocketHandler","msg":"응답 전송됨 (크기: 45)"}
{"time":"2026-06-02T05:00:28.980Z","level":"DEBUG","tag":"service-server:WebSocketHandler","msg":"요청 수신됨 [object Object]"}
{"time":"2026-06-02T05:00:28.981Z","level":"DEBUG","tag":"mysql-db-conn","msg":"쿼리 실행 [object Object]"}
{"time":"2026-06-02T05:00:28.982Z","level":"DEBUG","tag":"service-server:WebSocketHandler","msg":"응답 전송됨 (크기: 57)"}
{"time":"2026-06-02T05:00:28.986Z","level":"DEBUG","tag":"service-server:WebSocketHandler","msg":"요청 수신됨 [object Object]"}
{"time":"2026-06-02T05:00:28.990Z","level":"DEBUG","tag":"service-server:WebSocketHandler","msg":"응답 전송됨 (크기: 45)"}
{"time":"2026-06-02T05:00:28.993Z","level":"DEBUG","tag":"service-server:WebSocketHandler","msg":"요청 수신됨 [object Object]"}
{"time":"2026-06-02T05:00:28.993Z","level":"DEBUG","tag":"service-server:WebSocketHandler","msg":"응답 전송됨 (크기: 45)"}
{"time":"2026-06-02T05:00:28.997Z","level":"DEBUG","tag":"service-server:WebSocketHandler","msg":"요청 수신됨 [object Object]"}
{"time":"2026-06-02T05:00:28.997Z","level":"DEBUG","tag":"service-server:WebSocketHandler","msg":"응답 전송됨 (크기: 109)"}
{"time":"2026-06-02T05:00:29.001Z","level":"DEBUG","tag":"service-server:WebSocketHandler","msg":"요청 수신됨 [object Object]"}
{"time":"2026-06-02T05:00:29.001Z","level":"DEBUG","tag":"service-server:WebSocketHandler","msg":"응답 전송됨 (크기: 40)"}
{"time":"2026-06-02T05:00:29.005Z","level":"DEBUG","tag":"service-server:WebSocketHandler","msg":"요청 수신됨 [object Object]"}
{"time":"2026-06-02T05:00:29.006Z","level":"DEBUG","tag":"service-server:WebSocketHandler","msg":"요청 수신됨 [object Object]"}
{"time":"2026-06-02T05:00:29.006Z","level":"DEBUG","tag":"service-server:WebSocketHandler","msg":"응답 전송됨 (크기: 79)"}
{"time":"2026-06-02T05:00:29.008Z","level":"DEBUG","tag":"mysql-db-conn","msg":"쿼리 실행 [object Object]"}
{"time":"2026-06-02T05:00:29.011Z","level":"DEBUG","tag":"service-server:WebSocketHandler","msg":"요청 수신됨 [object Object]"}
{"time":"2026-06-02T05:00:29.021Z","level":"DEBUG","tag":"service-server:WebSocketHandler","msg":"응답 전송됨 (크기: 6015)"}
{"time":"2026-06-02T05:00:29.021Z","level":"DEBUG","tag":"service-server:WebSocketHandler","msg":"응답 전송됨 (크기: 42)"}
{"time":"2026-06-02T05:00:29.025Z","level":"DEBUG","tag":"service-server:WebSocketHandler","msg":"요청 수신됨 [object Object]"}
{"time":"2026-06-02T05:00:29.025Z","level":"DEBUG","tag":"service-server:WebSocketHandler","msg":"요청 수신됨 [object Object]"}
{"time":"2026-06-02T05:00:29.026Z","level":"DEBUG","tag":"service-server:WebSocketHandler","msg":"응답 전송됨 (크기: 40)"}
{"time":"2026-06-02T05:00:29.026Z","level":"DEBUG","tag":"service-server:WebSocketHandler","msg":"응답 전송됨 (크기: 45)"}
{"time":"2026-06-02T05:00:29.030Z","level":"DEBUG","tag":"service-server:WebSocketHandler","msg":"요청 수신됨 [object Object]"}
{"time":"2026-06-02T05:00:29.030Z","level":"DEBUG","tag":"service-server:WebSocketHandler","msg":"응답 전송됨 (크기: 40)"}
{"time":"2026-06-02T05:00:29.030Z","level":"DEBUG","tag":"service-server:WebSocketHandler","msg":"요청 수신됨 [object Object]"}
{"time":"2026-06-02T05:00:29.031Z","level":"DEBUG","tag":"service-server:WebSocketHandler","msg":"응답 전송됨 (크기: 79)"}
{"time":"2026-06-02T05:00:29.037Z","level":"DEBUG","tag":"service-server:WebSocketHandler","msg":"요청 수신됨 [object Object]"}
{"time":"2026-06-02T05:00:29.037Z","level":"DEBUG","tag":"mysql-db-conn","msg":"쿼리 실행 [object Object]"}
{"time":"2026-06-02T05:00:29.037Z","level":"DEBUG","tag":"service-server:WebSocketHandler","msg":"요청 수신됨 [object Object]"}
{"time":"2026-06-02T05:00:29.037Z","level":"DEBUG","tag":"service-server:WebSocketHandler","msg":"요청 수신됨 [object Object]"}
{"time":"2026-06-02T05:00:29.037Z","level":"DEBUG","tag":"service-server:WebSocketHandler","msg":"응답 전송됨 (크기: 40)"}
{"time":"2026-06-02T05:00:29.038Z","level":"DEBUG","tag":"service-server:WebSocketHandler","msg":"응답 전송됨 (크기: 5091)"}
{"time":"2026-06-02T05:00:29.039Z","level":"DEBUG","tag":"service-server:WebSocketHandler","msg":"응답 전송됨 (크기: 42)"}
{"time":"2026-06-02T05:00:29.041Z","level":"DEBUG","tag":"service-server:WebSocketHandler","msg":"요청 수신됨 [object Object]"}
{"time":"2026-06-02T05:00:29.041Z","level":"DEBUG","tag":"service-server:WebSocketHandler","msg":"응답 전송됨 (크기: 40)"}
{"time":"2026-06-02T05:00:29.043Z","level":"DEBUG","tag":"service-server:WebSocketHandler","msg":"요청 수신됨 [object Object]"}
{"time":"2026-06-02T05:00:29.043Z","level":"DEBUG","tag":"service-server:WebSocketHandler","msg":"응답 전송됨 (크기: 79)"}
{"time":"2026-06-02T05:00:29.044Z","level":"DEBUG","tag":"service-server:WebSocketHandler","msg":"요청 수신됨 [object Object]"}
{"time":"2026-06-02T05:00:29.044Z","level":"DEBUG","tag":"service-server:WebSocketHandler","msg":"요청 수신됨 [object Object]"}
{"time":"2026-06-02T05:00:29.044Z","level":"DEBUG","tag":"service-server:WebSocketHandler","msg":"응답 전송됨 (크기: 45)"}
{"time":"2026-06-02T05:00:29.045Z","level":"DEBUG","tag":"service-server:WebSocketHandler","msg":"응답 전송됨 (크기: 45)"}
{"time":"2026-06-02T05:00:29.047Z","level":"DEBUG","tag":"service-server:WebSocketHandler","msg":"요청 수신됨 [object Object]"}
{"time":"2026-06-02T05:00:29.048Z","level":"DEBUG","tag":"service-server:WebSocketHandler","msg":"응답 전송됨 (크기: 42)"}
{"time":"2026-06-02T05:00:29.048Z","level":"DEBUG","tag":"service-server:WebSocketHandler","msg":"요청 수신됨 [object Object]"}
{"time":"2026-06-02T05:00:29.048Z","level":"DEBUG","tag":"service-server:WebSocketHandler","msg":"응답 전송됨 (크기: 45)"}
{"time":"2026-06-02T05:00:29.081Z","level":"DEBUG","tag":"service-server:WebSocketHandler","msg":"요청 수신됨 [object Object]"}
{"time":"2026-06-02T05:00:29.082Z","level":"DEBUG","tag":"mysql-db-conn","msg":"쿼리 실행 [object Object]"}
{"time":"2026-06-02T05:00:29.082Z","level":"DEBUG","tag":"service-server:WebSocketHandler","msg":"요청 수신됨 [object Object]"}
{"time":"2026-06-02T05:00:29.084Z","level":"DEBUG","tag":"service-server:WebSocketHandler","msg":"응답 전송됨 (크기: 5091)"}
{"time":"2026-06-02T05:00:29.084Z","level":"DEBUG","tag":"service-server:WebSocketHandler","msg":"응답 전송됨 (크기: 45)"}
{"time":"2026-06-02T05:00:29.088Z","level":"DEBUG","tag":"service-server:WebSocketHandler","msg":"요청 수신됨 [object Object]"}
{"time":"2026-06-02T05:00:29.088Z","level":"DEBUG","tag":"service-server:WebSocketHandler","msg":"요청 수신됨 [object Object]"}
{"time":"2026-06-02T05:00:29.088Z","level":"DEBUG","tag":"mysql-db-conn","msg":"쿼리 실행 [object Object]"}
{"time":"2026-06-02T05:00:29.089Z","level":"DEBUG","tag":"service-server:WebSocketHandler","msg":"응답 전송됨 (크기: 45)"}
{"time":"2026-06-02T05:00:29.090Z","level":"DEBUG","tag":"service-server:WebSocketHandler","msg":"응답 전송됨 (크기: 5091)"}
{"time":"2026-06-02T05:00:29.092Z","level":"DEBUG","tag":"service-server:WebSocketHandler","msg":"요청 수신됨 [object Object]"}
{"time":"2026-06-02T05:00:29.093Z","level":"DEBUG","tag":"service-server:WebSocketHandler","msg":"응답 전송됨 (크기: 45)"}
{"time":"2026-06-02T05:00:29.094Z","level":"DEBUG","tag":"service-server:WebSocketHandler","msg":"요청 수신됨 [object Object]"}
{"time":"2026-06-02T05:00:29.094Z","level":"DEBUG","tag":"service-server:WebSocketHandler","msg":"응답 전송됨 (크기: 45)"}
{"time":"2026-06-02T05:00:29.098Z","level":"DEBUG","tag":"service-server:WebSocketHandler","msg":"요청 수신됨 [object Object]"}
{"time":"2026-06-02T05:00:29.098Z","level":"DEBUG","tag":"service-server:WebSocketHandler","msg":"응답 전송됨 (크기: 45)"}
{"time":"2026-06-02T05:00:31.579Z","level":"DEBUG","tag":"service-server:WebSocketHandler","msg":"요청 수신됨 [object Object]"}
{"time":"2026-06-02T05:00:31.579Z","level":"DEBUG","tag":"service-server:WebSocketHandler","msg":"요청 수신됨 [object Object]"}
{"time":"2026-06-02T05:00:31.580Z","level":"DEBUG","tag":"service-server:WebSocketHandler","msg":"응답 전송됨 (크기: 79)"}
{"time":"2026-06-02T05:00:31.580Z","level":"DEBUG","tag":"service-server:WebSocketHandler","msg":"응답 전송됨 (크기: 79)"}
{"time":"2026-06-02T05:00:31.586Z","level":"DEBUG","tag":"service-server:WebSocketHandler","msg":"요청 수신됨 [object Object]"}
{"time":"2026-06-02T05:00:31.587Z","level":"DEBUG","tag":"service-server:WebSocketHandler","msg":"응답 전송됨 (크기: 79)"}
{"time":"2026-06-02T05:00:31.593Z","level":"DEBUG","tag":"service-server:WebSocketHandler","msg":"요청 수신됨 [object Object]"}
{"time":"2026-06-02T05:00:31.594Z","level":"DEBUG","tag":"service-server:WebSocketHandler","msg":"요청 수신됨 [object Object]"}
{"time":"2026-06-02T05:00:31.594Z","level":"DEBUG","tag":"service-server:WebSocketHandler","msg":"요청 수신됨 [object Object]"}
{"time":"2026-06-02T05:00:31.603Z","level":"DEBUG","tag":"service-server:WebSocketHandler","msg":"응답 전송됨 (크기: 42)"}
{"time":"2026-06-02T05:00:31.604Z","level":"DEBUG","tag":"service-server:WebSocketHandler","msg":"응답 전송됨 (크기: 42)"}
{"time":"2026-06-02T05:00:31.604Z","level":"DEBUG","tag":"service-server:WebSocketHandler","msg":"응답 전송됨 (크기: 42)"}
{"time":"2026-06-02T05:00:31.607Z","level":"DEBUG","tag":"service-server:WebSocketHandler","msg":"요청 수신됨 [object Object]"}
{"time":"2026-06-02T05:00:31.608Z","level":"DEBUG","tag":"service-server:WebSocketHandler","msg":"요청 수신됨 [object Object]"}
{"time":"2026-06-02T05:00:31.609Z","level":"DEBUG","tag":"service-server:WebSocketHandler","msg":"요청 수신됨 [object Object]"}
{"time":"2026-06-02T05:00:31.611Z","level":"DEBUG","tag":"service-server:WebSocketHandler","msg":"응답 전송됨 (크기: 45)"}
{"time":"2026-06-02T05:00:31.611Z","level":"DEBUG","tag":"service-server:WebSocketHandler","msg":"응답 전송됨 (크기: 45) (repeated 2 times)"}
{"time":"2026-06-02T05:00:31.615Z","level":"DEBUG","tag":"service-server:WebSocketHandler","msg":"요청 수신됨 [object Object]"}
{"time":"2026-06-02T05:00:31.616Z","level":"DEBUG","tag":"mysql-db-conn","msg":"쿼리 실행 [object Object]"}
{"time":"2026-06-02T05:00:31.617Z","level":"DEBUG","tag":"service-server:WebSocketHandler","msg":"요청 수신됨 [object Object]"}
{"time":"2026-06-02T05:00:31.617Z","level":"DEBUG","tag":"mysql-db-conn","msg":"쿼리 실행 [object Object]"}
{"time":"2026-06-02T05:00:31.618Z","level":"DEBUG","tag":"service-server:WebSocketHandler","msg":"요청 수신됨 [object Object]"}
{"time":"2026-06-02T05:00:31.618Z","level":"DEBUG","tag":"mysql-db-conn","msg":"쿼리 실행 [object Object]"}
{"time":"2026-06-02T05:00:31.621Z","level":"DEBUG","tag":"service-server:WebSocketHandler","msg":"응답 전송됨 (크기: 1312)"}
{"time":"2026-06-02T05:00:31.621Z","level":"DEBUG","tag":"service-server:WebSocketHandler","msg":"응답 전송됨 (크기: 7956)"}
{"time":"2026-06-02T05:00:31.622Z","level":"DEBUG","tag":"service-server:WebSocketHandler","msg":"응답 전송됨 (크기: 45)"}
{"time":"2026-06-02T05:00:31.624Z","level":"DEBUG","tag":"service-server:WebSocketHandler","msg":"요청 수신됨 [object Object]"}
{"time":"2026-06-02T05:00:31.625Z","level":"DEBUG","tag":"service-server:WebSocketHandler","msg":"응답 전송됨 (크기: 45)"}
{"time":"2026-06-02T05:00:31.625Z","level":"DEBUG","tag":"service-server:WebSocketHandler","msg":"요청 수신됨 [object Object]"}
{"time":"2026-06-02T05:00:31.625Z","level":"DEBUG","tag":"service-server:WebSocketHandler","msg":"요청 수신됨 [object Object]"}
{"time":"2026-06-02T05:00:31.626Z","level":"DEBUG","tag":"service-server:WebSocketHandler","msg":"응답 전송됨 (크기: 45)"}
{"time":"2026-06-02T05:00:31.626Z","level":"DEBUG","tag":"service-server:WebSocketHandler","msg":"응답 전송됨 (크기: 45)"}
{"time":"2026-06-02T05:00:31.628Z","level":"DEBUG","tag":"service-server:WebSocketHandler","msg":"요청 수신됨 [object Object]"}
{"time":"2026-06-02T05:00:31.628Z","level":"DEBUG","tag":"service-server:WebSocketHandler","msg":"응답 전송됨 (크기: 45)"}
{"time":"2026-06-02T05:00:31.629Z","level":"DEBUG","tag":"service-server:WebSocketHandler","msg":"요청 수신됨 [object Object]"}
{"time":"2026-06-02T05:00:31.629Z","level":"DEBUG","tag":"service-server:WebSocketHandler","msg":"요청 수신됨 [object Object]"}
{"time":"2026-06-02T05:00:31.629Z","level":"DEBUG","tag":"service-server:WebSocketHandler","msg":"응답 전송됨 (크기: 45)"}
{"time":"2026-06-02T05:00:31.629Z","level":"DEBUG","tag":"service-server:WebSocketHandler","msg":"응답 전송됨 (크기: 45)"}
{"time":"2026-06-02T05:00:31.632Z","level":"DEBUG","tag":"service-server:WebSocketHandler","msg":"요청 수신됨 [object Object]"}
{"time":"2026-06-02T05:00:31.632Z","level":"DEBUG","tag":"service-server:WebSocketHandler","msg":"응답 전송됨 (크기: 40)"}
{"time":"2026-06-02T05:00:31.632Z","level":"DEBUG","tag":"service-server:WebSocketHandler","msg":"요청 수신됨 [object Object]"}
{"time":"2026-06-02T05:00:31.633Z","level":"DEBUG","tag":"service-server:WebSocketHandler","msg":"응답 전송됨 (크기: 40)"}
{"time":"2026-06-02T05:00:31.691Z","level":"DEBUG","tag":"service-server:WebSocketHandler","msg":"요청 수신됨 [object Object]"}
{"time":"2026-06-02T05:00:31.691Z","level":"DEBUG","tag":"service-server:WebSocketHandler","msg":"응답 전송됨 (크기: 79)"}
{"time":"2026-06-02T05:00:31.695Z","level":"DEBUG","tag":"service-server:WebSocketHandler","msg":"요청 수신됨 [object Object]"}
{"time":"2026-06-02T05:00:31.699Z","level":"DEBUG","tag":"service-server:WebSocketHandler","msg":"응답 전송됨 (크기: 42)"}
{"time":"2026-06-02T05:00:31.702Z","level":"DEBUG","tag":"service-server:WebSocketHandler","msg":"요청 수신됨 [object Object]"}
{"time":"2026-06-02T05:00:31.704Z","level":"DEBUG","tag":"service-server:WebSocketHandler","msg":"응답 전송됨 (크기: 45)"}
{"time":"2026-06-02T05:00:31.709Z","level":"DEBUG","tag":"service-server:WebSocketHandler","msg":"요청 수신됨 [object Object]"}
{"time":"2026-06-02T05:00:31.709Z","level":"DEBUG","tag":"mysql-db-conn","msg":"쿼리 실행 [object Object]"}
{"time":"2026-06-02T05:00:31.712Z","level":"DEBUG","tag":"service-server:WebSocketHandler","msg":"응답 전송됨 (크기: 55)"}
{"time":"2026-06-02T05:00:31.717Z","level":"DEBUG","tag":"service-server:WebSocketHandler","msg":"요청 수신됨 [object Object]"}
{"time":"2026-06-02T05:00:31.719Z","level":"DEBUG","tag":"mysql-db-conn","msg":"쿼리 실행 [object Object]"}
{"time":"2026-06-02T05:00:31.733Z","level":"DEBUG","tag":"service-server:WebSocketHandler","msg":"응답 전송됨 (크기: 23162)"}
{"time":"2026-06-02T05:00:31.738Z","level":"DEBUG","tag":"service-server:WebSocketHandler","msg":"요청 수신됨 [object Object]"}
{"time":"2026-06-02T05:00:31.738Z","level":"DEBUG","tag":"service-server:WebSocketHandler","msg":"응답 전송됨 (크기: 45)"}
{"time":"2026-06-02T05:00:31.742Z","level":"DEBUG","tag":"service-server:WebSocketHandler","msg":"요청 수신됨 [object Object]"}
{"time":"2026-06-02T05:00:31.742Z","level":"DEBUG","tag":"service-server:WebSocketHandler","msg":"응답 전송됨 (크기: 45)"}
{"time":"2026-06-02T05:00:33.567Z","level":"DEBUG","tag":"service-server:WebSocketHandler","msg":"요청 수신됨 [object Object]"}
{"time":"2026-06-02T05:00:33.567Z","level":"DEBUG","tag":"service-server:WebSocketHandler","msg":"응답 전송됨 (크기: 79)"}
{"time":"2026-06-02T05:00:33.569Z","level":"DEBUG","tag":"service-server:WebSocketHandler","msg":"요청 수신됨 [object Object]"}
{"time":"2026-06-02T05:00:33.570Z","level":"DEBUG","tag":"service-server:WebSocketHandler","msg":"응답 전송됨 (크기: 79)"}
{"time":"2026-06-02T05:00:33.572Z","level":"DEBUG","tag":"service-server:WebSocketHandler","msg":"요청 수신됨 [object Object]"}
{"time":"2026-06-02T05:00:33.573Z","level":"DEBUG","tag":"service-server:WebSocketHandler","msg":"요청 수신됨 [object Object]"}
{"time":"2026-06-02T05:00:33.583Z","level":"DEBUG","tag":"service-server:WebSocketHandler","msg":"응답 전송됨 (크기: 42)"}
{"time":"2026-06-02T05:00:33.583Z","level":"DEBUG","tag":"service-server:WebSocketHandler","msg":"응답 전송됨 (크기: 42)"}
{"time":"2026-06-02T05:00:33.586Z","level":"DEBUG","tag":"service-server:WebSocketHandler","msg":"요청 수신됨 [object Object]"}
{"time":"2026-06-02T05:00:33.587Z","level":"DEBUG","tag":"service-server:WebSocketHandler","msg":"응답 전송됨 (크기: 45)"}
{"time":"2026-06-02T05:00:33.587Z","level":"DEBUG","tag":"service-server:WebSocketHandler","msg":"요청 수신됨 [object Object]"}
{"time":"2026-06-02T05:00:33.587Z","level":"DEBUG","tag":"service-server:WebSocketHandler","msg":"응답 전송됨 (크기: 45)"}
{"time":"2026-06-02T05:00:33.592Z","level":"DEBUG","tag":"service-server:WebSocketHandler","msg":"요청 수신됨 [object Object]"}
{"time":"2026-06-02T05:00:33.592Z","level":"DEBUG","tag":"mysql-db-conn","msg":"쿼리 실행 [object Object]"}
{"time":"2026-06-02T05:00:33.592Z","level":"DEBUG","tag":"service-server:WebSocketHandler","msg":"요청 수신됨 [object Object]"}
{"time":"2026-06-02T05:00:33.593Z","level":"DEBUG","tag":"mysql-db-conn","msg":"쿼리 실행 [object Object]"}
{"time":"2026-06-02T05:00:33.594Z","level":"DEBUG","tag":"service-server:WebSocketHandler","msg":"응답 전송됨 (크기: 45)"}
{"time":"2026-06-02T05:00:33.594Z","level":"DEBUG","tag":"service-server:WebSocketHandler","msg":"응답 전송됨 (크기: 54)"}
{"time":"2026-06-02T05:00:33.597Z","level":"DEBUG","tag":"service-server:WebSocketHandler","msg":"요청 수신됨 [object Object]"}
{"time":"2026-06-02T05:00:33.597Z","level":"DEBUG","tag":"service-server:WebSocketHandler","msg":"요청 수신됨 [object Object]"}
{"time":"2026-06-02T05:00:33.598Z","level":"DEBUG","tag":"mysql-db-conn","msg":"쿼리 실행 [object Object]"}
{"time":"2026-06-02T05:00:33.598Z","level":"DEBUG","tag":"service-server:WebSocketHandler","msg":"응답 전송됨 (크기: 45)"}
{"time":"2026-06-02T05:00:33.598Z","level":"DEBUG","tag":"service-server:WebSocketHandler","msg":"응답 전송됨 (크기: 45)"}
{"time":"2026-06-02T05:00:33.601Z","level":"DEBUG","tag":"service-server:WebSocketHandler","msg":"요청 수신됨 [object Object]"}
{"time":"2026-06-02T05:00:33.601Z","level":"DEBUG","tag":"service-server:WebSocketHandler","msg":"응답 전송됨 (크기: 45)"}
{"time":"2026-06-02T05:00:33.602Z","level":"DEBUG","tag":"service-server:WebSocketHandler","msg":"요청 수신됨 [object Object]"}
{"time":"2026-06-02T05:00:33.602Z","level":"DEBUG","tag":"service-server:WebSocketHandler","msg":"응답 전송됨 (크기: 45)"}
{"time":"2026-06-02T05:00:33.605Z","level":"DEBUG","tag":"service-server:WebSocketHandler","msg":"요청 수신됨 [object Object]"}
{"time":"2026-06-02T05:00:33.605Z","level":"DEBUG","tag":"service-server:WebSocketHandler","msg":"응답 전송됨 (크기: 45)"}
{"time":"2026-06-02T05:00:34.287Z","level":"DEBUG","tag":"service-server:WebSocketHandler","msg":"요청 수신됨 [object Object]"}
{"time":"2026-06-02T05:00:34.288Z","level":"DEBUG","tag":"service-server:WebSocketHandler","msg":"응답 전송됨 (크기: 79)"}
{"time":"2026-06-02T05:00:34.291Z","level":"DEBUG","tag":"service-server:WebSocketHandler","msg":"요청 수신됨 [object Object]"}
{"time":"2026-06-02T05:00:34.291Z","level":"DEBUG","tag":"service-server:WebSocketHandler","msg":"응답 전송됨 (크기: 79)"}
{"time":"2026-06-02T05:00:34.292Z","level":"DEBUG","tag":"service-server:WebSocketHandler","msg":"요청 수신됨 [object Object]"}
{"time":"2026-06-02T05:00:34.295Z","level":"DEBUG","tag":"service-server:WebSocketHandler","msg":"요청 수신됨 [object Object]"}
{"time":"2026-06-02T05:00:34.297Z","level":"DEBUG","tag":"service-server:WebSocketHandler","msg":"응답 전송됨 (크기: 42)"}
{"time":"2026-06-02T05:00:34.299Z","level":"DEBUG","tag":"service-server:WebSocketHandler","msg":"응답 전송됨 (크기: 42)"}
{"time":"2026-06-02T05:00:34.300Z","level":"DEBUG","tag":"service-server:WebSocketHandler","msg":"요청 수신됨 [object Object]"}
{"time":"2026-06-02T05:00:34.302Z","level":"DEBUG","tag":"service-server:WebSocketHandler","msg":"응답 전송됨 (크기: 45)"}
{"time":"2026-06-02T05:00:34.303Z","level":"DEBUG","tag":"service-server:WebSocketHandler","msg":"요청 수신됨 [object Object]"}
{"time":"2026-06-02T05:00:34.305Z","level":"DEBUG","tag":"service-server:WebSocketHandler","msg":"응답 전송됨 (크기: 45)"}
{"time":"2026-06-02T05:00:34.306Z","level":"DEBUG","tag":"service-server:WebSocketHandler","msg":"요청 수신됨 [object Object]"}
{"time":"2026-06-02T05:00:34.306Z","level":"DEBUG","tag":"mysql-db-conn","msg":"쿼리 실행 [object Object]"}
{"time":"2026-06-02T05:00:34.308Z","level":"DEBUG","tag":"service-server:WebSocketHandler","msg":"응답 전송됨 (크기: 45)"}
{"time":"2026-06-02T05:00:34.309Z","level":"DEBUG","tag":"service-server:WebSocketHandler","msg":"요청 수신됨 [object Object]"}
{"time":"2026-06-02T05:00:34.309Z","level":"DEBUG","tag":"mysql-db-conn","msg":"쿼리 실행 [object Object]"}
{"time":"2026-06-02T05:00:34.310Z","level":"DEBUG","tag":"service-server:WebSocketHandler","msg":"응답 전송됨 (크기: 55)"}
{"time":"2026-06-02T05:00:34.311Z","level":"DEBUG","tag":"service-server:WebSocketHandler","msg":"요청 수신됨 [object Object]"}
{"time":"2026-06-02T05:00:34.312Z","level":"DEBUG","tag":"service-server:WebSocketHandler","msg":"응답 전송됨 (크기: 45)"}
{"time":"2026-06-02T05:00:34.314Z","level":"DEBUG","tag":"service-server:WebSocketHandler","msg":"요청 수신됨 [object Object]"}
{"time":"2026-06-02T05:00:34.314Z","level":"DEBUG","tag":"mysql-db-conn","msg":"쿼리 실행 [object Object]"}
{"time":"2026-06-02T05:00:34.317Z","level":"DEBUG","tag":"service-server:WebSocketHandler","msg":"응답 전송됨 (크기: 1993)"}
{"time":"2026-06-02T05:00:34.317Z","level":"DEBUG","tag":"service-server:WebSocketHandler","msg":"요청 수신됨 [object Object]"}
{"time":"2026-06-02T05:00:34.318Z","level":"DEBUG","tag":"service-server:WebSocketHandler","msg":"응답 전송됨 (크기: 45)"}
{"time":"2026-06-02T05:00:34.321Z","level":"DEBUG","tag":"service-server:WebSocketHandler","msg":"요청 수신됨 [object Object]"}
{"time":"2026-06-02T05:00:34.322Z","level":"DEBUG","tag":"service-server:WebSocketHandler","msg":"응답 전송됨 (크기: 45)"}
{"time":"2026-06-02T05:00:34.326Z","level":"DEBUG","tag":"service-server:WebSocketHandler","msg":"요청 수신됨 [object Object]"}
{"time":"2026-06-02T05:00:34.326Z","level":"DEBUG","tag":"service-server:WebSocketHandler","msg":"응답 전송됨 (크기: 45)"}
{"time":"2026-06-02T05:00:34.971Z","level":"DEBUG","tag":"service-server:WebSocketHandler","msg":"요청 수신됨 [object Object]"}
{"time":"2026-06-02T05:00:34.972Z","level":"DEBUG","tag":"service-server:WebSocketHandler","msg":"응답 전송됨 (크기: 79)"}
{"time":"2026-06-02T05:00:34.975Z","level":"DEBUG","tag":"service-server:WebSocketHandler","msg":"요청 수신됨 [object Object]"}
{"time":"2026-06-02T05:00:34.976Z","level":"DEBUG","tag":"service-server:WebSocketHandler","msg":"응답 전송됨 (크기: 79)"}
{"time":"2026-06-02T05:00:34.976Z","level":"DEBUG","tag":"service-server:WebSocketHandler","msg":"요청 수신됨 [object Object]"}
{"time":"2026-06-02T05:00:34.980Z","level":"DEBUG","tag":"service-server:WebSocketHandler","msg":"응답 전송됨 (크기: 42)"}
{"time":"2026-06-02T05:00:34.980Z","level":"DEBUG","tag":"service-server:WebSocketHandler","msg":"요청 수신됨 [object Object]"}
{"time":"2026-06-02T05:00:34.983Z","level":"DEBUG","tag":"service-server:WebSocketHandler","msg":"응답 전송됨 (크기: 42)"}
{"time":"2026-06-02T05:00:34.984Z","level":"DEBUG","tag":"service-server:WebSocketHandler","msg":"요청 수신됨 [object Object]"}
{"time":"2026-06-02T05:00:34.986Z","level":"DEBUG","tag":"service-server:WebSocketHandler","msg":"응답 전송됨 (크기: 45)"}
{"time":"2026-06-02T05:00:34.987Z","level":"DEBUG","tag":"service-server:WebSocketHandler","msg":"요청 수신됨 [object Object]"}
{"time":"2026-06-02T05:00:34.989Z","level":"DEBUG","tag":"service-server:WebSocketHandler","msg":"응답 전송됨 (크기: 45)"}
{"time":"2026-06-02T05:00:34.989Z","level":"DEBUG","tag":"service-server:WebSocketHandler","msg":"요청 수신됨 [object Object]"}
{"time":"2026-06-02T05:00:34.990Z","level":"DEBUG","tag":"mysql-db-conn","msg":"쿼리 실행 [object Object]"}
{"time":"2026-06-02T05:00:34.991Z","level":"DEBUG","tag":"service-server:WebSocketHandler","msg":"응답 전송됨 (크기: 45)"}
{"time":"2026-06-02T05:00:34.993Z","level":"DEBUG","tag":"service-server:WebSocketHandler","msg":"요청 수신됨 [object Object]"}
{"time":"2026-06-02T05:00:34.993Z","level":"DEBUG","tag":"mysql-db-conn","msg":"쿼리 실행 [object Object]"}
{"time":"2026-06-02T05:00:34.994Z","level":"DEBUG","tag":"service-server:WebSocketHandler","msg":"응답 전송됨 (크기: 54)"}
{"time":"2026-06-02T05:00:34.995Z","level":"DEBUG","tag":"service-server:WebSocketHandler","msg":"요청 수신됨 [object Object]"}
{"time":"2026-06-02T05:00:34.996Z","level":"DEBUG","tag":"service-server:WebSocketHandler","msg":"응답 전송됨 (크기: 45)"}
{"time":"2026-06-02T05:00:34.998Z","level":"DEBUG","tag":"service-server:WebSocketHandler","msg":"요청 수신됨 [object Object]"}
{"time":"2026-06-02T05:00:34.998Z","level":"DEBUG","tag":"mysql-db-conn","msg":"쿼리 실행 [object Object]"}
{"time":"2026-06-02T05:00:34.999Z","level":"DEBUG","tag":"service-server:WebSocketHandler","msg":"요청 수신됨 [object Object]"}
{"time":"2026-06-02T05:00:35.000Z","level":"DEBUG","tag":"service-server:WebSocketHandler","msg":"응답 전송됨 (크기: 45)"}
{"time":"2026-06-02T05:00:35.001Z","level":"DEBUG","tag":"service-server:WebSocketHandler","msg":"응답 전송됨 (크기: 45)"}
{"time":"2026-06-02T05:00:35.004Z","level":"DEBUG","tag":"service-server:WebSocketHandler","msg":"요청 수신됨 [object Object]"}
{"time":"2026-06-02T05:00:35.005Z","level":"DEBUG","tag":"service-server:WebSocketHandler","msg":"응답 전송됨 (크기: 45)"}
{"time":"2026-06-02T05:00:35.009Z","level":"DEBUG","tag":"service-server:WebSocketHandler","msg":"요청 수신됨 [object Object]"}
{"time":"2026-06-02T05:00:35.009Z","level":"DEBUG","tag":"service-server:WebSocketHandler","msg":"응답 전송됨 (크기: 45)"}
{"time":"2026-06-02T05:00:35.572Z","level":"DEBUG","tag":"service-server:WebSocketHandler","msg":"요청 수신됨 [object Object]"}
{"time":"2026-06-02T05:00:35.573Z","level":"DEBUG","tag":"service-server:WebSocketHandler","msg":"응답 전송됨 (크기: 79)"}
{"time":"2026-06-02T05:00:35.576Z","level":"DEBUG","tag":"service-server:WebSocketHandler","msg":"요청 수신됨 [object Object]"}
{"time":"2026-06-02T05:00:35.576Z","level":"DEBUG","tag":"service-server:WebSocketHandler","msg":"응답 전송됨 (크기: 79)"}
{"time":"2026-06-02T05:00:35.577Z","level":"DEBUG","tag":"service-server:WebSocketHandler","msg":"요청 수신됨 [object Object]"}
{"time":"2026-06-02T05:00:35.580Z","level":"DEBUG","tag":"service-server:WebSocketHandler","msg":"요청 수신됨 [object Object]"}
{"time":"2026-06-02T05:00:35.581Z","level":"DEBUG","tag":"service-server:WebSocketHandler","msg":"응답 전송됨 (크기: 42)"}
{"time":"2026-06-02T05:00:35.581Z","level":"DEBUG","tag":"service-server:WebSocketHandler","msg":"응답 전송됨 (크기: 42)"}
{"time":"2026-06-02T05:00:35.585Z","level":"DEBUG","tag":"service-server:WebSocketHandler","msg":"요청 수신됨 [object Object]"}
{"time":"2026-06-02T05:00:35.587Z","level":"DEBUG","tag":"service-server:WebSocketHandler","msg":"응답 전송됨 (크기: 45)"}
{"time":"2026-06-02T05:00:35.587Z","level":"DEBUG","tag":"service-server:WebSocketHandler","msg":"요청 수신됨 [object Object]"}
{"time":"2026-06-02T05:00:35.589Z","level":"DEBUG","tag":"service-server:WebSocketHandler","msg":"응답 전송됨 (크기: 45)"}
{"time":"2026-06-02T05:00:35.591Z","level":"DEBUG","tag":"service-server:WebSocketHandler","msg":"요청 수신됨 [object Object]"}
{"time":"2026-06-02T05:00:35.591Z","level":"DEBUG","tag":"mysql-db-conn","msg":"쿼리 실행 [object Object]"}
{"time":"2026-06-02T05:00:35.591Z","level":"DEBUG","tag":"service-server:WebSocketHandler","msg":"응답 전송됨 (크기: 45)"}
{"time":"2026-06-02T05:00:35.593Z","level":"DEBUG","tag":"service-server:WebSocketHandler","msg":"요청 수신됨 [object Object]"}
{"time":"2026-06-02T05:00:35.593Z","level":"DEBUG","tag":"mysql-db-conn","msg":"쿼리 실행 [object Object]"}
{"time":"2026-06-02T05:00:35.594Z","level":"DEBUG","tag":"service-server:WebSocketHandler","msg":"응답 전송됨 (크기: 55)"}
{"time":"2026-06-02T05:00:35.596Z","level":"DEBUG","tag":"service-server:WebSocketHandler","msg":"요청 수신됨 [object Object]"}
{"time":"2026-06-02T05:00:35.597Z","level":"DEBUG","tag":"service-server:WebSocketHandler","msg":"응답 전송됨 (크기: 45)"}
{"time":"2026-06-02T05:00:35.598Z","level":"DEBUG","tag":"service-server:WebSocketHandler","msg":"요청 수신됨 [object Object]"}
{"time":"2026-06-02T05:00:35.598Z","level":"DEBUG","tag":"mysql-db-conn","msg":"쿼리 실행 [object Object]"}
{"time":"2026-06-02T05:00:35.601Z","level":"DEBUG","tag":"service-server:WebSocketHandler","msg":"응답 전송됨 (크기: 3080)"}
{"time":"2026-06-02T05:00:35.602Z","level":"DEBUG","tag":"service-server:WebSocketHandler","msg":"요청 수신됨 [object Object]"}
{"time":"2026-06-02T05:00:35.602Z","level":"DEBUG","tag":"service-server:WebSocketHandler","msg":"응답 전송됨 (크기: 45)"}
{"time":"2026-06-02T05:00:35.605Z","level":"DEBUG","tag":"service-server:WebSocketHandler","msg":"요청 수신됨 [object Object]"}
{"time":"2026-06-02T05:00:35.606Z","level":"DEBUG","tag":"service-server:WebSocketHandler","msg":"응답 전송됨 (크기: 45)"}
{"time":"2026-06-02T05:00:35.610Z","level":"DEBUG","tag":"service-server:WebSocketHandler","msg":"요청 수신됨 [object Object]"}
{"time":"2026-06-02T05:00:35.610Z","level":"DEBUG","tag":"service-server:WebSocketHandler","msg":"응답 전송됨 (크기: 45)"}
{"time":"2026-06-02T05:00:39.221Z","level":"DEBUG","tag":"service-server:WebSocketHandler","msg":"요청 수신됨 [object Object]"}
{"time":"2026-06-02T05:00:39.221Z","level":"DEBUG","tag":"service-server:WebSocketHandler","msg":"응답 전송됨 (크기: 79)"}
{"time":"2026-06-02T05:00:39.231Z","level":"DEBUG","tag":"service-server:WebSocketHandler","msg":"요청 수신됨 [object Object]"}
{"time":"2026-06-02T05:00:39.234Z","level":"DEBUG","tag":"service-server:WebSocketHandler","msg":"응답 전송됨 (크기: 42)"}
{"time":"2026-06-02T05:00:39.238Z","level":"DEBUG","tag":"service-server:WebSocketHandler","msg":"요청 수신됨 [object Object]"}
{"time":"2026-06-02T05:00:39.240Z","level":"DEBUG","tag":"service-server:WebSocketHandler","msg":"응답 전송됨 (크기: 45)"}
{"time":"2026-06-02T05:00:39.245Z","level":"DEBUG","tag":"service-server:WebSocketHandler","msg":"요청 수신됨 [object Object]"}
{"time":"2026-06-02T05:00:39.246Z","level":"DEBUG","tag":"mysql-db-conn","msg":"쿼리 실행 [object Object]"}
{"time":"2026-06-02T05:00:39.249Z","level":"DEBUG","tag":"service-server:WebSocketHandler","msg":"응답 전송됨 (크기: 2804)"}
{"time":"2026-06-02T05:00:39.253Z","level":"DEBUG","tag":"service-server:WebSocketHandler","msg":"요청 수신됨 [object Object]"}
{"time":"2026-06-02T05:00:39.254Z","level":"DEBUG","tag":"mysql-db-conn","msg":"쿼리 실행 [object Object]"}
{"time":"2026-06-02T05:00:39.257Z","level":"DEBUG","tag":"service-server:WebSocketHandler","msg":"응답 전송됨 (크기: 45)"}
{"time":"2026-06-02T05:00:39.262Z","level":"DEBUG","tag":"service-server:WebSocketHandler","msg":"요청 수신됨 [object Object]"}
{"time":"2026-06-02T05:00:39.262Z","level":"DEBUG","tag":"mysql-db-conn","msg":"쿼리 실행 [object Object]"}
{"time":"2026-06-02T05:00:39.274Z","level":"DEBUG","tag":"service-server:WebSocketHandler","msg":"응답 전송됨 (크기: 32518)"}
{"time":"2026-06-02T05:00:39.284Z","level":"DEBUG","tag":"service-server:WebSocketHandler","msg":"요청 수신됨 [object Object]"}
{"time":"2026-06-02T05:00:39.284Z","level":"DEBUG","tag":"mysql-db-conn","msg":"쿼리 실행 [object Object]"}
{"time":"2026-06-02T05:00:39.348Z","level":"DEBUG","tag":"service-server:WebSocketHandler","msg":"응답 전송됨 (크기: 774820)"}
{"time":"2026-06-02T05:00:39.482Z","level":"DEBUG","tag":"service-server:WebSocketHandler","msg":"요청 수신됨 [object Object]"}
{"time":"2026-06-02T05:00:39.483Z","level":"DEBUG","tag":"mysql-db-conn","msg":"쿼리 실행 [object Object]"}
{"time":"2026-06-02T05:00:39.547Z","level":"DEBUG","tag":"service-server:WebSocketHandler","msg":"응답 전송됨 (크기: 247071)"}
{"time":"2026-06-02T05:00:39.584Z","level":"DEBUG","tag":"service-server:WebSocketHandler","msg":"요청 수신됨 [object Object]"}
{"time":"2026-06-02T05:00:39.585Z","level":"DEBUG","tag":"mysql-db-conn","msg":"쿼리 실행 [object Object]"}
{"time":"2026-06-02T05:00:39.587Z","level":"DEBUG","tag":"service-server:WebSocketHandler","msg":"응답 전송됨 (크기: 6815)"}
{"time":"2026-06-02T05:00:39.592Z","level":"DEBUG","tag":"service-server:WebSocketHandler","msg":"요청 수신됨 [object Object]"}
{"time":"2026-06-02T05:00:39.593Z","level":"DEBUG","tag":"service-server:WebSocketHandler","msg":"응답 전송됨 (크기: 45)"}
{"time":"2026-06-02T05:00:39.596Z","level":"DEBUG","tag":"service-server:WebSocketHandler","msg":"요청 수신됨 [object Object]"}
{"time":"2026-06-02T05:00:39.597Z","level":"DEBUG","tag":"service-server:WebSocketHandler","msg":"응답 전송됨 (크기: 45)"}
{"time":"2026-06-02T05:00:47.437Z","level":"DEBUG","tag":"service-server:WebSocketHandler","msg":"요청 수신됨 [object Object]"}
{"time":"2026-06-02T05:00:47.438Z","level":"DEBUG","tag":"service-server:WebSocketHandler","msg":"응답 전송됨 (크기: 79)"}
{"time":"2026-06-02T05:00:47.439Z","level":"DEBUG","tag":"service-server:WebSocketHandler","msg":"요청 수신됨 [object Object]"}
{"time":"2026-06-02T05:00:47.439Z","level":"DEBUG","tag":"service-server:WebSocketHandler","msg":"응답 전송됨 (크기: 79)"}
{"time":"2026-06-02T05:00:47.441Z","level":"DEBUG","tag":"service-server:WebSocketHandler","msg":"요청 수신됨 [object Object]"}
{"time":"2026-06-02T05:00:47.443Z","level":"DEBUG","tag":"service-server:WebSocketHandler","msg":"요청 수신됨 [object Object]"}
{"time":"2026-06-02T05:00:47.447Z","level":"DEBUG","tag":"service-server:WebSocketHandler","msg":"응답 전송됨 (크기: 42)"}
{"time":"2026-06-02T05:00:47.447Z","level":"DEBUG","tag":"service-server:WebSocketHandler","msg":"응답 전송됨 (크기: 42)"}
{"time":"2026-06-02T05:00:47.450Z","level":"DEBUG","tag":"service-server:WebSocketHandler","msg":"요청 수신됨 [object Object]"}
{"time":"2026-06-02T05:00:47.450Z","level":"DEBUG","tag":"service-server:WebSocketHandler","msg":"요청 수신됨 [object Object]"}
{"time":"2026-06-02T05:00:47.451Z","level":"DEBUG","tag":"service-server:WebSocketHandler","msg":"응답 전송됨 (크기: 45)"}
{"time":"2026-06-02T05:00:47.451Z","level":"DEBUG","tag":"service-server:WebSocketHandler","msg":"응답 전송됨 (크기: 45)"}
{"time":"2026-06-02T05:00:47.455Z","level":"DEBUG","tag":"service-server:WebSocketHandler","msg":"요청 수신됨 [object Object]"}
{"time":"2026-06-02T05:00:47.455Z","level":"DEBUG","tag":"mysql-db-conn","msg":"쿼리 실행 [object Object]"}
{"time":"2026-06-02T05:00:47.455Z","level":"DEBUG","tag":"service-server:WebSocketHandler","msg":"요청 수신됨 [object Object]"}
{"time":"2026-06-02T05:00:47.455Z","level":"DEBUG","tag":"mysql-db-conn","msg":"쿼리 실행 [object Object]"}
{"time":"2026-06-02T05:00:47.455Z","level":"DEBUG","tag":"service-server:WebSocketHandler","msg":"응답 전송됨 (크기: 45)"}
{"time":"2026-06-02T05:00:47.456Z","level":"DEBUG","tag":"service-server:WebSocketHandler","msg":"응답 전송됨 (크기: 54)"}
{"time":"2026-06-02T05:00:47.459Z","level":"DEBUG","tag":"service-server:WebSocketHandler","msg":"요청 수신됨 [object Object]"}
{"time":"2026-06-02T05:00:47.459Z","level":"DEBUG","tag":"service-server:WebSocketHandler","msg":"요청 수신됨 [object Object]"}
{"time":"2026-06-02T05:00:47.459Z","level":"DEBUG","tag":"mysql-db-conn","msg":"쿼리 실행 [object Object]"}
{"time":"2026-06-02T05:00:47.460Z","level":"DEBUG","tag":"service-server:WebSocketHandler","msg":"응답 전송됨 (크기: 45)"}
{"time":"2026-06-02T05:00:47.460Z","level":"DEBUG","tag":"service-server:WebSocketHandler","msg":"응답 전송됨 (크기: 45)"}
{"time":"2026-06-02T05:00:47.463Z","level":"DEBUG","tag":"service-server:WebSocketHandler","msg":"요청 수신됨 [object Object]"}
{"time":"2026-06-02T05:00:47.463Z","level":"DEBUG","tag":"service-server:WebSocketHandler","msg":"응답 전송됨 (크기: 45)"}
{"time":"2026-06-02T05:00:47.464Z","level":"DEBUG","tag":"service-server:WebSocketHandler","msg":"요청 수신됨 [object Object]"}
{"time":"2026-06-02T05:00:47.464Z","level":"DEBUG","tag":"mysql-db-conn","msg":"쿼리 실행 [object Object]"}
{"time":"2026-06-02T05:00:47.465Z","level":"DEBUG","tag":"service-server:WebSocketHandler","msg":"응답 전송됨 (크기: 45)"}
{"time":"2026-06-02T05:00:47.468Z","level":"DEBUG","tag":"service-server:WebSocketHandler","msg":"요청 수신됨 [object Object]"}
{"time":"2026-06-02T05:00:47.469Z","level":"DEBUG","tag":"service-server:WebSocketHandler","msg":"응답 전송됨 (크기: 45)"}
{"time":"2026-06-02T05:00:47.472Z","level":"DEBUG","tag":"service-server:WebSocketHandler","msg":"요청 수신됨 [object Object]"}
{"time":"2026-06-02T05:00:47.473Z","level":"DEBUG","tag":"service-server:WebSocketHandler","msg":"응답 전송됨 (크기: 45)"}
{"time":"2026-06-02T05:00:48.478Z","level":"DEBUG","tag":"service-server:WebSocketHandler","msg":"클라이언트 연결 해제됨: (code: 1001)"}
{"time":"2026-06-02T05:00:48.478Z","level":"DEBUG","tag":"service-server:OrmService","msg":"소켓 종료 감지: 열린 모든 DB 연결을 정리합니다."}
{"time":"2026-06-02T05:00:49.172Z","level":"DEBUG","tag":"service-server:WebSocketHandler","msg":"클라이언트 연결됨 [object Object]"}
{"time":"2026-06-02T05:00:49.197Z","level":"DEBUG","tag":"service-server:WebSocketHandler","msg":"요청 수신됨 [object Object]"}
{"time":"2026-06-02T05:00:49.201Z","level":"DEBUG","tag":"mysql-db-conn","msg":"쿼리 실행 [object Object]"}
{"time":"2026-06-02T05:00:49.210Z","level":"DEBUG","tag":"service-server:WebSocketHandler","msg":"응답 전송됨 (크기: 6015)"}
{"time":"2026-06-02T05:00:49.214Z","level":"DEBUG","tag":"service-server:WebSocketHandler","msg":"요청 수신됨 [object Object]"}
{"time":"2026-06-02T05:00:49.215Z","level":"DEBUG","tag":"service-server:WebSocketHandler","msg":"응답 전송됨 (크기: 40)"}
{"time":"2026-06-02T05:00:49.219Z","level":"DEBUG","tag":"service-server:WebSocketHandler","msg":"요청 수신됨 [object Object]"}
{"time":"2026-06-02T05:00:49.219Z","level":"DEBUG","tag":"service-server:WebSocketHandler","msg":"응답 전송됨 (크기: 40)"}
{"time":"2026-06-02T05:00:49.223Z","level":"DEBUG","tag":"service-server:WebSocketHandler","msg":"요청 수신됨 [object Object]"}
{"time":"2026-06-02T05:00:49.223Z","level":"DEBUG","tag":"service-server:WebSocketHandler","msg":"응답 전송됨 (크기: 79)"}
{"time":"2026-06-02T05:00:49.227Z","level":"DEBUG","tag":"service-server:WebSocketHandler","msg":"요청 수신됨 [object Object]"}
{"time":"2026-06-02T05:00:49.228Z","level":"DEBUG","tag":"service-server:WebSocketHandler","msg":"응답 전송됨 (크기: 42)"}
{"time":"2026-06-02T05:00:49.233Z","level":"DEBUG","tag":"service-server:WebSocketHandler","msg":"요청 수신됨 [object Object]"}
{"time":"2026-06-02T05:00:49.233Z","level":"DEBUG","tag":"mysql-db-conn","msg":"쿼리 실행 [object Object]"}
{"time":"2026-06-02T05:00:49.234Z","level":"DEBUG","tag":"service-server:WebSocketHandler","msg":"응답 전송됨 (크기: 68)"}
{"time":"2026-06-02T05:00:49.238Z","level":"DEBUG","tag":"service-server:WebSocketHandler","msg":"요청 수신됨 [object Object]"}
{"time":"2026-06-02T05:00:49.238Z","level":"DEBUG","tag":"mysql-db-conn","msg":"쿼리 실행 [object Object]"}
{"time":"2026-06-02T05:00:49.238Z","level":"DEBUG","tag":"service-server:WebSocketHandler","msg":"응답 전송됨 (크기: 142)"}
{"time":"2026-06-02T05:00:49.243Z","level":"DEBUG","tag":"service-server:WebSocketHandler","msg":"요청 수신됨 [object Object]"}
{"time":"2026-06-02T05:00:49.243Z","level":"DEBUG","tag":"service-server:WebSocketHandler","msg":"응답 전송됨 (크기: 45)"}
{"time":"2026-06-02T05:00:49.270Z","level":"DEBUG","tag":"service-server:WebSocketHandler","msg":"요청 수신됨 [object Object]"}
{"time":"2026-06-02T05:00:49.270Z","level":"DEBUG","tag":"service-server:WebSocketHandler","msg":"응답 전송됨 (크기: 79)"}
{"time":"2026-06-02T05:00:49.271Z","level":"DEBUG","tag":"service-server:WebSocketHandler","msg":"요청 수신됨 [object Object]"}
{"time":"2026-06-02T05:00:49.272Z","level":"DEBUG","tag":"service-server:WebSocketHandler","msg":"응답 전송됨 (크기: 79)"}
{"time":"2026-06-02T05:00:49.274Z","level":"DEBUG","tag":"service-server:WebSocketHandler","msg":"요청 수신됨 [object Object]"}
{"time":"2026-06-02T05:00:49.274Z","level":"DEBUG","tag":"service-server:WebSocketHandler","msg":"요청 수신됨 [object Object]"}
{"time":"2026-06-02T05:00:49.282Z","level":"DEBUG","tag":"service-server:WebSocketHandler","msg":"응답 전송됨 (크기: 42)"}
{"time":"2026-06-02T05:00:49.283Z","level":"DEBUG","tag":"service-server:WebSocketHandler","msg":"응답 전송됨 (크기: 42)"}
{"time":"2026-06-02T05:00:49.287Z","level":"DEBUG","tag":"service-server:WebSocketHandler","msg":"요청 수신됨 [object Object]"}
{"time":"2026-06-02T05:00:49.288Z","level":"DEBUG","tag":"service-server:WebSocketHandler","msg":"요청 수신됨 [object Object]"}
{"time":"2026-06-02T05:00:49.290Z","level":"DEBUG","tag":"service-server:WebSocketHandler","msg":"응답 전송됨 (크기: 45)"}
{"time":"2026-06-02T05:00:49.290Z","level":"DEBUG","tag":"service-server:WebSocketHandler","msg":"응답 전송됨 (크기: 45)"}
{"time":"2026-06-02T05:00:49.294Z","level":"DEBUG","tag":"service-server:WebSocketHandler","msg":"요청 수신됨 [object Object]"}
{"time":"2026-06-02T05:00:49.294Z","level":"DEBUG","tag":"mysql-db-conn","msg":"쿼리 실행 [object Object]"}
{"time":"2026-06-02T05:00:49.295Z","level":"DEBUG","tag":"service-server:WebSocketHandler","msg":"요청 수신됨 [object Object]"}
{"time":"2026-06-02T05:00:49.295Z","level":"DEBUG","tag":"mysql-db-conn","msg":"쿼리 실행 [object Object]"}
{"time":"2026-06-02T05:00:49.296Z","level":"DEBUG","tag":"service-server:WebSocketHandler","msg":"응답 전송됨 (크기: 45)"}
{"time":"2026-06-02T05:00:49.297Z","level":"DEBUG","tag":"service-server:WebSocketHandler","msg":"응답 전송됨 (크기: 54)"}
{"time":"2026-06-02T05:00:49.300Z","level":"DEBUG","tag":"service-server:WebSocketHandler","msg":"요청 수신됨 [object Object]"}
{"time":"2026-06-02T05:00:49.301Z","level":"DEBUG","tag":"service-server:WebSocketHandler","msg":"요청 수신됨 [object Object]"}
{"time":"2026-06-02T05:00:49.301Z","level":"DEBUG","tag":"mysql-db-conn","msg":"쿼리 실행 [object Object]"}
{"time":"2026-06-02T05:00:49.302Z","level":"DEBUG","tag":"service-server:WebSocketHandler","msg":"응답 전송됨 (크기: 45)"}
{"time":"2026-06-02T05:00:49.303Z","level":"DEBUG","tag":"service-server:WebSocketHandler","msg":"응답 전송됨 (크기: 45)"}
{"time":"2026-06-02T05:00:49.306Z","level":"DEBUG","tag":"service-server:WebSocketHandler","msg":"요청 수신됨 [object Object]"}
{"time":"2026-06-02T05:00:49.306Z","level":"DEBUG","tag":"service-server:WebSocketHandler","msg":"응답 전송됨 (크기: 45)"}
{"time":"2026-06-02T05:00:49.307Z","level":"DEBUG","tag":"service-server:WebSocketHandler","msg":"요청 수신됨 [object Object]"}
{"time":"2026-06-02T05:00:49.307Z","level":"DEBUG","tag":"mysql-db-conn","msg":"쿼리 실행 [object Object]"}
{"time":"2026-06-02T05:00:49.308Z","level":"DEBUG","tag":"service-server:WebSocketHandler","msg":"응답 전송됨 (크기: 45)"}
{"time":"2026-06-02T05:00:49.312Z","level":"DEBUG","tag":"service-server:WebSocketHandler","msg":"요청 수신됨 [object Object]"}
{"time":"2026-06-02T05:00:49.313Z","level":"DEBUG","tag":"service-server:WebSocketHandler","msg":"응답 전송됨 (크기: 45)"}
{"time":"2026-06-02T05:00:49.317Z","level":"DEBUG","tag":"service-server:WebSocketHandler","msg":"요청 수신됨 [object Object]"}
{"time":"2026-06-02T05:00:49.317Z","level":"DEBUG","tag":"service-server:WebSocketHandler","msg":"응답 전송됨 (크기: 45)"}
{"time":"2026-06-02T05:00:49.502Z","level":"DEBUG","tag":"service-server:WebSocketHandler","msg":"클라이언트 연결됨 [object Object]"}
{"time":"2026-06-02T05:00:49.517Z","level":"DEBUG","tag":"service-server:WebSocketHandler","msg":"요청 수신됨 [object Object]"}
{"time":"2026-06-02T05:00:49.519Z","level":"DEBUG","tag":"service-server:WebSocketHandler","msg":"응답 전송됨 (크기: 40)"}
{"time":"2026-06-02T05:01:15.861Z","level":"DEBUG","tag":"service-server:WebSocketHandler","msg":"클라이언트 연결 해제됨: (code: 1005)"}
{"time":"2026-06-02T05:01:21.332Z","level":"DEBUG","tag":"service-server:WebSocketHandler","msg":"클라이언트 연결됨 [object Object]"}
{"time":"2026-06-02T05:01:21.340Z","level":"DEBUG","tag":"service-server:WebSocketHandler","msg":"요청 수신됨 [object Object]"}
{"time":"2026-06-02T05:01:21.341Z","level":"DEBUG","tag":"service-server:WebSocketHandler","msg":"응답 전송됨 (크기: 40)"}
{"time":"2026-06-02T05:01:23.459Z","level":"DEBUG","tag":"service-server:WebSocketHandler","msg":"요청 수신됨 [object Object]"}
{"time":"2026-06-02T05:01:23.466Z","level":"DEBUG","tag":"mysql-db-conn","msg":"쿼리 실행 [object Object]"}
{"time":"2026-06-02T05:01:23.486Z","level":"DEBUG","tag":"service-server:WebSocketHandler","msg":"응답 전송됨 (크기: 5594)"}
{"time":"2026-06-02T05:01:23.498Z","level":"DEBUG","tag":"service-server:WebSocketHandler","msg":"요청 수신됨 [object Object]"}
{"time":"2026-06-02T05:01:23.500Z","level":"DEBUG","tag":"service-server:WebSocketHandler","msg":"응답 전송됨 (크기: 40)"}
{"time":"2026-06-02T05:01:23.506Z","level":"DEBUG","tag":"service-server:WebSocketHandler","msg":"요청 수신됨 [object Object]"}
{"time":"2026-06-02T05:01:23.507Z","level":"DEBUG","tag":"service-server:WebSocketHandler","msg":"응답 전송됨 (크기: 40)"}
{"time":"2026-06-02T05:01:23.514Z","level":"DEBUG","tag":"service-server:WebSocketHandler","msg":"요청 수신됨 [object Object]"}
{"time":"2026-06-02T05:01:23.515Z","level":"DEBUG","tag":"service-server:WebSocketHandler","msg":"응답 전송됨 (크기: 40)"}
{"time":"2026-06-02T05:01:23.525Z","level":"DEBUG","tag":"service-server:WebSocketHandler","msg":"요청 수신됨 [object Object]"}
{"time":"2026-06-02T05:01:23.532Z","level":"DEBUG","tag":"mysql-db-conn","msg":"쿼리 실행 [object Object]"}
{"time":"2026-06-02T05:01:23.565Z","level":"DEBUG","tag":"service-server:WebSocketHandler","msg":"응답 전송됨 (크기: 5594)"}
{"time":"2026-06-02T05:01:23.577Z","level":"DEBUG","tag":"service-server:WebSocketHandler","msg":"요청 수신됨 [object Object]"}
{"time":"2026-06-02T05:01:23.578Z","level":"DEBUG","tag":"service-server:WebSocketHandler","msg":"응답 전송됨 (크기: 40)"}
{"time":"2026-06-02T05:01:23.585Z","level":"DEBUG","tag":"service-server:WebSocketHandler","msg":"요청 수신됨 [object Object]"}
{"time":"2026-06-02T05:01:23.585Z","level":"DEBUG","tag":"service-server:WebSocketHandler","msg":"응답 전송됨 (크기: 40)"}
{"time":"2026-06-02T05:01:23.593Z","level":"DEBUG","tag":"service-server:WebSocketHandler","msg":"요청 수신됨 [object Object]"}
{"time":"2026-06-02T05:01:23.593Z","level":"DEBUG","tag":"service-server:WebSocketHandler","msg":"응답 전송됨 (크기: 40)"}
{"time":"2026-06-02T05:01:23.599Z","level":"DEBUG","tag":"service-server:WebSocketHandler","msg":"요청 수신됨 [object Object]"}
{"time":"2026-06-02T05:01:23.600Z","level":"DEBUG","tag":"service-server:WebSocketHandler","msg":"응답 전송됨 (크기: 79)"}
{"time":"2026-06-02T05:01:23.608Z","level":"DEBUG","tag":"service-server:WebSocketHandler","msg":"요청 수신됨 [object Object]"}
{"time":"2026-06-02T05:01:23.609Z","level":"DEBUG","tag":"service-server:WebSocketHandler","msg":"응답 전송됨 (크기: 42)"}
{"time":"2026-06-02T05:01:23.624Z","level":"DEBUG","tag":"service-server:WebSocketHandler","msg":"요청 수신됨 [object Object]"}
{"time":"2026-06-02T05:01:23.624Z","level":"DEBUG","tag":"mysql-db-conn","msg":"쿼리 실행 [object Object]"}
{"time":"2026-06-02T05:01:23.626Z","level":"DEBUG","tag":"service-server:WebSocketHandler","msg":"응답 전송됨 (크기: 68)"}
{"time":"2026-06-02T05:01:23.634Z","level":"DEBUG","tag":"service-server:WebSocketHandler","msg":"요청 수신됨 [object Object]"}
{"time":"2026-06-02T05:01:23.634Z","level":"DEBUG","tag":"mysql-db-conn","msg":"쿼리 실행 [object Object]"}
{"time":"2026-06-02T05:01:23.636Z","level":"DEBUG","tag":"service-server:WebSocketHandler","msg":"응답 전송됨 (크기: 142)"}
{"time":"2026-06-02T05:01:23.642Z","level":"DEBUG","tag":"service-server:WebSocketHandler","msg":"요청 수신됨 [object Object]"}
{"time":"2026-06-02T05:01:23.643Z","level":"DEBUG","tag":"service-server:WebSocketHandler","msg":"응답 전송됨 (크기: 45)"}
